fotograma,captura_ms,grabacion_ms,estimacion_pose_ms,analisis_ms,renderizado_ms,persistencia_ms,panel_ms,despliegue_ms,total_ms
0,58.771,0.448,17.675,1.288,0.969,2.530,0.003,39.351,116.251
1,7.694,0.968,12.601,0.144,0.184,0.600,0.003,8.515,29.783
2,6.018,0.595,11.167,0.124,0.142,0.651,0.002,8.437,26.221
3,7.049,0.544,10.938,0.122,0.142,0.002,0.002,8.324,26.858
4,5.336,0.565,11.355,0.111,0.142,0.002,0.002,8.635,25.894
5,4.255,0.127,11.386,0.111,0.140,0.002,0.002,8.229,24.001
6,6.167,0.414,10.696,0.103,0.141,0.002,0.002,8.435,25.715
7,5.374,0.341,11.142,0.129,0.150,0.002,0.003,8.325,25.188
8,8.856,1.663,17.534,0.117,0.151,0.002,0.001,8.749,36.806
9,5.829,0.175,11.314,0.116,0.149,0.002,0.002,8.230,25.551
10,4.482,0.128,10.440,0.131,0.172,0.877,0.001,8.194,23.246
11,5.233,33.872,11.375,0.086,0.165,0.002,0.001,8.438,58.922
12,5.114,2.352,10.943,0.106,0.156,0.002,0.002,8.126,26.538
13,5.149,2.073,10.490,0.158,0.158,0.002,0.001,8.441,26.155
14,5.373,1.992,10.658,0.126,0.158,0.002,0.004,8.026,26.054
15,5.417,1.909,10.576,0.127,0.157,0.002,0.001,7.972,25.877
16,5.536,1.771,10.750,0.127,0.160,0.002,0.002,8.184,26.243
17,6.204,2.316,11.003,0.128,0.160,0.002,0.001,8.067,27.592
18,4.944,1.946,10.880,0.127,0.159,0.002,0.001,8.179,25.952
19,4.446,1.949,10.808,0.136,0.161,0.002,0.001,8.040,25.246
20,4.917,2.026,10.438,0.115,0.158,0.002,0.001,8.182,25.566
21,4.507,1.868,10.576,0.115,0.158,0.002,0.001,8.150,25.103
22,4.272,1.762,10.608,0.123,0.158,0.002,0.002,8.209,24.854
23,5.390,2.263,10.569,0.141,0.164,0.003,0.001,8.163,26.387
24,4.053,1.898,11.279,0.132,0.157,0.002,0.002,8.194,25.427
25,7.735,2.173,12.664,0.120,0.156,0.002,0.002,8.216,30.790
26,5.294,2.114,11.176,0.118,0.157,0.002,0.001,8.188,26.775
27,5.298,1.956,10.339,0.115,0.156,0.002,0.001,8.183,25.779
28,5.224,2.086,36.030,0.123,0.159,0.002,18.790,8.037,74.955
29,4.238,2.023,17.276,0.125,0.157,0.002,3.835,8.422,36.724
30,4.037,1.818,17.050,0.120,0.165,0.002,0.001,8.249,31.156
31,4.096,1.440,26.128,0.126,0.159,0.002,0.495,8.147,41.226
32,4.111,1.821,16.847,0.122,0.152,0.002,0.488,8.053,31.587
33,5.228,2.331,16.561,0.129,0.161,0.002,0.499,8.050,32.924
34,4.032,1.474,16.320,0.156,0.163,0.002,0.531,8.181,30.792
35,4.816,1.996,16.391,0.157,0.160,0.002,0.489,8.151,32.089
36,4.150,1.780,17.422,0.157,0.158,0.003,0.002,8.128,31.483
37,4.033,1.800,10.791,0.170,0.161,0.002,0.001,8.092,24.718
38,4.106,3.027,10.378,0.169,0.159,0.002,0.001,8.079,25.593
39,4.099,1.803,10.279,0.162,0.159,0.002,0.001,8.143,24.327
40,4.073,1.804,10.679,0.159,0.161,0.002,0.002,8.150,24.709
41,4.170,1.862,10.769,0.159,0.159,0.002,0.001,8.382,25.186
42,4.539,1.991,11.075,0.184,0.160,0.003,0.002,8.329,25.937
43,5.553,1.873,12.545,0.166,0.159,0.002,0.002,7.628,27.602
44,4.456,1.876,11.628,0.160,0.158,0.002,0.001,8.263,26.225
45,4.100,2.043,10.663,0.149,0.156,0.002,0.002,8.193,25.001
46,4.394,1.887,12.507,0.173,0.205,0.698,0.002,8.508,27.298
47,4.713,1.817,11.146,0.160,0.198,0.002,0.001,8.387,26.066
48,5.536,2.976,12.026,0.163,0.206,0.002,0.001,8.380,28.922
49,4.272,1.915,11.127,0.172,0.199,0.579,0.002,8.232,25.549
50,4.340,2.197,12.374,0.158,0.195,0.002,0.001,8.313,27.227
51,4.300,1.887,10.878,0.155,0.183,0.002,0.002,8.317,25.385
52,4.614,2.106,13.748,0.153,0.189,0.002,0.002,8.450,28.919
53,4.865,2.526,11.757,0.152,0.188,0.002,0.001,8.309,27.460
54,4.739,2.113,12.790,0.163,0.190,0.002,0.002,8.309,27.955
55,4.361,1.855,10.862,0.152,0.186,0.002,0.001,8.302,25.384
56,5.112,2.080,14.209,0.158,0.190,0.002,0.002,8.293,29.697
57,4.830,2.829,12.250,0.155,0.189,0.002,0.002,8.456,28.369
58,4.222,2.055,13.113,0.154,0.189,0.002,0.002,8.283,27.675
59,5.558,2.317,11.766,0.148,0.184,0.002,0.002,8.286,27.930
60,5.045,2.071,15.607,0.160,0.189,0.002,0.001,8.331,31.056
61,4.766,2.526,32.085,0.152,0.185,0.002,0.002,8.276,47.656
62,4.207,2.062,28.417,0.151,0.185,0.002,0.586,8.268,43.822
63,4.688,2.359,19.810,0.154,0.180,0.002,0.594,8.583,36.305
64,4.781,2.221,20.620,0.157,0.174,0.707,0.541,8.258,36.690
65,4.579,2.075,16.825,0.160,0.180,0.002,0.002,8.941,32.422
66,4.277,1.504,12.427,0.152,0.186,0.002,0.001,8.444,26.655
67,5.078,2.151,11.085,0.152,0.189,0.002,0.002,8.273,26.590
68,4.982,2.044,12.783,0.155,0.190,1.361,0.002,8.389,28.200
69,5.019,2.242,13.177,0.151,0.192,0.002,0.002,8.589,29.031
70,4.550,1.550,17.168,0.154,0.192,0.002,0.002,8.355,31.625
71,4.939,1.980,10.962,0.148,0.156,0.666,0.002,8.471,26.354
72,5.047,1.984,12.712,0.156,0.153,0.002,0.002,8.271,28.017
73,4.583,2.071,12.657,0.236,0.175,0.614,0.003,8.296,27.611
74,4.756,1.541,13.465,0.151,0.152,0.580,0.002,8.353,28.120
75,4.683,1.907,10.665,0.143,0.144,0.002,0.001,8.304,25.561
76,4.487,1.989,11.726,0.159,0.157,0.003,0.003,8.326,26.533
77,4.833,2.087,13.111,0.148,0.147,0.002,0.002,8.254,28.287
78,4.634,2.105,14.059,0.143,0.149,0.002,0.002,8.450,29.251
79,4.401,1.612,11.285,0.139,0.157,0.002,0.001,8.255,25.556
80,4.488,2.673,12.042,0.145,0.149,0.002,0.002,8.247,27.453
81,4.920,2.380,15.925,0.144,0.152,0.002,0.002,8.337,31.566
82,4.304,1.824,12.772,0.138,0.144,0.739,0.002,8.592,27.494
83,4.635,1.805,11.579,0.136,0.146,0.002,0.003,8.644,26.667
84,11.958,4.387,21.552,0.140,0.147,0.002,0.002,11.773,49.675
85,14.230,3.488,19.579,0.139,0.148,0.002,0.002,8.465,45.765
86,8.662,2.312,26.961,0.142,0.152,0.717,0.004,8.664,46.606
87,4.658,2.082,11.229,0.149,0.152,0.002,0.001,8.296,26.268
88,5.034,2.141,19.122,0.139,0.147,0.002,0.002,8.548,34.848
89,4.754,2.787,11.464,0.138,0.150,0.002,0.001,8.310,27.318
90,4.410,2.115,11.526,0.138,0.151,0.002,0.002,8.261,26.314
91,6.407,2.740,12.717,0.136,0.149,0.002,0.002,8.456,30.324
92,4.392,1.960,12.682,0.136,0.151,0.002,0.003,8.281,27.320
93,4.643,2.453,11.659,0.137,0.152,0.002,0.002,8.305,27.062
94,4.914,1.957,12.854,0.141,0.154,0.002,0.001,8.405,28.131
95,4.341,2.320,10.820,0.138,0.152,0.002,0.001,8.305,25.788
96,4.504,2.015,12.766,0.143,0.151,0.002,0.001,8.278,27.566
97,5.489,2.070,12.232,0.136,0.151,0.002,0.002,8.425,28.219
98,4.441,2.060,13.966,0.294,0.180,0.002,0.001,8.325,28.795
99,4.208,1.914,10.749,0.135,0.151,0.002,0.001,8.216,25.090
100,14.870,2.374,12.006,0.148,0.152,0.002,0.002,8.446,37.700
101,4.632,2.301,11.158,0.136,0.151,0.002,0.002,8.350,26.445
102,4.625,2.174,12.053,0.142,0.170,0.002,0.002,8.321,27.176
103,4.434,1.913,10.798,0.140,0.154,0.002,0.001,8.270,25.417
104,4.380,2.021,11.918,0.136,0.148,0.002,0.002,8.587,26.908
105,6.648,2.014,10.782,0.138,0.149,0.002,0.001,8.231,27.677
106,4.446,1.947,12.037,0.138,0.153,0.002,0.002,8.367,26.800
107,4.706,1.948,10.750,0.134,0.152,0.002,0.001,8.347,25.753
108,7.581,1.966,12.073,0.148,0.151,0.003,0.003,8.391,30.016
109,5.068,3.079,12.285,0.135,0.150,0.002,0.002,8.430,28.866
110,4.604,1.993,14.473,0.148,0.151,0.002,0.001,8.586,29.659
111,4.461,1.898,10.778,0.146,0.153,0.002,0.001,8.267,25.405
112,4.580,2.010,13.411,0.136,0.155,0.002,0.002,8.317,28.322
113,4.228,1.973,11.483,0.137,0.155,0.002,0.001,8.256,25.943
114,4.589,2.303,11.053,0.136,0.154,0.002,0.002,8.238,26.185
115,4.356,2.174,10.816,0.137,0.148,0.002,0.002,8.297,25.646
116,5.600,2.283,14.787,0.135,0.154,0.002,0.002,8.286,30.959
117,4.378,2.489,10.628,0.137,0.180,1.253,0.001,8.268,25.765
118,4.605,2.511,11.096,0.142,0.177,0.003,0.002,8.436,26.651
119,4.510,3.514,10.920,0.139,0.180,0.002,0.001,8.344,27.291
120,9.847,5.436,62.873,0.141,0.179,0.002,0.003,9.217,87.379
121,5.098,2.894,11.435,0.139,0.179,0.002,0.004,9.047,28.480
122,4.865,2.371,11.342,0.144,0.177,0.002,0.001,8.303,26.884
123,5.282,4.164,12.446,0.145,0.176,0.002,0.003,8.381,30.278
124,4.160,2.275,13.280,0.148,0.180,0.003,0.002,8.393,28.110
125,4.270,2.318,10.743,0.143,0.184,0.002,0.002,8.239,25.573
126,5.579,2.209,11.813,0.141,0.184,0.002,0.001,8.265,27.869
127,5.127,2.510,11.658,0.133,0.180,0.002,0.002,8.622,27.920
128,4.381,2.415,11.764,0.140,0.181,0.003,0.003,8.328,26.894
129,4.396,2.526,10.699,0.138,0.176,0.002,0.001,8.290,25.913
130,5.217,2.245,11.177,0.155,0.182,0.002,0.001,8.298,26.940
131,4.549,2.340,11.275,0.133,0.173,0.002,0.001,8.285,26.452
132,4.180,1.982,12.242,0.139,0.184,0.002,0.001,8.588,26.995
133,4.547,2.297,14.951,0.144,0.178,0.002,0.002,9.630,31.428
134,4.903,2.263,11.026,0.137,0.177,0.003,0.002,8.375,26.570
135,5.247,2.205,10.935,0.205,0.173,0.003,0.001,9.187,27.576
136,4.312,1.987,12.825,0.135,0.175,0.002,0.002,8.328,27.454
137,4.357,1.924,10.884,0.136,0.168,0.002,0.001,8.241,25.407
138,4.937,2.425,11.276,0.137,0.174,0.002,0.002,8.270,26.910
139,8.249,2.086,10.685,0.133,0.163,0.002,0.002,8.286,29.308
140,4.821,1.843,11.034,0.145,0.165,0.002,0.002,8.310,26.011
141,4.489,1.962,10.870,0.137,0.178,0.002,0.002,8.339,25.664
142,5.093,2.207,11.095,0.141,0.178,0.002,0.001,8.271,26.668
143,4.965,2.013,10.995,0.136,0.171,0.004,0.002,8.316,26.292
144,4.388,2.188,12.095,0.135,0.176,0.002,0.001,8.529,27.201
145,4.432,1.922,11.267,0.136,0.176,0.002,0.001,8.279,25.902
146,5.255,1.992,11.315,0.136,0.178,0.002,0.002,8.415,26.980
147,6.228,2.264,42.342,0.136,0.179,0.003,0.004,8.277,59.117
148,4.174,1.786,29.034,0.136,0.178,0.002,0.644,8.202,45.021
149,4.328,2.006,17.540,0.137,0.177,0.002,0.002,8.266,32.144
150,4.457,2.037,31.458,0.139,0.165,1.437,0.522,8.199,46.928
151,4.193,2.344,17.245,0.134,0.160,0.002,0.532,7.550,32.129
152,4.245,1.626,21.034,0.138,0.157,0.002,0.534,8.244,36.002
153,4.287,1.953,17.537,0.138,0.162,0.002,0.538,8.258,32.860
154,5.042,1.949,19.053,0.156,0.158,0.002,0.521,8.468,35.319
155,4.779,2.164,17.185,0.134,0.158,0.002,0.517,8.286,33.222
156,4.645,1.610,20.573,0.135,0.164,0.002,0.514,8.297,35.931
157,4.406,1.683,17.980,0.134,0.164,0.002,0.516,8.238,33.112
158,5.044,1.958,22.203,0.135,0.159,0.002,0.540,8.251,38.296
159,5.042,1.991,17.388,0.139,0.159,0.002,0.532,8.248,33.477
160,4.229,1.738,19.472,0.132,0.153,0.002,0.517,8.318,34.551
161,4.479,2.076,17.682,0.138,0.161,0.002,0.528,8.275,33.324
162,4.469,2.117,18.567,0.136,0.159,0.002,0.551,8.282,34.295
163,4.847,3.228,17.205,0.137,0.163,0.003,0.514,8.222,34.308
164,4.610,1.623,21.950,0.136,0.164,0.002,0.518,8.242,37.222
165,4.302,1.796,17.476,0.139,0.162,0.002,0.528,8.233,32.612
166,4.341,1.870,18.257,0.144,0.166,0.002,0.543,8.287,33.573
167,4.335,1.931,18.438,0.150,0.172,0.003,0.515,8.368,33.872
168,4.428,1.846,20.818,0.149,0.169,0.002,0.518,8.296,36.190
169,4.360,1.686,19.572,0.136,0.172,0.002,0.513,8.296,34.715
170,6.769,2.284,25.250,0.141,0.173,0.002,0.559,8.235,43.386
171,4.509,2.077,17.595,0.133,0.169,0.002,0.509,8.462,33.429
172,4.764,1.824,22.310,0.135,0.172,0.003,0.562,8.330,38.085
173,4.391,1.606,17.372,0.134,0.179,0.002,0.002,8.308,31.681
174,4.842,1.625,30.829,0.136,0.170,0.002,0.518,8.511,46.646
175,4.544,4.160,19.323,0.136,0.161,0.002,0.535,8.627,37.509
176,6.702,1.853,21.214,0.136,0.163,0.857,0.541,8.419,39.048
177,4.661,1.877,17.684,0.134,0.160,0.002,0.522,8.397,33.474
178,4.585,2.336,22.125,0.143,0.163,0.002,0.520,8.398,38.295
179,5.251,2.033,18.215,0.131,0.161,0.002,0.517,8.281,34.621
180,5.294,2.213,19.863,0.144,0.159,0.002,0.534,8.322,36.551
181,6.978,1.909,19.137,0.141,0.163,0.003,0.536,8.333,37.215
182,5.881,1.886,19.176,0.144,0.160,0.002,0.553,8.509,36.354
183,4.971,1.948,19.069,0.134,0.159,0.002,0.560,8.319,35.196
184,4.503,1.885,20.647,0.144,0.163,0.002,0.531,8.329,36.217
185,4.846,1.672,18.127,0.152,0.159,0.002,0.519,8.299,33.769
186,4.758,1.643,19.060,0.135,0.171,0.003,0.527,8.250,35.314
187,4.472,1.885,17.500,0.140,0.160,0.002,0.526,8.305,33.050
188,4.428,1.633,20.620,0.138,0.160,0.002,0.532,8.291,35.876
189,4.261,1.516,18.115,0.133,0.168,0.002,5.860,8.260,38.963
190,4.792,1.923,19.670,0.137,0.167,0.002,0.517,8.227,35.485
191,5.263,1.701,17.115,0.135,0.161,0.002,0.507,8.154,33.081
192,4.789,1.659,21.869,0.139,0.159,0.002,0.527,8.191,37.381
193,4.349,1.802,19.536,0.136,0.161,0.002,0.533,8.305,34.868
194,4.948,1.901,20.733,0.133,0.172,0.792,0.557,8.202,36.697
195,4.595,2.008,17.356,0.147,0.177,0.002,0.509,8.284,33.094
196,4.419,1.857,20.469,0.136,0.174,0.002,0.533,8.289,35.917
197,4.638,1.928,18.081,0.136,0.183,0.990,0.506,8.238,33.739
198,4.685,1.642,19.427,0.134,0.177,0.002,0.524,8.189,34.813
199,5.006,1.981,17.701,0.127,0.178,0.002,0.511,8.214,33.747
200,4.286,1.914,20.189,0.132,0.180,0.003,0.528,8.224,35.494
201,4.335,1.511,17.827,0.134,0.187,0.002,0.516,8.259,32.789
202,4.472,1.635,19.404,0.136,0.180,0.002,0.509,8.267,34.625
203,5.170,1.698,19.855,0.131,0.172,0.002,0.530,8.247,35.837
204,4.278,2.465,19.105,0.133,0.173,0.002,6.780,8.281,41.949
205,4.441,1.852,18.590,0.140,0.181,0.002,0.522,8.345,34.093
206,4.669,1.912,20.565,0.135,0.180,0.003,0.532,8.503,36.523
207,4.760,1.795,19.610,0.134,0.183,0.002,0.529,8.270,35.309
208,4.292,1.928,22.184,0.135,0.174,0.002,8.955,8.298,47.365
209,4.539,1.770,17.847,0.137,0.180,0.002,0.523,8.276,33.301
210,4.955,1.663,19.709,0.136,0.183,0.002,0.532,8.333,35.542
211,4.915,2.156,18.177,0.133,0.177,0.002,0.537,8.247,35.004
212,5.919,1.942,22.596,0.141,0.180,0.002,0.536,8.422,39.728
213,4.804,2.243,17.877,0.135,0.184,0.002,10.133,8.272,44.356
214,4.475,1.985,20.153,0.144,0.181,0.003,0.545,8.482,36.525
215,4.525,1.824,19.736,0.135,0.180,0.002,0.537,8.288,35.199
216,4.625,1.751,23.811,0.135,0.176,0.002,0.557,8.251,39.314
217,4.482,1.868,19.149,0.133,0.179,0.002,0.547,8.327,34.671
218,4.846,1.690,19.169,0.137,0.179,0.002,0.536,8.257,34.794
219,5.431,1.658,17.818,0.136,0.174,0.002,0.546,8.232,33.985
220,4.380,1.730,20.321,0.134,0.178,0.002,0.542,8.262,35.531
221,4.299,1.700,18.208,0.149,0.200,0.002,0.534,8.384,33.425
222,4.467,1.769,19.653,0.135,0.180,0.002,10.392,8.320,45.624
223,5.042,1.720,17.948,0.137,0.177,0.002,0.532,8.323,33.850
224,4.639,1.635,20.042,0.134,0.179,0.002,0.524,8.190,35.319
225,4.165,1.805,17.899,0.133,0.179,0.002,0.515,8.205,32.880
226,4.994,1.805,20.062,0.135,0.182,0.002,11.323,8.368,47.565
227,4.613,1.732,21.237,0.131,0.172,0.002,0.574,8.412,36.872
228,5.307,1.578,23.139,0.135,0.172,0.002,0.580,8.379,39.273
229,4.979,2.053,19.543,0.134,0.181,0.002,0.536,8.251,35.655
230,7.102,1.682,20.080,0.152,0.179,0.003,0.547,8.336,38.039
231,5.065,2.368,17.373,0.132,0.178,0.003,0.524,8.223,33.840
232,4.763,1.908,21.148,0.131,0.180,0.003,0.526,8.500,37.136
233,4.344,1.490,17.520,0.135,0.184,0.002,0.526,8.231,32.403
234,4.927,1.677,18.837,0.137,0.186,0.002,0.532,8.345,34.616
235,5.257,1.919,17.525,0.137,0.188,0.002,0.540,8.369,33.904
236,5.088,1.906,22.581,0.135,0.177,0.002,0.538,8.382,38.792
237,5.663,1.745,20.073,0.134,0.174,0.767,0.537,8.378,36.686
238,5.639,1.561,25.895,0.142,0.175,0.002,1.358,10.600,45.529
239,4.420,1.656,21.727,0.138,0.177,0.003,0.532,8.427,37.050
240,4.353,1.499,19.035,0.131,0.165,0.002,0.545,8.310,34.045
241,4.789,1.633,19.420,0.141,0.174,0.003,0.527,8.233,34.892
242,5.358,1.693,18.813,0.136,0.174,0.002,0.557,8.551,35.286
243,4.781,1.731,17.586,0.151,0.176,0.003,0.547,8.207,33.150
244,4.273,1.924,19.726,0.173,0.184,0.004,0.526,8.180,34.917
245,4.298,1.460,18.009,0.230,0.177,0.003,0.539,8.316,32.911
246,5.568,1.500,18.244,0.153,0.176,0.002,0.531,8.665,34.801
247,4.449,2.005,18.329,0.133,0.166,0.002,0.519,8.354,33.944
248,4.332,1.514,20.944,0.135,0.169,0.003,0.592,8.255,35.940
249,5.724,1.458,18.298,0.133,0.166,0.002,0.533,8.337,34.639
250,5.961,1.729,21.851,0.135,0.168,0.003,1.013,8.738,39.594
251,5.287,1.643,18.585,0.138,0.164,0.002,0.556,8.382,34.758
252,4.289,1.815,26.326,0.137,0.167,0.002,0.533,8.418,41.675
253,4.934,1.747,21.546,0.135,0.173,0.003,0.534,8.383,37.440
254,5.273,1.775,18.227,0.142,0.174,0.002,0.531,8.469,34.569
255,5.091,1.744,17.029,0.130,0.169,0.002,0.515,8.231,32.899
256,4.590,1.452,19.405,0.137,0.174,0.002,0.534,8.214,34.487
257,4.367,1.557,17.726,0.132,0.169,0.002,9.963,8.467,43.651
258,4.847,1.556,18.121,0.134,0.171,0.002,0.537,8.274,33.657
259,4.269,1.705,20.251,0.130,0.169,0.002,0.522,8.241,35.309
260,6.726,2.508,18.127,0.143,0.183,0.003,0.510,8.261,36.455
261,4.209,1.518,17.424,0.141,0.172,0.002,0.539,8.393,32.405
262,4.581,1.525,22.514,0.140,0.174,0.002,0.548,8.392,37.884
263,5.044,1.500,23.290,0.130,0.165,0.003,0.538,8.286,38.981
264,4.264,1.649,18.555,0.134,0.165,0.002,0.564,8.288,33.652
265,4.387,1.515,18.313,0.137,0.176,0.002,0.530,8.309,33.383
266,4.476,1.505,17.974,0.136,0.174,0.002,0.523,8.286,33.092
267,4.211,1.467,16.871,0.132,0.166,0.002,0.524,8.283,31.672
268,4.498,1.601,18.945,0.146,0.175,0.002,0.535,8.239,34.143
269,4.312,1.517,17.629,0.135,0.175,0.002,0.525,8.223,32.524
270,34.632,2.766,27.568,0.140,0.172,0.002,0.604,8.497,74.409
271,4.622,1.577,16.970,0.130,0.165,0.002,0.514,8.343,32.335
272,4.272,1.439,18.559,0.137,0.170,0.002,0.530,8.318,33.443
273,4.700,1.755,17.287,0.132,0.169,0.002,0.536,8.219,32.823
274,4.255,1.555,17.926,0.135,0.169,0.002,0.551,8.380,32.985
275,4.444,1.647,16.869,0.130,0.167,0.002,0.515,8.323,32.180
276,3.963,1.465,18.006,0.133,0.162,0.002,0.513,8.223,32.483
277,4.724,1.645,17.374,0.135,0.177,0.002,0.526,8.264,32.840
278,4.547,1.426,17.853,0.136,0.182,0.002,0.531,9.020,33.691
279,3.993,1.396,17.424,0.142,0.167,0.002,0.500,8.353,31.964
280,4.130,1.462,18.818,0.134,0.179,0.003,0.511,8.277,33.509
281,4.268,1.505,17.833,0.132,0.178,0.002,0.524,7.630,32.078
282,4.764,1.485,18.374,0.138,0.169,0.002,0.540,8.845,34.330
283,5.750,1.541,18.030,0.136,0.165,0.002,0.519,8.368,34.520
284,4.299,1.471,20.406,0.134,0.167,0.002,0.555,8.330,35.377
285,4.279,1.509,17.646,0.134,0.168,0.002,0.526,8.351,32.626
286,4.975,1.482,17.944,0.133,0.170,0.002,0.523,8.376,33.617
287,4.856,1.880,17.593,0.132,0.161,0.002,0.525,8.211,33.383
288,4.381,1.457,17.537,0.134,0.170,0.002,0.539,8.191,32.422
289,4.299,1.503,17.475,0.135,0.171,0.002,0.523,8.305,32.423
290,4.580,1.586,17.843,0.152,0.174,0.003,0.534,8.259,34.546
291,4.256,1.933,17.848,0.133,0.176,0.943,0.557,8.269,33.160
292,4.424,2.262,17.869,0.135,0.178,0.003,0.519,8.230,33.603
293,4.313,1.619,17.739,0.144,0.186,0.002,0.536,8.251,32.761
294,4.810,1.687,19.413,0.144,0.183,0.002,0.536,8.242,35.006
295,4.349,4.005,16.994,0.137,0.174,0.003,0.504,8.288,34.435
296,4.164,1.964,22.579,0.134,0.180,0.002,0.530,8.224,37.764
297,4.665,5.256,17.358,0.145,0.185,0.003,0.529,8.396,36.506
298,4.329,1.849,17.015,0.139,0.187,0.002,0.513,8.232,32.234
299,4.123,1.862,16.681,0.135,0.176,0.003,0.517,8.150,31.633
300,3.840,1.902,17.481,0.287,0.199,0.003,0.519,8.341,32.372
301,4.287,2.036,18.279,0.136,0.181,0.002,0.519,8.208,33.632
302,4.847,1.894,17.810,0.138,0.177,0.002,0.538,8.325,33.712
303,4.280,2.066,16.843,0.132,0.190,0.003,0.495,8.330,32.319
304,4.155,2.251,19.974,0.136,0.183,0.002,0.563,8.346,35.593
305,4.332,1.827,18.013,0.142,0.183,0.002,0.534,8.416,33.427
306,4.410,5.375,18.622,0.140,0.180,0.002,0.525,8.278,37.524
307,5.268,2.281,25.633,0.145,0.176,0.005,1.615,8.831,43.954
308,5.161,1.987,23.989,0.158,0.188,0.002,0.550,8.572,40.583
309,4.227,2.312,18.601,0.141,0.183,0.003,0.557,8.344,34.351
310,4.578,2.118,18.411,0.139,0.185,0.002,0.598,8.251,34.272
311,3.999,3.559,17.140,0.132,0.187,0.002,0.550,8.386,33.939
312,3.984,3.946,17.990,0.141,0.188,0.003,0.513,8.250,34.994
313,4.656,2.247,17.543,0.139,0.191,0.003,0.528,8.326,33.616
314,4.801,1.929,17.823,0.140,0.173,2.109,0.521,8.606,33.990
315,4.048,1.913,16.687,0.141,0.166,0.002,0.543,8.299,31.789
316,4.063,2.444,17.943,0.136,0.176,0.002,10.238,8.496,44.340
317,4.525,5.049,17.575,0.136,0.168,0.002,0.533,8.310,36.288
318,4.715,2.104,21.629,0.148,0.169,0.002,0.534,8.273,37.564
319,4.208,4.507,16.825,0.132,0.170,0.002,0.516,8.234,34.587
320,4.020,1.978,19.396,0.132,0.169,0.002,0.543,8.279,34.525
321,4.334,2.209,17.954,0.134,0.169,0.002,0.528,8.293,33.625
322,4.356,1.669,17.978,0.137,0.184,0.793,0.531,8.295,33.136
323,4.016,1.805,16.779,0.131,0.181,0.002,0.535,8.160,31.591
324,3.988,1.816,18.211,0.127,0.185,0.002,0.537,8.294,33.157
325,4.530,2.223,17.530,0.134,0.194,0.002,0.537,8.291,33.426
326,4.649,1.967,17.489,0.136,0.187,0.002,0.534,8.317,33.266
327,4.085,1.853,16.793,0.125,0.188,0.002,0.517,8.210,31.762
328,3.977,1.987,18.937,0.128,0.182,0.002,0.547,8.314,34.063
329,4.940,2.064,17.375,0.139,0.190,0.002,0.517,8.366,33.567
330,4.376,1.987,17.435,0.142,0.196,0.003,0.538,8.259,32.902
331,3.994,3.672,16.633,0.128,0.187,0.002,0.513,8.217,33.328
332,4.252,1.880,19.023,0.135,0.188,0.002,0.512,8.292,34.261
333,4.313,2.018,17.239,0.128,0.166,0.901,0.523,8.189,32.580
334,4.637,1.858,17.380,0.146,0.201,0.722,0.522,8.315,33.809
335,4.025,1.736,17.044,0.133,0.185,0.002,0.520,8.121,31.773
336,4.237,1.803,18.059,0.138,0.186,0.002,0.533,8.193,33.137
337,4.196,1.873,17.742,0.132,0.184,0.002,9.949,8.316,43.386
338,4.979,1.475,17.645,0.135,0.169,0.771,0.514,8.230,33.156
339,4.342,1.883,16.795,0.128,0.162,0.002,0.510,8.404,32.242
340,4.246,1.834,17.928,0.127,0.164,0.002,0.516,8.166,33.005
341,4.182,1.879,17.392,0.133,0.167,0.002,0.540,8.238,32.556
342,4.713,1.927,17.398,0.136,0.174,0.002,0.519,8.202,33.077
343,4.534,2.060,16.693,0.134,0.165,0.003,0.508,8.246,32.347
344,3.974,1.878,18.380,0.138,0.168,0.002,0.548,8.223,33.312
345,4.261,1.998,17.665,0.133,0.170,0.002,0.526,8.288,33.063
346,5.226,1.889,18.057,0.144,0.178,0.002,0.536,8.252,34.280
347,4.262,1.677,17.195,0.130,0.172,0.002,0.513,8.286,32.253
348,4.137,1.629,18.471,0.131,0.178,0.002,0.507,8.228,33.284
349,4.285,1.654,17.437,0.137,0.181,0.002,0.542,8.343,32.582
350,4.796,1.452,18.616,0.136,0.174,0.002,0.534,8.235,33.955
351,4.350,1.806,17.426,0.134,0.169,0.002,0.525,8.245,32.664
352,4.032,1.417,17.702,0.134,0.177,0.003,0.541,8.213,32.230
353,4.195,1.464,17.367,0.132,0.185,0.002,0.524,8.260,32.134
354,5.428,1.533,20.632,0.132,0.174,0.002,0.564,8.393,36.879
355,4.662,1.768,17.356,0.128,0.169,0.002,0.538,8.249,32.892
356,4.510,1.709,19.581,0.128,0.166,0.002,0.529,8.245,34.888
357,4.268,1.468,17.385,0.135,0.175,0.002,0.524,8.269,32.229
358,5.222,1.620,18.154,0.137,0.178,1.146,0.524,8.259,34.098
359,5.072,2.139,17.520,0.130,0.173,0.003,0.585,8.309,33.938
360,3.831,1.473,17.729,0.135,0.179,0.002,0.533,8.219,32.101
361,5.320,1.478,17.511,0.134,0.182,0.002,0.534,8.341,33.535
362,4.429,1.687,17.426,0.133,0.181,0.002,0.540,8.279,32.678
363,4.361,2.203,16.993,0.130,0.167,2.563,0.547,8.197,32.617
364,4.212,1.514,18.329,0.137,0.175,0.002,0.535,8.258,33.164
365,4.391,1.459,17.577,0.135,0.175,0.002,0.522,8.455,32.719
366,5.006,1.666,18.225,0.132,0.176,0.002,0.536,8.234,33.987
367,4.027,1.405,16.541,0.130,0.170,0.002,0.520,8.481,31.281
368,4.496,1.651,20.154,0.133,0.171,0.002,0.539,8.291,35.441
369,5.870,1.537,17.610,0.138,0.174,0.002,0.551,8.311,34.197
370,4.401,1.476,18.285,0.143,0.174,0.002,0.566,8.740,33.801
371,5.756,3.066,16.866,0.133,0.183,0.726,0.513,8.221,34.735
372,3.935,1.691,18.652,0.132,0.189,0.002,0.523,8.194,33.308
373,4.614,1.712,17.878,0.134,0.187,0.002,0.583,8.224,33.333
374,4.734,1.483,17.568,0.134,0.185,0.002,0.525,8.610,33.245
375,4.297,1.855,16.870,0.127,0.186,0.002,0.524,8.190,32.062
376,4.151,1.455,17.317,0.131,0.183,0.002,0.543,8.204,31.984
377,4.232,1.466,17.457,0.131,0.183,0.002,10.093,8.370,42.695
378,4.392,1.717,18.763,0.136,0.186,0.002,0.524,8.258,33.975
379,4.056,1.484,18.479,0.127,0.181,0.002,0.569,8.394,33.301
380,4.780,3.069,18.921,0.131,0.186,0.002,0.525,8.274,35.871
381,5.177,1.472,17.490,0.130,0.182,0.002,0.537,8.290,33.284
382,4.367,1.506,17.757,0.133,0.182,0.002,0.535,8.272,32.752
383,4.758,1.488,18.109,0.128,0.185,0.002,0.579,8.414,33.680
384,6.300,2.564,49.418,0.132,0.183,0.002,0.628,9.993,69.266
385,4.872,1.888,23.005,0.135,0.187,0.002,0.758,12.564,43.499
386,5.209,1.746,18.641,0.132,0.183,0.002,0.567,8.215,34.712
387,4.109,1.652,16.631,0.128,0.182,0.002,0.520,8.221,31.435
388,4.018,1.756,17.895,0.142,0.185,0.002,0.504,8.241,32.721
389,5.956,8.032,17.375,0.133,0.189,0.002,0.526,8.243,40.435
390,5.816,1.667,17.518,0.132,0.198,0.002,0.533,8.202,34.043
391,3.970,3.930,16.926,0.145,0.192,0.002,0.528,9.718,35.380
392,4.487,2.177,19.121,0.136,0.187,0.003,0.555,8.251,34.898
393,4.285,1.905,18.027,0.143,0.194,0.002,0.557,8.337,33.422
394,4.657,1.684,17.456,0.133,0.191,0.002,0.535,8.215,32.865
395,4.379,2.057,16.978,0.133,0.183,0.002,0.502,8.147,32.364
396,4.421,2.189,17.377,0.145,0.189,0.003,0.529,8.236,33.067
397,4.228,1.767,17.428,0.150,0.190,0.003,0.518,8.266,32.512
398,5.084,2.150,17.748,0.140,0.189,0.002,0.526,8.301,34.118
399,4.033,1.817,16.561,0.135,0.195,0.805,0.529,8.309,31.551
400,4.015,1.658,19.411,0.132,0.194,0.003,0.517,8.230,34.162
401,4.160,1.775,17.240,0.135,0.200,0.002,0.529,8.195,32.215
402,4.814,1.693,17.887,0.137,0.198,0.002,0.549,8.297,33.557
403,4.345,2.044,16.642,0.134,0.201,0.002,0.507,8.204,32.040
404,6.337,2.117,17.874,0.134,0.194,0.002,0.502,8.306,35.437
405,4.647,2.203,17.618,0.134,0.192,0.002,0.529,8.300,33.613
406,5.599,2.374,17.266,0.134,0.202,0.002,0.524,8.437,34.513
407,4.374,2.035,17.185,0.135,0.170,1.500,0.499,8.164,32.558
408,4.186,1.881,17.961,0.131,0.164,0.002,0.561,8.304,33.218
409,4.218,1.931,17.187,0.142,0.177,1.150,0.524,7.559,31.731
410,5.070,2.132,18.299,0.153,0.201,0.003,0.503,8.208,34.527
411,4.394,2.284,16.849,0.208,0.287,0.003,0.519,8.198,32.543
412,4.012,1.876,17.403,0.158,0.150,0.750,0.523,8.333,32.457
413,4.196,2.017,17.280,0.143,0.145,0.002,0.522,8.245,32.564
414,4.384,1.979,17.526,0.134,0.146,0.002,0.501,8.217,32.914
415,3.974,4.998,16.659,0.139,0.160,0.002,0.516,8.219,34.667
416,4.055,2.209,18.699,0.140,0.162,0.002,0.503,8.150,33.913
417,4.306,2.157,17.286,0.135,0.154,0.002,0.523,8.214,32.800
418,4.631,2.248,17.488,0.135,0.152,0.002,0.539,8.412,33.639
419,4.393,2.819,17.126,0.143,0.160,0.003,0.526,8.222,33.399
420,3.795,2.106,17.193,0.145,0.165,0.769,0.520,8.253,32.183
421,4.636,2.366,17.827,0.138,0.162,0.002,0.520,9.307,34.969
422,4.612,1.942,17.395,0.136,0.153,0.002,0.522,8.327,33.108
423,4.111,3.016,16.739,0.137,0.161,0.002,0.509,8.273,32.953
424,4.024,2.302,17.480,0.145,0.189,0.746,0.514,8.250,32.874
425,4.634,2.333,19.335,0.132,0.188,0.002,0.542,8.282,35.431
426,4.700,2.210,17.358,0.193,0.281,0.003,0.512,8.200,33.286
427,3.991,2.175,16.846,0.137,0.183,0.002,0.505,8.261,32.075
428,4.549,2.404,17.941,0.137,0.182,0.002,0.531,8.185,33.919
429,4.279,2.205,17.360,0.141,0.149,1.281,0.525,8.192,32.870
430,4.689,2.440,76.737,0.135,0.156,0.002,0.542,9.126,93.866
431,4.068,2.157,16.515,0.194,0.242,0.003,10.273,8.220,42.486
432,4.009,2.201,18.521,0.131,0.151,0.002,0.537,8.232,33.816
433,4.324,2.188,17.321,0.135,0.151,0.002,0.529,8.269,32.964
434,4.685,3.277,17.342,0.130,0.156,0.002,0.549,8.316,34.499
435,4.017,2.229,16.620,0.133,0.157,0.002,0.524,8.121,31.826
436,4.295,2.358,17.491,0.142,0.156,0.003,0.529,8.201,33.190
437,5.092,2.810,18.095,0.133,0.151,0.002,0.565,8.771,35.668
438,5.027,2.427,17.253,0.132,0.153,0.002,0.531,8.398,33.966
439,4.245,2.233,16.759,0.133,0.157,0.002,0.535,8.224,32.310
440,4.693,1.587,88.436,0.135,0.160,0.002,0.662,8.871,104.740
441,4.569,2.216,17.959,0.133,0.150,0.002,0.567,8.575,34.207
442,4.571,2.347,21.590,0.131,0.149,0.002,0.556,8.240,37.622
443,4.433,3.129,16.919,0.136,0.157,0.003,0.520,8.213,33.540
444,4.047,1.553,20.488,0.136,0.155,0.002,0.522,8.170,35.103
445,4.357,2.105,17.237,0.132,0.156,0.002,0.534,8.286,32.848
446,4.763,3.321,17.235,0.133,0.152,0.002,0.543,8.258,34.445
447,4.650,2.425,16.852,0.140,0.158,0.002,0.596,8.483,33.334
448,5.875,2.298,23.937,0.139,0.156,0.002,0.564,8.449,41.472
449,8.137,2.736,17.628,0.132,0.153,0.002,0.591,8.306,37.726
450,4.729,2.235,17.346,0.134,0.151,0.002,0.536,8.450,33.623
451,4.009,2.168,17.495,0.142,0.158,0.002,0.522,8.335,32.852
452,3.996,1.965,18.013,0.337,0.174,0.003,0.543,8.249,33.099
453,8.873,2.178,17.339,0.140,0.162,0.003,0.536,8.271,37.530
454,4.846,2.333,18.164,0.133,0.152,0.002,0.555,8.299,36.620
455,4.044,2.107,16.720,0.159,0.167,0.004,0.575,8.243,31.999
456,5.508,2.310,19.770,0.140,0.166,0.003,0.523,8.275,36.702
457,4.539,2.440,17.881,0.134,0.159,0.002,0.528,8.228,33.924
458,4.649,2.581,18.311,0.136,0.161,0.002,0.526,8.315,34.702
459,4.254,2.060,16.622,0.138,0.168,0.002,0.540,8.266,32.046
460,4.964,1.929,18.276,0.190,0.170,0.875,0.532,8.439,34.443
461,4.560,2.462,17.628,0.152,0.153,0.002,0.530,8.249,33.735
462,4.625,2.038,17.219,0.210,0.163,0.002,0.516,8.244,33.757
463,4.065,1.688,16.776,0.148,0.162,0.003,0.501,8.305,31.650
464,4.289,1.683,17.846,0.157,0.160,0.003,0.507,8.291,32.930
465,5.315,2.154,17.754,0.160,0.159,0.005,0.527,8.254,34.336
466,4.279,2.113,17.322,0.158,0.181,0.925,0.522,8.281,32.844
467,4.338,1.879,16.900,0.146,0.188,0.002,0.500,8.255,32.189
468,5.528,4.666,19.669,0.158,0.190,0.003,0.533,8.266,38.975
469,4.675,2.548,17.647,0.163,0.190,0.003,0.544,8.453,34.199
470,5.184,2.179,19.161,0.161,0.191,0.003,0.520,8.347,35.733
471,4.110,2.180,16.578,0.179,0.205,0.003,0.516,8.414,32.116
472,4.033,1.864,18.111,0.151,0.188,0.003,0.528,8.305,33.166
473,4.298,1.980,17.238,0.136,0.179,0.002,0.511,8.324,33.547
474,4.676,2.272,18.538,0.164,0.232,0.004,0.553,8.328,35.438
475,5.056,5.731,16.858,0.137,0.181,0.002,0.512,8.300,36.778
476,4.286,1.582,17.823,0.137,0.178,0.003,0.531,8.363,32.912
477,4.900,2.199,18.155,0.147,0.150,0.909,0.520,8.254,34.348
478,4.331,2.273,17.405,0.142,0.153,0.003,0.529,8.264,33.878
479,3.993,2.084,16.530,0.154,0.158,0.002,0.520,8.183,31.602
480,3.741,1.901,18.379,0.154,0.165,0.003,0.493,8.338,33.145
481,4.620,2.038,17.389,0.153,0.173,1.357,0.526,8.243,33.119
482,4.512,2.463,17.742,0.135,0.163,0.003,0.541,8.441,34.011
483,4.165,2.103,16.851,0.138,0.174,1.252,0.507,8.216,32.145
484,4.951,2.961,19.565,0.141,0.168,0.002,0.539,8.438,36.764
485,4.400,2.203,17.289,0.144,0.164,0.002,0.533,8.277,33.009
486,4.473,2.278,17.813,0.137,0.165,0.003,0.529,8.335,33.754
487,4.323,2.568,16.966,0.139,0.166,0.003,0.507,8.172,32.842
488,4.017,1.748,18.025,0.151,0.172,0.003,0.530,8.343,32.974
489,5.809,4.757,17.454,0.154,0.168,0.003,0.523,8.251,37.115
490,4.333,2.161,17.899,0.135,0.160,0.002,0.533,8.432,33.671
491,4.337,5.697,16.628,0.140,0.166,0.002,0.519,8.197,35.684
492,4.032,1.777,18.175,0.137,0.161,0.002,0.532,8.346,33.176
493,4.688,2.190,17.903,0.249,0.161,0.002,0.539,8.196,33.837
494,4.700,1.938,17.510,0.146,0.164,0.002,0.522,8.206,33.186
495,3.940,1.878,16.647,0.139,0.167,0.002,0.487,8.186,31.438
496,3.961,1.475,18.196,0.145,0.166,0.002,0.485,8.157,32.572
497,4.742,2.143,17.268,0.200,0.169,0.006,0.545,8.494,33.505
498,4.771,2.141,17.773,0.147,0.166,0.002,10.910,8.189,45.245
499,4.021,1.916,16.794,0.143,0.174,0.003,0.501,8.225,31.763
500,3.957,2.368,17.887,0.164,0.176,0.003,0.504,8.286,33.319
501,5.711,2.280,17.331,0.142,0.172,0.003,0.514,8.202,34.355
502,4.722,1.622,17.852,0.140,0.159,0.989,0.512,8.152,33.177
503,4.005,1.595,16.630,0.137,0.159,0.002,10.486,8.316,43.893
504,3.994,1.448,17.719,0.205,0.165,0.009,0.510,8.262,32.248
505,4.240,1.628,17.430,0.162,0.166,0.003,0.512,8.231,32.353
506,4.332,1.767,17.208,0.139,0.156,0.002,0.513,8.166,32.296
507,4.295,1.806,16.853,0.147,0.158,0.003,0.505,8.172,31.934
508,3.980,1.430,17.443,0.148,0.163,0.002,0.504,8.304,31.967
509,4.286,1.424,17.342,0.170,0.160,0.003,0.525,8.285,32.177
510,4.618,1.442,17.254,0.139,0.157,0.003,0.527,8.253,32.415
511,3.981,5.261,16.749,0.146,0.161,0.002,0.488,8.213,35.735
512,3.965,1.427,18.217,0.145,0.160,0.003,0.515,8.153,32.602
513,4.244,1.687,17.430,0.140,0.158,0.002,0.523,8.503,32.711
514,4.555,1.453,17.622,0.161,0.169,0.002,0.523,8.506,32.981
515,4.337,1.703,16.705,0.156,0.165,0.003,0.487,8.165,31.714
516,4.283,1.423,17.571,0.142,0.155,0.003,0.500,8.267,32.361
517,4.271,1.458,17.330,0.142,0.156,0.003,0.501,8.417,32.294
518,4.690,1.455,17.439,0.154,0.161,0.003,0.505,8.185,32.598
519,4.027,1.400,16.705,0.220,0.158,0.003,0.488,8.246,31.176
520,3.974,1.410,18.009,0.183,0.345,0.018,0.496,8.100,32.310
521,4.655,1.718,17.460,0.171,0.165,0.003,0.507,8.457,33.113
522,4.775,1.459,17.494,0.153,0.163,0.002,0.502,8.344,32.893
523,4.044,3.914,16.656,0.143,0.163,0.003,0.501,8.182,33.612
524,5.164,1.390,18.628,0.141,0.159,0.002,0.520,7.563,33.583
525,4.199,1.458,17.564,0.146,0.156,0.003,0.506,8.266,32.319
526,4.713,1.656,17.706,0.142,0.160,0.003,0.519,8.354,33.265
527,4.449,1.446,17.044,0.137,0.157,0.002,0.495,8.220,31.967
528,3.982,1.392,17.484,0.152,0.159,0.003,0.513,8.433,32.134
529,4.292,1.424,17.519,0.148,0.163,0.002,0.506,8.213,32.279
530,4.712,1.452,17.475,0.142,0.159,0.003,0.513,8.257,32.741
531,4.596,1.540,17.665,0.158,0.172,0.003,0.556,8.337,33.036
532,4.200,1.416,17.676,0.149,0.159,0.003,0.496,8.359,32.475
533,4.541,1.451,17.571,0.143,0.157,0.002,0.536,8.283,32.720
534,4.650,1.689,17.996,0.150,0.163,0.003,0.531,8.303,33.495
535,4.175,1.819,16.717,0.146,0.164,0.003,0.507,8.277,31.814
536,3.981,1.422,18.672,0.148,0.157,0.003,0.502,8.216,33.131
537,4.395,1.485,17.910,0.140,0.160,0.003,0.590,8.330,33.054
538,4.866,1.484,17.477,0.148,0.165,0.002,0.512,8.296,32.967
539,4.066,1.456,16.518,0.144,0.159,0.002,0.507,8.242,31.925
540,4.096,1.404,17.508,0.144,0.163,0.003,0.524,8.202,32.063
541,4.552,1.417,18.280,0.144,0.162,0.003,0.520,8.484,33.592
542,5.337,1.484,17.622,0.153,0.162,0.003,0.513,9.517,34.811
543,4.315,2.096,17.041,0.141,0.157,0.002,0.518,8.194,32.502
544,4.154,1.436,16.905,0.153,0.161,0.003,0.528,8.248,31.602
545,4.271,1.427,16.750,0.145,0.162,0.003,0.502,8.233,31.511
546,4.310,1.620,19.015,0.154,0.164,0.003,0.526,8.352,34.163
547,4.333,1.446,17.332,0.149,0.158,0.003,9.589,8.183,42.690
548,3.970,1.425,17.008,0.157,0.168,0.004,0.496,8.282,31.480
549,14.131,3.350,28.521,0.144,0.163,0.003,11.662,8.455,67.589
550,4.390,1.472,18.888,0.141,0.162,0.003,0.547,8.307,33.963
551,17.367,4.596,32.691,0.141,0.165,0.003,0.882,12.028,68.066
552,4.764,4.518,20.530,0.142,0.161,0.002,10.156,8.380,49.406
553,4.775,2.062,17.684,0.158,0.162,0.004,0.509,8.291,33.614
554,4.269,2.027,17.728,0.141,0.164,0.003,0.512,11.373,36.192
555,5.751,2.260,17.889,0.168,0.168,0.003,0.531,8.427,35.160
556,6.217,3.166,20.769,0.648,0.447,0.008,0.522,8.253,39.233
557,4.263,1.663,17.319,0.147,0.162,0.003,0.514,8.452,32.504
558,4.210,3.751,17.842,0.152,0.162,0.004,0.508,8.238,34.838
559,4.952,2.120,17.738,0.156,0.202,0.004,0.529,8.410,34.056
560,5.065,1.533,18.394,0.185,0.171,0.004,10.623,8.351,45.046
561,3.997,2.232,16.894,0.161,0.168,0.005,0.498,8.468,32.393
562,4.520,2.528,17.415,0.201,0.184,0.003,0.503,8.346,33.605
563,4.377,2.353,17.742,0.283,0.162,0.003,0.518,8.434,33.726
564,5.030,1.803,18.460,0.143,0.167,0.003,11.125,8.812,46.312
565,5.073,5.431,16.734,0.147,0.164,0.003,0.488,8.194,36.243
566,12.884,4.536,33.108,0.140,0.164,0.003,0.751,11.692,63.449
567,4.343,1.946,17.319,0.143,0.167,0.002,0.505,8.105,32.542
568,4.804,1.891,18.735,0.146,0.165,0.004,0.534,8.239,34.525
569,4.571,2.453,17.054,0.150,0.169,0.003,10.421,8.212,44.283
570,4.362,2.325,18.163,0.141,0.166,0.002,0.511,8.155,33.809
571,11.445,4.691,32.279,0.219,0.165,0.002,0.748,11.929,61.531
572,4.273,2.185,17.021,0.153,0.171,0.002,0.490,8.251,32.505
573,3.997,2.822,16.718,0.157,0.168,0.002,0.501,8.400,32.727
574,4.006,2.107,17.272,0.149,0.160,0.002,0.495,8.165,32.335
575,4.310,2.131,17.156,0.145,0.167,0.003,0.504,8.245,32.638
576,4.981,5.508,17.362,0.143,0.164,0.003,0.507,8.325,36.985
577,4.756,2.164,16.669,0.141,0.163,0.003,0.504,8.203,32.584
578,4.038,2.094,17.304,0.143,0.162,0.002,0.493,8.171,32.387
579,4.320,2.120,17.305,0.152,0.179,0.003,0.526,8.237,32.801
580,5.162,2.217,17.561,0.159,0.167,0.004,0.508,8.192,33.939
581,3.978,4.911,16.836,0.152,0.165,0.003,0.493,8.252,34.756
582,4.004,2.109,17.261,0.169,0.168,0.003,0.483,8.211,32.351
583,4.534,2.127,17.388,0.143,0.164,0.004,0.527,8.174,33.046
584,4.697,2.216,17.650,0.147,0.165,0.003,0.526,8.203,33.587
585,3.984,2.132,16.651,0.137,0.167,0.002,0.515,8.163,31.736
586,3.993,2.138,17.685,0.146,0.168,0.003,0.512,8.153,32.768
587,4.309,2.110,17.160,0.138,0.164,0.003,0.541,8.202,32.624
588,4.381,2.163,17.168,0.152,0.166,0.005,0.532,8.227,32.769
589,4.758,4.575,17.033,0.139,0.161,0.003,0.499,8.209,35.362
590,3.996,2.128,17.271,0.145,0.162,0.003,0.498,8.232,32.413
591,4.697,2.293,18.233,0.135,0.153,0.002,0.529,8.257,34.313
592,5.179,3.854,29.539,0.147,0.170,0.003,0.552,8.715,48.355
593,4.232,2.166,17.183,0.151,0.163,0.002,0.550,8.337,32.772
594,4.478,2.309,17.783,0.147,0.169,0.003,0.511,8.230,33.600
595,4.430,2.200,23.109,0.149,0.169,0.003,0.629,8.998,39.699
596,6.262,5.917,25.381,0.142,0.164,0.002,0.544,8.259,46.672
597,4.492,3.062,16.846,0.142,0.169,0.003,0.499,8.214,33.409
598,4.063,2.121,17.393,0.138,0.163,0.002,0.517,8.108,32.503
599,4.374,2.120,17.941,0.140,0.165,0.003,0.532,8.271,33.548
600,4.574,2.580,24.510,0.137,0.163,0.002,10.131,8.326,51.358
601,4.704,2.338,17.378,0.139,0.168,0.002,0.501,8.205,33.434
602,12.209,5.372,51.692,0.141,0.167,0.002,0.590,9.312,79.552
603,19.450,4.895,57.207,0.142,0.161,0.002,0.570,8.733,91.169
604,6.610,4.872,24.096,0.136,0.156,0.002,0.618,8.630,45.148
605,4.835,3.299,18.587,0.144,0.169,0.003,0.677,8.591,36.317
606,5.886,3.798,22.163,0.147,0.157,0.002,11.969,8.341,53.423
607,4.918,2.702,18.605,0.150,0.173,0.003,0.545,8.370,35.479
608,7.941,5.975,22.287,0.134,0.165,0.002,0.773,8.940,46.267
609,8.600,3.539,19.935,0.137,0.163,0.003,0.596,9.148,42.175
610,23.747,6.786,28.146,0.140,0.164,0.003,0.596,9.157,68.788
611,4.913,3.706,20.696,0.142,0.163,0.003,0.651,8.686,39.041
612,11.537,6.079,29.414,0.141,0.166,0.002,0.600,11.239,59.214
613,5.421,6.618,17.501,0.141,0.164,0.002,0.531,8.324,38.714
614,4.327,2.840,23.627,0.155,0.167,0.003,0.657,8.291,40.143
615,4.848,2.809,18.406,0.139,0.168,0.002,0.528,8.317,35.229
616,5.188,2.732,19.199,0.139,0.167,0.003,0.528,8.409,36.375
617,4.723,6.246,18.383,0.154,0.170,0.002,12.491,8.311,51.361
618,4.872,2.807,19.926,0.287,0.168,0.002,0.532,8.307,36.742
619,4.371,2.870,17.375,0.392,0.178,0.003,0.591,8.439,33.963
620,5.464,2.374,24.981,0.143,0.161,0.003,0.572,8.682,42.396
621,4.910,2.406,18.606,0.146,0.162,0.002,10.477,8.372,46.455
622,4.950,2.458,19.148,0.143,0.161,0.003,0.520,8.398,35.775
623,4.836,4.057,20.081,0.147,0.160,0.003,12.092,8.336,50.968
624,4.574,2.314,19.332,0.160,0.164,0.003,0.532,8.244,35.308
625,4.611,3.584,17.319,0.142,0.160,0.003,0.532,8.361,34.719
626,4.724,2.257,18.938,0.140,0.165,0.002,0.535,8.318,35.078
627,4.935,2.486,17.589,0.144,0.158,0.002,0.541,8.351,34.211
628,6.700,4.565,30.277,0.138,0.164,0.003,0.629,8.300,50.797
629,4.632,2.469,19.396,0.136,0.162,0.002,0.558,8.222,35.602
630,4.255,2.579,19.245,0.145,0.170,0.003,0.535,8.279,35.192
631,4.448,2.264,18.371,0.140,0.163,0.002,0.530,8.322,34.245
632,4.462,2.332,21.939,0.139,0.165,0.002,0.537,8.329,37.901
633,5.320,2.254,17.124,0.149,0.178,0.003,0.533,8.270,33.914
634,4.319,2.231,17.056,0.149,0.166,0.003,0.535,8.272,32.726
635,5.023,3.883,19.707,0.140,0.164,0.003,0.525,8.351,37.800
636,5.676,2.534,32.528,0.161,0.169,0.003,0.558,8.354,49.964
637,6.641,3.069,34.068,0.135,0.177,0.004,1.441,10.195,55.789
638,6.824,3.701,31.762,0.164,0.170,0.003,0.544,8.442,51.590
639,4.387,2.520,20.318,0.134,0.160,0.002,0.562,8.227,36.334
640,5.290,2.328,26.283,0.138,0.159,0.002,0.596,8.685,43.526
641,4.766,2.561,19.096,0.138,0.164,0.003,0.558,8.225,35.524
642,5.071,3.354,24.630,0.139,0.154,0.003,12.500,8.344,55.187
643,4.733,3.945,18.449,0.140,0.161,0.003,0.512,8.982,36.920
644,8.337,3.252,26.903,0.143,0.161,0.002,0.702,8.735,48.311
645,5.818,4.005,44.210,0.140,0.159,0.003,0.590,8.703,63.658
646,5.323,3.053,28.014,0.147,0.160,0.003,0.564,8.524,45.777
647,4.708,2.394,29.959,0.155,0.164,0.003,0.681,11.576,49.628
648,23.152,6.781,75.335,0.133,0.152,0.002,0.576,11.623,117.782
649,5.351,2.670,31.789,0.147,0.155,0.003,0.539,16.782,57.467
650,7.121,2.432,32.203,0.137,0.151,0.002,0.543,8.567,51.165
651,8.062,5.924,22.887,0.134,0.150,0.002,0.529,8.350,46.063
652,4.829,2.666,54.469,0.136,0.154,0.002,0.547,9.045,71.866
653,6.160,2.581,20.662,0.153,0.157,0.003,0.532,14.115,44.352
654,5.746,2.868,32.373,0.446,0.198,0.003,0.609,10.202,52.133
655,5.766,3.971,20.614,0.133,0.155,0.002,0.564,8.515,39.755
656,4.934,2.763,28.319,0.140,0.159,0.002,0.533,9.580,46.432
657,7.659,2.632,27.633,0.140,0.157,0.002,0.532,8.311,47.068
658,6.327,2.470,34.266,0.145,0.153,0.002,0.678,11.531,55.591
659,12.723,5.147,36.253,0.140,0.145,0.002,0.602,9.445,64.552
660,28.456,5.385,42.203,0.145,0.158,0.003,1.933,12.033,90.559
661,7.482,3.252,57.008,0.140,0.154,0.003,0.628,8.761,77.471
662,12.854,2.680,55.013,0.139,0.156,0.003,0.543,11.592,83.001
663,7.780,4.158,33.576,0.154,0.159,0.003,0.535,9.199,55.560
664,5.845,3.939,22.602,0.149,0.156,0.003,0.533,8.641,41.863
665,6.009,2.650,21.736,0.147,0.159,0.003,0.550,8.256,39.507
666,6.511,2.628,26.763,0.134,0.149,0.002,0.538,8.641,45.387
667,4.819,2.600,18.539,0.138,0.150,0.003,0.530,8.335,35.122
668,4.533,2.344,23.171,0.136,0.157,0.002,0.570,8.352,39.284
669,5.359,2.443,21.889,0.149,0.163,0.003,0.585,8.350,38.939
670,5.927,2.323,26.200,0.140,0.158,0.002,0.533,8.445,43.734
671,7.873,4.104,21.373,0.145,0.156,0.003,0.583,9.215,43.484
672,8.570,2.480,34.046,0.137,0.153,0.003,0.565,8.324,54.298
673,4.434,2.591,19.494,0.139,0.155,0.002,0.524,8.308,35.655
674,5.193,2.627,18.732,0.148,0.157,0.003,0.563,8.584,36.015
675,4.697,2.494,21.337,0.137,0.152,0.002,0.832,8.521,38.196
676,5.862,4.122,24.201,0.136,0.149,0.002,0.555,8.641,43.691
677,5.046,3.159,21.494,0.136,0.153,0.002,0.558,8.336,38.897
678,5.426,2.631,26.903,0.143,0.151,0.003,0.570,8.360,44.207
679,5.710,2.291,17.997,0.139,0.149,0.002,0.524,8.397,35.225
680,4.412,2.907,20.557,0.142,0.151,0.003,0.552,8.368,37.106
681,9.290,2.698,19.445,0.138,0.151,0.003,0.537,8.323,40.602
682,5.773,2.657,21.559,0.142,0.151,0.002,0.539,8.490,39.337
683,4.243,2.573,17.677,0.145,0.150,0.003,0.536,8.310,33.640
684,4.630,2.384,26.619,0.139,0.152,0.003,0.553,8.313,42.817
685,4.791,2.436,21.170,0.141,0.152,0.002,0.545,8.241,37.494
686,5.013,2.377,23.878,0.162,0.152,0.004,0.557,8.504,40.652
687,4.714,2.513,18.368,0.140,0.158,0.003,0.544,8.429,34.878
688,9.938,4.575,35.492,0.138,0.157,0.003,0.609,9.439,60.385
689,5.326,2.612,22.326,0.146,0.171,0.002,0.541,8.469,39.585
690,4.870,2.378,24.038,0.144,0.157,0.002,0.535,8.637,40.766
691,5.118,2.484,19.345,0.135,0.153,0.002,0.530,8.404,36.191
692,5.751,2.485,24.263,0.142,0.158,0.003,0.530,8.274,41.610
693,5.078,3.241,18.906,0.150,0.170,0.003,0.611,8.442,36.603
694,5.956,2.550,26.339,0.142,0.162,0.002,0.574,9.506,45.235
695,26.767,2.842,41.653,0.151,0.165,0.002,0.591,8.530,80.723
696,8.941,2.909,147.705,0.140,0.161,0.002,1.865,10.691,173.216
697,9.587,3.683,24.628,0.143,0.161,0.003,0.570,8.939,47.721
698,11.361,4.218,41.887,0.138,0.155,0.002,0.585,8.962,67.331
699,10.330,4.523,35.072,0.144,0.154,0.003,0.624,8.731,59.644
700,16.854,4.482,186.559,0.143,0.155,0.002,0.690,13.429,222.375
701,8.658,3.534,37.049,0.162,0.161,0.005,0.646,9.518,59.743
702,14.308,4.195,50.187,0.170,0.163,0.003,1.710,8.760,79.550
703,11.447,6.262,24.486,0.152,0.161,0.003,0.613,8.614,51.872
704,6.356,3.584,32.610,0.139,0.155,0.003,0.540,8.703,52.106
705,6.995,3.029,27.115,0.140,0.159,0.003,0.557,8.644,46.657
706,5.475,2.719,28.965,0.141,0.160,0.002,0.546,8.407,46.420
707,6.579,2.938,22.132,0.139,0.159,0.003,0.533,8.409,40.905
708,15.752,3.788,30.895,0.143,0.165,0.002,0.549,8.607,59.907
709,4.898,2.748,25.323,0.139,0.168,0.003,0.552,8.858,42.703
710,5.568,2.595,21.565,0.150,0.165,0.003,0.563,8.634,39.237
711,5.086,2.586,18.962,0.143,0.164,0.003,0.542,8.428,35.991
712,4.605,4.547,25.797,0.143,0.170,0.003,0.602,9.445,45.326
713,6.183,4.721,34.361,0.138,0.159,0.002,0.558,9.582,55.733
714,6.612,2.459,26.721,0.139,0.158,0.002,0.547,8.409,45.062
715,5.600,2.822,20.797,0.140,0.182,0.003,0.557,9.328,39.421
716,5.664,5.246,25.262,0.144,0.160,0.003,0.569,8.535,45.588
717,5.869,2.403,20.061,0.143,0.162,0.002,0.522,8.428,37.591
718,6.546,2.339,29.826,0.249,0.162,0.004,0.541,8.922,48.484
719,5.646,2.545,27.744,0.186,0.164,0.003,0.547,8.424,45.240
720,5.958,2.456,30.776,0.150,0.164,0.003,0.604,8.533,48.660
721,5.212,3.024,23.756,0.140,0.153,0.002,0.562,8.530,41.405
722,5.475,2.741,44.003,0.136,0.153,0.002,0.622,9.286,62.470
723,9.739,4.791,23.577,0.135,0.157,0.003,0.572,8.386,47.377
724,9.787,2.527,21.753,0.150,0.160,0.003,0.569,8.619,43.573
725,5.391,3.939,23.651,0.145,0.154,0.003,0.533,8.350,42.172
726,5.173,2.590,23.887,0.406,0.178,0.006,0.540,8.428,40.935
727,6.212,2.487,18.765,0.151,0.159,0.003,0.544,8.314,36.629
728,4.693,2.400,23.949,0.147,0.160,0.003,0.607,8.936,40.911
729,7.674,3.152,25.365,0.138,0.154,0.002,0.575,8.608,45.678
730,4.596,2.442,30.177,0.154,0.155,0.004,0.549,8.420,46.494
731,4.618,2.967,17.979,0.143,0.157,0.003,0.536,8.285,34.677
732,4.726,2.389,21.921,0.149,0.153,0.003,0.593,9.048,38.999
733,4.799,2.539,18.590,0.137,0.154,0.002,0.544,8.402,35.192
734,5.068,2.988,25.950,0.139,0.165,0.002,0.573,8.340,43.240
735,4.141,6.624,19.625,0.134,0.149,0.002,0.560,8.452,39.726
736,4.291,2.485,18.847,0.135,0.152,0.002,0.539,8.252,34.722
737,4.280,2.429,17.403,0.143,0.154,0.003,0.545,8.242,33.213
738,4.612,3.016,18.613,0.140,0.151,0.002,0.527,8.306,35.381
739,4.100,2.235,17.029,0.133,0.152,0.003,0.525,8.296,32.493
740,4.111,2.285,20.509,0.133,0.149,0.002,0.516,8.389,36.113
741,4.994,2.390,17.625,0.151,0.159,0.003,0.543,8.269,34.131
742,5.114,2.518,17.958,0.144,0.155,0.002,0.552,8.290,34.743
743,4.109,2.315,17.052,0.137,0.153,0.002,0.546,8.255,32.583
744,4.081,1.930,19.733,0.134,0.149,0.002,0.543,8.282,34.866
745,4.592,2.570,18.068,0.141,0.155,0.002,0.557,8.303,34.406
746,4.740,2.330,18.314,0.139,0.160,0.003,0.549,8.731,34.971
747,5.504,6.347,21.165,0.139,0.154,0.003,0.575,8.426,42.343
748,4.407,2.404,19.317,0.134,0.162,0.003,0.541,8.223,35.195
749,5.447,2.480,18.861,0.156,0.158,0.003,0.532,8.316,35.940
750,5.045,2.623,19.793,0.153,0.155,0.002,0.523,8.273,36.565
751,4.245,2.328,17.180,0.134,0.153,0.002,0.543,8.304,32.909
752,5.776,3.276,22.085,0.138,0.157,0.002,0.537,9.191,41.174
753,6.275,2.930,17.693,0.138,0.158,0.002,0.525,8.398,36.130
754,5.461,2.392,19.274,0.142,0.151,0.002,0.576,8.453,36.482
755,4.477,2.176,17.402,0.130,0.148,0.002,0.518,8.275,33.159
756,4.272,2.262,18.370,0.137,0.156,0.003,0.530,8.390,34.135
757,4.772,2.318,19.755,0.134,0.157,0.002,0.564,8.253,35.990
758,5.537,2.287,17.551,0.138,0.155,0.002,0.522,8.433,34.790
759,4.717,2.349,19.453,0.133,0.148,0.002,1.972,8.795,37.860
760,6.074,2.493,23.350,0.132,0.155,0.002,0.557,8.774,41.557
761,5.051,3.545,19.956,0.135,0.157,0.003,0.528,8.779,38.171
762,5.232,2.732,21.347,0.132,0.154,0.002,0.597,8.725,38.941
763,4.488,3.927,17.855,0.134,0.154,0.002,0.653,8.318,35.552
764,4.512,2.494,21.360,0.135,0.152,0.002,0.553,8.570,37.816
765,4.692,2.304,18.420,0.135,0.158,0.003,0.536,8.267,34.524
766,4.688,2.535,19.004,0.134,0.153,0.002,0.567,8.390,35.491
767,4.153,2.201,16.905,0.131,0.157,0.002,0.551,8.268,32.383
768,4.470,2.433,19.271,0.135,0.152,0.002,0.536,8.284,35.299
769,4.792,2.544,17.416,0.136,0.158,0.002,0.506,8.219,33.778
770,8.696,4.261,34.441,0.134,0.152,0.002,0.564,8.384,56.666
771,4.540,2.591,17.785,0.130,0.155,0.003,0.544,8.276,34.043
772,4.282,2.310,22.873,0.139,0.159,0.003,0.534,8.482,38.790
773,4.713,2.273,20.109,0.135,0.160,0.002,0.545,8.346,36.317
774,5.295,2.576,19.247,0.133,0.156,0.002,0.532,8.576,36.544
775,4.427,2.459,17.771,0.132,0.153,0.002,0.531,8.420,33.918
776,4.241,2.430,22.645,0.132,0.153,0.002,0.615,8.722,38.988
777,8.220,2.460,18.251,0.139,0.159,0.002,0.594,8.471,38.313
778,5.002,2.705,19.396,0.144,0.152,0.002,0.577,8.327,36.346
779,4.483,2.605,17.067,0.132,0.152,0.002,0.533,8.472,33.456
780,4.636,2.328,17.972,0.130,0.153,0.002,0.513,8.239,33.988
781,4.826,2.291,19.145,0.136,0.164,0.002,0.521,8.281,35.371
782,4.369,2.196,17.257,0.141,0.153,0.003,0.509,8.244,32.872
783,4.107,2.322,19.272,0.130,0.154,0.002,0.545,8.277,34.828
784,4.490,2.244,17.596,0.129,0.151,0.002,0.529,8.275,33.442
785,8.166,2.562,17.450,0.139,0.158,0.002,0.547,8.264,37.292
786,4.739,2.172,17.124,0.141,0.156,0.002,0.542,8.193,33.080
787,4.080,2.547,17.563,0.147,0.157,0.002,0.557,8.343,33.413
788,4.232,2.381,20.679,0.243,0.158,0.003,0.527,8.528,36.636
789,4.352,2.324,18.601,0.140,0.163,0.003,0.529,8.332,34.444
790,4.617,2.410,17.574,0.134,0.154,0.002,0.528,8.237,33.657
791,4.945,2.187,17.494,0.133,0.159,0.002,0.485,8.235,33.634
792,4.170,2.563,17.717,0.131,0.151,0.002,0.520,8.471,33.735
793,4.596,3.197,16.753,0.134,0.156,0.002,0.548,8.270,33.679
794,4.190,2.470,22.362,0.140,0.153,0.003,0.721,8.668,39.059
795,4.583,3.032,17.236,0.139,0.150,0.002,0.492,8.181,33.815
796,4.715,2.429,18.822,0.131,0.156,0.002,0.533,8.304,35.104
797,4.438,2.258,17.211,0.135,0.161,0.002,0.525,8.231,32.965
798,4.101,2.137,17.612,0.135,0.156,0.002,0.529,8.227,32.906
799,4.146,2.786,17.472,0.134,0.154,0.003,0.526,8.325,33.545
800,4.183,2.462,20.308,0.139,0.157,0.002,0.571,8.400,36.231
801,5.901,2.322,17.509,0.133,0.160,0.003,0.542,8.260,34.831
802,4.493,2.576,17.448,0.133,0.164,0.002,0.534,8.179,33.528
803,4.543,2.202,17.892,0.136,0.154,0.003,0.568,8.184,33.706
804,5.980,2.533,20.355,0.140,0.154,0.004,0.588,8.368,38.134
805,5.148,2.714,17.522,0.141,0.163,0.002,0.549,8.244,34.486
806,4.806,2.571,17.445,0.134,0.158,0.003,0.505,8.433,34.045
807,4.302,2.462,17.319,0.147,0.160,0.003,0.511,7.952,32.838
808,4.393,2.465,18.706,0.143,0.161,0.002,0.517,8.480,34.857
809,5.732,3.214,18.739,0.133,0.157,0.002,0.591,9.546,38.139
810,5.425,3.588,21.767,0.144,0.156,0.002,0.534,8.339,39.954
811,4.171,2.664,17.887,0.134,0.158,0.003,0.519,8.404,33.950
812,5.316,2.880,18.504,0.142,0.159,0.002,0.523,8.305,35.822
813,5.566,2.362,17.928,0.136,0.156,0.002,0.515,8.456,35.125
814,5.618,2.216,17.508,0.138,0.154,0.002,0.516,8.372,34.538
815,4.247,2.217,17.268,0.141,0.153,0.003,0.527,8.367,32.919
816,4.450,4.323,19.506,0.137,0.156,0.002,0.543,8.385,37.496
817,4.941,2.704,18.896,0.136,0.152,0.002,0.532,8.345,35.711
818,4.811,2.269,17.375,0.143,0.159,0.003,0.522,8.215,33.492
819,4.245,2.214,16.542,0.132,0.159,0.002,0.529,8.195,32.017
820,4.064,2.207,19.299,0.136,0.155,0.002,0.515,8.236,34.616
821,4.910,3.817,17.519,0.133,0.151,0.002,0.525,8.201,35.265
822,4.547,2.438,17.266,0.146,0.155,0.002,0.508,8.168,33.225
823,4.971,5.436,20.836,0.150,0.157,0.003,0.516,8.332,40.389
824,4.078,2.202,17.779,0.143,0.160,0.003,0.543,8.242,33.138
825,4.548,2.458,17.537,0.134,0.155,0.002,0.523,8.200,33.562
826,4.846,2.420,21.660,0.135,0.149,0.003,0.552,8.245,38.041
827,5.498,5.156,18.320,0.146,0.157,0.003,0.581,8.373,38.230
828,4.401,2.258,20.638,0.137,0.159,0.002,0.535,8.260,36.392
829,8.875,2.545,18.022,0.137,0.154,0.002,0.571,8.614,38.947
830,4.441,2.249,19.143,0.132,0.146,0.002,0.526,8.393,35.056
831,6.619,2.571,18.148,0.134,0.146,0.002,0.520,8.422,36.572
832,4.173,3.610,19.651,0.140,0.161,0.002,0.535,8.364,36.638
833,5.114,2.845,18.453,0.135,0.155,0.003,0.526,8.619,35.880
834,5.416,2.344,19.155,0.134,0.151,0.002,0.554,8.852,36.630
835,4.595,2.469,19.051,0.133,0.149,0.002,0.558,8.875,35.868
836,4.449,4.565,21.365,0.134,0.155,0.003,0.527,8.382,39.593
837,4.426,2.763,23.551,0.134,0.149,0.002,0.584,8.518,40.152
838,5.132,2.558,18.998,0.135,0.152,0.002,0.529,8.366,35.879
839,4.502,4.025,17.692,0.132,0.150,0.002,0.546,8.295,35.365
840,4.295,2.267,17.946,0.138,0.161,0.002,0.539,8.332,33.681
841,5.607,8.745,23.014,0.138,0.157,0.003,0.660,9.004,47.361
842,5.649,4.157,31.752,0.132,0.149,0.002,0.611,9.583,52.089
843,14.300,2.693,27.038,0.134,0.148,0.003,0.569,8.568,53.484
844,5.169,3.916,21.439,0.141,0.154,0.002,0.559,8.639,40.020
845,6.331,5.906,26.354,0.133,0.149,0.002,1.220,10.633,50.746
846,5.567,2.673,18.180,0.134,0.180,5.179,0.547,8.323,35.595
847,4.691,2.398,17.586,0.139,0.189,0.002,0.574,8.272,33.824
848,4.855,4.723,19.563,0.147,0.206,0.003,0.545,8.475,38.472
849,4.792,2.374,18.852,0.135,0.175,0.003,0.539,8.341,35.210
850,4.801,2.568,19.199,0.136,0.147,0.679,0.595,8.510,35.992
851,4.450,2.632,19.211,0.139,0.152,0.002,0.530,8.717,35.851
852,4.422,2.954,22.298,0.195,0.236,0.003,0.531,8.371,38.894
853,4.443,2.504,19.803,0.134,0.154,0.006,0.537,8.261,35.849
854,5.333,2.745,20.695,0.143,0.154,0.002,0.539,8.434,38.047
855,5.830,2.606,19.692,0.133,0.143,0.002,0.628,8.473,37.555
856,5.836,2.330,24.338,0.146,0.152,0.002,0.552,8.523,41.888
857,9.282,3.180,25.784,0.137,0.148,0.002,0.536,8.540,47.630
858,4.932,2.469,22.051,0.139,0.147,0.002,0.549,8.378,38.797
859,6.798,2.836,19.225,0.136,0.148,0.002,0.565,8.515,38.292
860,6.742,2.891,24.590,0.143,0.161,0.003,0.674,8.975,44.191
861,4.318,2.588,18.109,0.141,0.159,0.003,0.537,8.268,34.117
862,4.392,2.336,17.164,0.138,0.152,0.002,0.525,8.267,32.976
863,4.045,2.347,17.269,0.138,0.155,0.003,0.531,8.194,32.681
864,4.089,2.318,19.208,0.139,0.156,0.002,0.545,8.165,34.641
865,4.453,4.041,25.224,0.138,0.157,0.002,0.587,8.687,43.297
866,7.669,8.640,119.082,0.136,0.161,0.002,1.856,18.027,155.871
867,11.631,5.974,33.068,0.148,0.161,0.002,0.549,9.122,60.658
868,6.039,2.870,22.917,0.144,0.169,0.673,0.544,9.165,41.848
869,6.554,2.704,21.358,0.139,0.164,0.003,0.531,8.427,39.869
870,5.548,2.621,23.463,0.136,0.168,0.002,0.577,8.471,40.994
871,4.673,2.729,17.713,0.142,0.166,0.002,0.556,8.393,34.367
872,4.961,2.565,18.985,0.139,0.164,0.002,0.559,8.201,35.577
873,5.133,2.702,18.276,0.141,0.165,0.002,0.576,8.262,35.244
874,5.202,2.646,18.266,0.144,0.164,0.002,0.541,8.199,35.162
875,4.117,2.491,17.080,0.140,0.161,0.002,0.515,8.270,32.759
876,5.711,2.509,19.488,0.146,0.164,0.002,0.532,8.279,36.811
877,4.859,3.267,18.141,0.140,0.158,0.003,0.538,8.220,35.327
878,4.947,2.354,17.537,0.142,0.161,0.003,0.532,8.280,33.945
879,4.631,2.536,17.067,0.140,0.156,0.002,0.515,8.316,33.355
880,4.043,2.188,18.085,0.153,0.163,0.003,0.496,8.245,33.342
881,5.222,4.079,25.666,0.143,0.162,0.002,0.569,11.672,47.523
882,4.815,2.438,21.812,0.142,0.155,0.002,0.537,8.284,38.189
883,4.186,4.795,18.517,0.141,0.165,0.002,0.510,8.281,36.583
884,4.216,2.360,18.668,0.177,0.166,0.005,0.520,8.418,34.468
885,4.295,2.257,17.653,0.142,0.202,1.261,0.535,8.206,33.245
886,4.769,2.838,18.287,0.144,0.192,0.003,0.532,8.256,34.984
887,4.032,2.147,16.678,0.139,0.183,0.002,0.506,8.209,31.869
888,4.028,4.220,18.242,0.138,0.177,0.698,0.508,8.242,35.541
889,4.512,2.325,17.969,0.139,0.176,0.003,0.621,8.327,34.073
890,5.289,2.152,17.872,0.140,0.176,0.003,0.537,8.201,34.363
891,4.009,2.303,16.578,0.144,0.176,0.003,0.504,8.189,31.873
892,4.107,2.315,18.178,0.144,0.176,0.002,0.532,8.557,33.988
893,4.229,2.223,17.491,0.139,0.173,0.002,0.510,8.335,33.088
894,4.635,2.783,18.023,0.141,0.171,0.002,0.512,8.260,34.510
895,4.186,2.359,16.841,0.134,0.171,0.002,0.467,8.301,32.435
896,4.339,2.223,17.574,0.144,0.173,0.002,0.512,8.244,33.188
897,4.572,2.826,17.519,0.142,0.175,0.002,0.514,8.240,33.966
898,5.147,2.553,17.165,0.137,0.171,0.002,0.505,8.128,33.795
899,4.097,2.137,16.582,0.138,0.174,0.002,0.507,8.231,31.837
900,3.761,3.739,17.323,0.138,0.173,0.002,0.508,8.167,33.787
901,6.215,2.246,17.929,0.148,0.175,0.002,0.535,8.366,35.586
902,4.680,2.220,17.081,0.150,0.177,0.003,0.520,8.180,32.971
903,4.443,2.583,16.834,0.144,0.170,0.002,0.506,8.130,32.787
904,6.140,2.380,18.554,0.156,0.179,0.003,0.518,8.211,36.093
905,4.334,2.292,17.250,0.135,0.172,0.002,0.517,8.251,32.939
906,4.814,2.238,17.027,0.144,0.177,0.002,0.505,8.196,33.070
907,4.019,2.160,16.660,0.139,0.175,0.002,0.489,8.208,31.827
908,3.962,2.181,17.758,0.137,0.170,0.002,0.493,8.251,32.934
909,5.596,2.594,17.490,0.133,0.170,0.002,0.567,8.336,34.880
910,4.591,2.197,17.403,0.133,0.165,0.002,0.496,8.284,33.260
911,4.669,2.309,16.658,0.145,0.176,0.002,0.497,8.221,32.642
912,4.313,2.599,17.593,0.153,0.174,0.003,0.519,8.173,33.498
913,4.443,2.422,17.720,0.135,0.167,0.003,0.512,8.254,33.648
914,4.645,2.382,16.953,0.137,0.169,0.002,0.507,8.422,33.200
915,4.078,2.278,16.573,0.138,0.179,0.002,0.501,8.195,31.915
916,4.513,2.314,18.084,0.141,0.178,0.002,0.505,8.178,33.884
917,5.455,2.197,17.714,0.133,0.171,0.002,0.514,8.303,34.486
918,4.720,2.547,17.479,0.131,0.178,0.003,0.522,8.354,33.922
919,4.244,2.139,16.708,0.152,0.182,0.003,0.499,8.203,32.081
920,4.514,2.231,17.689,0.139,0.184,0.003,0.514,8.170,33.405
921,4.465,1.864,17.168,0.134,0.173,0.002,0.515,8.251,32.566
922,4.858,1.943,17.777,0.138,0.178,0.002,0.501,8.119,33.496
923,4.150,2.334,16.571,0.134,0.179,0.002,0.498,8.178,32.019
924,3.950,1.808,17.937,0.139,0.183,1.546,0.479,8.372,32.828
925,4.581,1.720,19.741,0.149,0.183,0.004,0.530,8.256,35.129
926,5.289,2.551,18.045,0.166,0.197,0.003,0.529,8.239,34.953
927,4.121,1.681,16.777,0.304,0.200,0.002,0.535,8.330,31.752
928,4.550,1.919,19.785,0.141,0.183,0.792,0.522,8.271,35.452
929,6.572,1.893,19.876,0.140,0.199,0.002,0.558,8.357,37.562
930,5.187,1.820,17.466,0.142,0.183,0.002,0.546,8.268,33.578
931,4.117,1.742,16.837,0.148,0.187,0.002,0.501,8.225,31.717
932,4.889,2.142,17.983,0.137,0.188,1.520,0.497,8.263,34.060
933,4.583,1.975,18.313,0.143,0.191,0.002,0.546,8.271,33.980
934,4.726,1.782,17.049,0.135,0.190,0.002,0.511,8.252,32.618
935,4.045,1.839,17.402,0.137,0.186,0.002,0.503,8.205,32.286
936,4.388,1.690,17.744,0.137,0.184,0.637,0.513,8.143,32.768
937,5.386,1.649,17.254,0.141,0.187,0.003,0.508,8.235,33.332
938,4.651,1.898,17.212,0.137,0.184,0.002,0.509,8.271,32.834
939,4.578,1.969,16.796,0.138,0.180,0.002,0.518,8.240,32.392
940,4.287,1.635,17.258,0.137,0.180,0.002,0.515,8.147,32.142
941,4.218,1.483,17.489,0.160,0.190,0.003,0.527,8.202,32.216
942,4.791,1.673,17.053,0.163,0.194,0.003,0.505,8.257,32.580
943,4.023,1.453,17.276,0.139,0.191,0.002,0.516,8.175,31.737
944,4.567,1.742,17.721,0.142,0.186,0.003,0.537,8.195,33.061
945,4.558,1.475,17.348,0.142,0.188,0.002,0.514,8.259,32.461
946,4.296,1.434,17.375,0.150,0.193,0.003,0.503,8.174,32.077
947,4.321,2.100,18.741,0.147,0.198,0.002,0.540,8.451,34.463
948,5.143,1.982,20.659,0.139,0.184,0.002,0.579,8.616,37.287
949,5.071,1.690,17.148,0.140,0.189,0.002,0.532,8.287,33.021
950,4.050,1.630,18.138,0.136,0.181,0.002,0.545,8.247,32.913
951,4.517,2.063,17.969,0.136,0.177,0.003,0.549,8.270,33.664
952,4.572,3.536,20.761,0.144,0.182,0.004,0.528,8.472,38.173
953,4.890,1.880,17.676,0.146,0.194,0.002,0.520,8.287,33.548
954,4.162,2.118,17.645,0.140,0.187,0.002,0.491,8.470,33.181
955,5.258,2.021,17.383,0.139,0.183,0.002,0.522,8.137,33.620
956,4.584,2.091,17.839,0.206,0.180,0.002,0.528,8.409,33.747
957,4.812,2.228,17.513,0.139,0.188,0.002,0.515,8.234,33.595
958,4.041,1.832,17.189,0.137,0.178,0.002,0.517,8.530,32.415
959,4.408,2.014,17.557,0.134,0.175,0.002,0.518,8.186,32.977
960,3.936,1.752,17.276,0.139,0.185,0.002,0.518,8.228,32.004
961,4.548,1.848,17.638,0.140,0.186,0.002,0.504,8.130,32.955
962,4.120,1.787,16.484,0.140,0.197,0.002,0.551,8.232,31.480
963,4.036,1.914,19.193,0.139,0.185,0.002,0.563,8.234,34.251
964,4.281,1.821,17.503,0.149,0.192,0.003,0.526,8.244,32.683
965,4.879,1.640,16.891,0.142,0.189,0.002,0.517,8.977,33.198
966,3.991,1.779,16.551,0.145,0.193,0.003,0.498,8.234,31.340
967,4.031,1.802,26.102,0.144,0.188,0.002,0.521,8.178,40.941
968,4.637,2.358,17.536,0.142,0.193,0.003,0.540,8.410,33.781
969,5.179,1.675,17.452,0.163,0.195,0.006,0.507,8.254,33.359
970,4.125,1.588,16.467,0.189,0.200,0.003,0.510,8.196,31.169
971,4.429,1.816,17.401,0.141,0.182,0.002,0.492,8.190,32.612
972,5.250,1.808,18.321,0.139,0.187,0.003,0.532,8.242,34.458
973,4.312,4.025,17.071,0.146,0.187,0.002,0.498,8.656,34.856
974,4.287,1.924,16.618,0.134,0.176,0.002,0.507,8.341,31.965
975,4.522,1.731,17.576,0.132,0.185,0.002,0.497,8.225,32.837
976,5.003,1.623,17.419,0.137,0.184,0.002,0.515,8.253,33.106
977,4.720,1.652,17.155,0.145,0.186,0.002,0.489,8.166,32.469
978,4.068,1.804,16.654,0.136,0.178,0.002,0.525,8.398,31.739
979,4.685,1.736,17.263,0.133,0.183,0.002,0.481,8.181,32.631
980,4.793,1.911,17.269,0.141,0.184,0.003,0.529,8.338,33.141
981,6.554,3.390,62.010,0.135,0.193,0.002,0.546,8.348,81.148
982,4.060,1.910,16.748,0.134,0.185,0.002,0.508,8.307,31.817
983,4.557,1.615,17.814,0.134,0.181,0.002,0.504,8.196,32.972
984,4.195,1.782,17.249,0.137,0.183,0.002,0.513,8.226,32.262
985,4.346,2.093,17.009,0.138,0.182,0.002,0.502,8.232,32.468
986,4.053,1.650,16.714,0.144,0.190,0.003,17.817,8.082,53.810
987,4.330,2.059,18.387,0.134,0.180,0.002,0.521,8.202,33.830
988,5.704,2.200,20.936,0.145,0.183,0.003,0.559,8.860,38.617
989,4.609,2.025,16.717,0.140,0.185,0.002,0.507,8.449,32.621
990,4.420,2.164,16.809,0.135,0.179,0.003,9.582,10.508,44.448
991,4.447,1.825,18.575,0.134,0.177,0.002,0.492,8.188,33.821
992,12.038,3.639,31.195,0.136,0.183,0.002,0.768,11.431,59.507
993,4.513,2.050,16.746,0.138,0.181,0.003,0.510,8.190,32.304
994,4.187,3.474,16.674,0.139,0.178,0.002,0.522,8.197,33.353
995,4.081,1.914,17.162,0.133,0.178,0.002,0.503,8.177,32.115
996,4.747,1.877,17.387,0.135,0.180,0.002,0.525,8.242,33.079
997,4.709,2.151,17.817,0.138,0.187,0.002,0.515,8.290,33.771
998,4.423,1.873,17.020,0.134,0.187,0.002,0.540,8.292,32.438
999,4.132,1.549,17.352,0.134,0.187,0.002,0.519,8.206,32.045
1000,4.339,2.112,17.936,0.141,0.181,0.002,0.562,8.508,33.765
1001,4.684,1.721,17.233,0.149,0.207,0.004,0.516,8.279,32.737
1002,4.204,2.270,17.182,0.140,0.190,0.002,0.534,8.252,32.734
1003,4.604,1.656,17.420,0.134,0.184,0.002,0.521,8.370,32.868
1004,4.464,2.152,17.457,0.146,0.215,0.003,0.524,8.375,33.272
1005,4.350,1.651,17.602,0.155,0.199,0.003,0.519,8.324,32.746
1006,4.233,1.831,17.415,0.141,0.201,0.003,0.506,8.285,32.570
1007,4.208,1.671,18.086,0.142,0.190,0.003,0.534,8.370,33.182
1008,4.508,1.505,17.749,0.140,0.194,0.002,10.675,8.516,43.940
1009,4.596,1.743,17.471,0.144,0.195,0.002,0.525,8.261,32.901
1010,4.671,2.045,17.577,0.137,0.182,0.002,0.498,8.269,33.366
1011,4.275,1.695,18.922,0.135,0.182,0.002,0.546,8.309,34.058
1012,4.295,1.447,18.906,0.137,0.188,0.003,0.530,8.387,33.872
1013,4.428,1.540,17.787,0.140,0.192,0.002,0.514,8.197,32.776
1014,4.439,1.818,17.213,0.134,0.185,0.002,0.540,8.387,32.709
1015,4.147,1.456,18.383,0.283,0.200,0.003,0.514,8.249,33.054
1016,4.657,1.500,18.647,0.233,0.197,0.004,0.543,8.277,33.938
1017,4.963,1.853,17.157,0.158,0.195,0.003,0.534,8.407,33.215
1018,4.181,1.459,17.030,0.161,0.188,0.003,0.525,8.257,31.761
1019,4.088,1.621,18.614,0.149,0.186,0.002,0.519,8.206,33.346
1020,5.659,1.544,20.241,0.144,0.189,0.002,0.556,8.370,36.690
1021,5.796,1.747,19.616,0.142,0.189,0.003,0.546,8.297,36.310
1022,4.234,1.815,17.691,0.163,0.187,0.002,0.533,8.250,32.824
1023,4.152,1.663,19.251,0.138,0.189,0.002,0.531,8.330,34.236
1024,4.343,1.887,24.330,0.142,0.190,0.002,0.688,8.629,40.229
1025,4.973,2.832,18.611,0.141,0.190,0.003,10.409,8.551,46.981
1026,4.864,2.219,17.095,0.165,0.197,0.003,0.520,8.352,33.388
1027,4.535,2.194,18.215,0.142,0.185,0.002,0.507,8.254,34.030
1028,4.469,1.833,17.994,0.161,0.187,0.003,0.533,8.486,34.329
1029,4.753,2.560,18.864,0.141,0.184,0.002,0.533,8.389,35.419
1030,4.249,2.183,16.995,0.131,0.180,0.003,0.525,8.253,32.525
1031,4.146,1.875,18.731,0.132,0.177,0.002,0.535,8.236,33.847
1032,4.349,2.202,18.298,0.135,0.185,0.002,0.567,8.235,33.974
1033,4.975,2.702,17.694,0.140,0.186,0.003,0.531,8.396,34.615
1034,4.611,2.772,17.324,0.135,0.181,0.002,0.523,8.276,33.821
1035,4.870,2.013,18.996,0.137,0.178,0.002,0.518,8.277,34.982
1036,4.659,1.778,18.815,0.131,0.176,0.002,0.540,8.345,34.459
1037,4.919,2.204,17.574,0.135,0.187,0.002,0.528,8.291,33.835
1038,4.082,3.938,17.009,0.141,0.187,0.002,0.518,8.230,34.087
1039,4.194,1.809,17.789,0.143,0.178,0.002,0.513,8.286,32.906
1040,4.552,2.234,18.369,0.134,0.178,0.002,0.531,8.347,34.347
1041,4.961,1.939,19.704,0.133,0.179,0.002,0.535,8.303,35.769
1042,4.540,2.045,20.242,0.135,0.178,0.002,0.580,8.457,36.195
1043,4.184,1.961,17.104,0.133,0.178,0.002,0.538,8.225,32.329
1044,4.297,1.732,17.312,0.140,0.183,0.002,0.541,8.502,32.723
1045,4.042,1.947,16.744,0.140,0.183,0.002,0.495,8.201,31.738
1046,4.414,2.713,18.400,0.141,0.184,0.003,0.526,8.485,34.862
1047,4.955,2.055,17.408,0.146,0.185,0.007,0.529,8.296,33.560
1048,4.352,1.817,17.042,0.137,0.182,0.003,0.493,8.325,32.338
1049,4.044,1.913,16.825,0.141,0.185,0.002,0.512,8.237,31.839
1050,4.075,2.079,17.477,0.149,0.190,0.003,0.521,8.439,32.891
1051,5.184,1.899,17.763,0.133,0.178,0.006,0.540,8.561,34.271
1052,4.841,2.022,17.850,0.142,0.184,0.002,0.539,8.483,34.066
1053,4.941,4.143,17.300,0.143,0.191,0.003,0.513,8.448,35.651
1054,4.627,2.332,19.152,0.134,0.180,0.002,0.523,8.306,35.248
1055,4.470,2.151,19.168,0.134,0.182,0.002,0.546,8.269,34.923
1056,6.307,2.631,20.303,0.136,0.183,0.002,0.553,8.342,38.458
1057,5.013,2.047,16.716,0.137,0.183,0.002,0.509,8.197,32.789
1058,4.039,1.919,17.708,0.134,0.183,0.002,0.495,8.231,32.704
1059,4.318,1.974,18.289,0.137,0.178,0.003,0.577,8.219,33.714
1060,4.613,1.632,18.123,0.136,0.184,0.002,0.519,8.198,33.411
1061,3.989,1.715,16.573,0.135,0.184,0.003,0.502,8.184,31.273
1062,3.985,1.644,16.682,0.140,0.181,0.002,0.514,8.155,31.299
1063,4.270,1.868,17.210,0.131,0.176,0.002,0.502,8.241,32.408
1064,4.035,1.940,17.421,0.138,0.186,0.002,0.503,8.238,34.006
1065,4.238,2.239,18.303,0.151,0.189,0.003,0.601,8.293,34.013
1066,4.449,1.759,20.144,0.135,0.180,0.002,0.603,8.444,35.765
1067,4.523,1.706,20.345,0.142,0.186,0.003,0.533,8.372,35.986
1068,4.074,2.015,18.884,0.143,0.187,0.002,10.193,8.253,44.539
1069,4.365,2.438,17.586,0.145,0.194,0.002,0.522,8.297,33.550
1070,10.548,2.393,17.103,0.137,0.186,0.002,0.555,8.215,39.142
1071,4.282,2.014,17.817,0.135,0.182,0.003,0.529,8.208,33.188
1072,4.679,2.122,19.785,0.136,0.185,0.002,11.750,8.425,48.609
1073,4.279,2.154,17.391,0.138,0.185,0.002,0.517,8.260,32.938
1074,11.422,2.138,17.008,0.136,0.178,0.002,0.517,8.223,39.637
1075,4.083,2.469,17.039,0.136,0.181,0.002,0.503,8.259,32.680
1076,4.549,1.634,20.557,0.142,0.185,0.002,10.142,8.271,46.112
1077,4.447,2.162,18.995,0.143,0.182,0.002,0.604,8.241,34.780
1078,10.480,2.165,17.202,0.142,0.188,0.002,0.528,8.260,38.960
1079,4.658,2.251,17.119,0.139,0.178,0.002,0.542,8.314,33.205
1080,4.197,1.910,18.123,0.145,0.183,0.002,0.519,8.205,33.274
1081,4.837,2.305,20.219,0.140,0.183,0.002,0.601,8.661,36.978
1082,5.451,2.206,27.472,0.136,0.180,0.002,0.593,8.483,44.567
1083,4.187,2.148,17.180,0.139,0.181,0.003,0.532,8.213,32.593
1084,4.595,3.092,18.720,0.137,0.186,0.002,0.542,8.519,35.801
1085,4.741,2.036,17.513,0.155,0.188,0.002,0.527,8.236,33.388
1086,5.238,4.593,19.373,0.138,0.179,0.002,0.569,8.612,38.733
1087,4.053,2.241,17.083,0.135,0.179,0.002,0.556,8.410,32.691
1088,4.710,1.951,19.588,0.137,0.180,0.002,0.537,8.215,35.328
1089,4.375,2.010,18.537,0.138,0.180,0.003,0.525,8.424,34.204
1090,5.406,2.249,17.432,0.144,0.177,0.002,0.516,8.256,34.179
1091,5.856,2.192,16.767,0.146,0.182,0.002,0.533,8.198,33.862
1092,4.374,6.135,59.558,0.135,0.174,0.002,0.547,9.253,80.198
1093,4.508,2.226,17.828,0.140,0.186,0.003,0.566,8.246,33.718
1094,5.006,2.269,18.257,0.135,0.178,0.003,0.552,8.386,34.801
1095,4.047,2.971,16.860,0.144,0.186,0.003,0.544,8.263,33.010
1096,3.935,2.145,18.131,0.140,0.188,0.003,0.527,8.156,33.282
1097,4.617,2.581,17.726,0.139,0.190,0.002,0.542,8.432,34.228
1098,4.674,2.156,17.199,0.139,0.187,0.002,0.506,8.222,33.075
1099,3.997,2.094,16.593,0.136,0.182,0.002,0.505,8.110,31.612
1100,4.384,1.905,18.177,0.136,0.182,0.003,0.509,8.180,33.484
1101,4.319,3.746,17.182,0.139,0.189,0.003,0.514,8.270,34.360
1102,5.281,2.003,17.456,0.136,0.183,0.002,0.580,8.295,33.957
1103,4.055,2.211,16.624,0.136,0.188,0.002,0.509,8.228,31.955
1104,3.984,5.536,18.429,0.141,0.185,0.002,0.575,8.847,37.716
1105,4.393,2.421,19.613,0.138,0.178,0.002,0.537,8.272,35.571
1106,4.660,2.166,19.061,0.143,0.177,0.002,0.535,8.242,35.006
1107,4.257,2.225,17.438,0.134,0.175,0.002,0.547,8.264,33.066
1108,4.182,1.913,19.780,0.138,0.180,0.003,0.564,8.302,35.079
1109,4.645,4.643,18.651,0.141,0.183,0.002,0.689,8.643,37.637
1110,5.452,2.629,25.506,0.136,0.174,0.002,0.638,8.429,43.046
1111,5.396,3.117,17.512,0.133,0.150,0.985,0.533,8.252,35.136
1112,4.365,2.240,18.230,0.142,0.158,0.003,0.541,8.187,33.895
1113,4.248,2.240,18.352,0.138,0.153,0.002,0.518,8.370,34.063
1114,4.714,2.247,17.274,0.134,0.155,0.002,0.511,8.234,33.294
1115,4.038,2.624,17.879,0.134,0.154,0.002,0.511,8.276,33.647
1116,3.977,1.989,17.691,0.136,0.162,0.002,0.525,8.252,32.759
1117,4.257,2.333,17.636,0.137,0.157,0.002,0.522,8.710,33.792
1118,4.512,2.283,17.377,0.135,0.157,0.002,0.512,8.192,33.194
1119,4.323,2.258,16.773,0.142,0.165,0.002,0.521,7.534,31.728
1120,4.027,1.637,18.032,0.140,0.163,0.002,0.523,8.218,32.766
1121,4.306,2.244,17.319,0.139,0.162,0.002,0.550,8.247,32.995
1122,5.366,2.204,17.047,0.137,0.162,0.002,0.523,8.271,33.732
1123,4.322,2.432,16.910,0.137,0.159,0.002,0.508,8.206,32.697
1124,4.348,2.303,18.228,0.141,0.161,0.002,0.523,8.149,33.874
1125,4.275,2.143,17.173,0.147,0.162,0.002,0.489,8.224,32.627
1126,4.726,1.930,17.611,0.135,0.155,0.002,0.609,8.411,33.624
1127,4.011,1.884,16.530,0.135,0.159,0.002,0.518,8.172,31.432
1128,4.418,2.385,17.606,0.148,0.155,0.003,0.531,8.247,33.518
1129,4.303,2.189,17.183,0.141,0.160,0.002,0.572,8.267,32.843
1130,4.738,1.906,16.937,0.137,0.150,0.002,0.512,8.228,32.639
1131,4.041,2.207,16.714,0.135,0.144,0.002,0.515,8.202,31.994
1132,4.323,2.078,18.347,0.148,0.158,0.003,0.512,8.386,33.969
1133,4.576,2.435,17.722,0.139,0.154,0.003,0.525,8.291,33.872
1134,5.227,2.182,17.255,0.149,0.153,0.002,0.506,8.325,33.816
1135,4.256,2.598,16.695,0.136,0.179,1.511,0.516,8.199,32.578
1136,4.141,2.195,18.048,0.141,0.184,0.002,0.511,8.204,33.417
1137,4.609,2.257,17.263,0.139,0.186,0.002,0.525,8.171,33.153
1138,5.246,2.177,16.892,0.134,0.182,0.002,0.514,8.221,33.375
1139,4.089,2.140,16.891,0.132,0.181,0.002,0.514,8.239,32.197
1140,4.421,2.033,17.652,0.135,0.187,0.002,0.557,8.219,33.208
1141,5.535,3.825,26.627,0.137,0.183,0.002,0.582,8.376,45.305
1142,4.460,2.328,18.696,0.133,0.175,0.002,0.558,9.006,35.380
1143,4.407,3.021,16.798,0.154,0.179,0.002,0.521,8.369,33.438
1144,4.722,1.968,20.752,0.141,0.180,0.003,0.565,8.423,36.795
1145,4.999,2.398,19.491,0.140,0.185,0.002,0.565,8.476,36.289
1146,4.564,3.622,19.395,0.143,0.186,0.002,0.549,8.285,36.762
1147,4.499,2.225,17.365,0.136,0.177,0.002,0.546,8.249,33.220
1148,4.197,1.971,21.540,0.142,0.189,0.002,0.533,8.356,36.937
1149,4.370,2.292,18.159,0.149,0.189,0.002,0.560,8.233,33.956
1150,4.376,2.187,17.261,0.137,0.188,0.002,0.517,8.228,32.891
1151,4.033,1.626,16.910,0.137,0.196,0.002,0.527,8.228,31.644
1152,3.967,1.645,17.378,0.155,0.186,0.003,0.520,8.179,32.017
1153,4.565,1.845,17.378,0.144,0.181,0.004,0.529,8.243,32.894
1154,4.707,1.869,17.620,0.138,0.181,0.002,0.516,8.218,33.252
1155,4.393,2.812,17.168,0.135,0.183,0.002,0.543,8.481,33.883
1156,5.325,2.271,27.706,0.139,0.191,0.002,0.612,8.672,45.020
1157,5.136,4.715,79.437,0.135,0.189,0.002,0.599,9.387,99.632
1158,4.573,2.251,18.676,0.134,0.181,0.003,0.615,8.278,34.748
1159,4.036,2.654,18.836,0.132,0.181,0.002,0.532,8.458,34.853
1160,5.111,5.430,21.932,0.138,0.189,0.002,0.527,8.213,41.549
1161,5.058,1.949,18.924,0.141,0.178,0.002,0.538,8.262,35.066
1162,5.257,2.293,17.554,0.139,0.146,1.931,0.528,8.221,34.206
1163,4.656,1.912,17.242,0.143,0.154,0.002,0.546,8.263,32.950
1164,4.581,2.060,17.898,0.199,0.231,0.003,0.536,8.316,33.725
1165,4.799,2.147,17.420,0.143,0.152,0.002,0.536,8.337,33.575
1166,5.768,1.916,19.897,0.145,0.150,0.002,0.606,8.361,36.913
1167,4.458,2.351,17.052,0.147,0.147,0.003,0.529,8.264,32.985
1168,4.445,2.215,17.895,0.133,0.171,0.766,0.580,8.374,33.860
1169,5.428,2.193,17.169,0.137,0.174,0.003,0.538,8.248,33.904
1170,5.151,2.344,17.946,0.176,0.242,0.003,0.501,8.205,34.463
1171,4.094,2.611,16.855,0.143,0.145,1.751,0.491,8.204,32.566
1172,4.199,2.173,17.981,0.138,0.146,0.002,0.483,8.177,33.337
1173,4.747,2.428,17.323,0.193,0.220,0.003,0.526,8.256,33.611
1174,5.472,2.248,16.940,0.135,0.143,0.002,0.512,8.207,33.697
1175,4.087,2.111,16.561,0.132,0.139,0.003,0.511,8.197,31.785
1176,4.302,3.428,18.142,0.137,0.144,0.002,0.515,8.170,34.866
1177,4.341,2.228,17.169,0.131,0.157,0.824,0.536,8.270,32.868
1178,5.185,2.596,17.534,0.134,0.150,0.002,0.531,8.311,34.486
1179,4.048,2.277,17.124,0.190,0.239,0.003,0.523,8.259,32.555
1180,3.985,2.216,17.774,0.136,0.156,0.002,0.506,8.245,33.041
1181,4.729,2.444,17.532,0.136,0.155,0.002,0.488,8.365,33.874
1182,4.700,2.107,16.715,0.140,0.154,0.002,0.513,8.245,32.595
1183,4.035,2.197,16.873,0.135,0.147,0.848,0.567,8.213,32.199
1184,5.517,2.198,17.586,0.137,0.150,0.003,0.514,8.133,34.273
1185,4.269,2.312,17.459,0.142,0.166,0.003,0.529,8.264,33.159
1186,4.845,3.542,19.127,0.134,0.146,0.003,0.536,8.307,36.685
1187,4.368,2.597,17.216,0.146,0.158,0.003,0.553,8.287,33.362
1188,4.260,2.308,18.154,0.142,0.151,0.002,0.529,8.201,33.776
1189,4.540,5.459,17.758,0.133,0.153,0.002,0.540,8.268,36.894
1190,4.859,2.365,17.713,0.140,0.155,0.002,0.565,8.303,34.146
1191,4.065,2.169,16.895,0.143,0.155,0.002,0.528,8.224,32.198
1192,4.331,3.868,18.406,0.151,0.163,0.002,0.540,8.465,35.940
1193,4.589,2.419,17.315,0.136,0.161,0.002,0.545,8.428,33.632
1194,4.414,2.240,17.056,0.135,0.162,0.002,0.524,8.190,32.741
1195,4.373,2.532,16.974,0.135,0.155,0.002,0.497,8.209,32.906
1196,3.978,2.159,17.858,0.133,0.155,0.002,0.520,8.158,32.996
1197,4.227,2.685,17.445,0.134,0.163,0.002,0.516,8.311,33.508
1198,4.531,2.217,17.122,0.139,0.161,0.002,0.521,8.188,32.899
1199,4.014,2.178,16.687,0.137,0.148,0.002,0.516,8.234,31.948
1200,4.120,2.449,17.682,0.136,0.157,0.002,0.500,8.346,33.420
1201,5.363,2.247,18.351,0.142,0.152,0.003,0.517,8.316,35.117
1202,4.841,2.171,16.727,0.137,0.154,0.002,0.528,8.134,32.725
1203,4.046,2.540,16.799,0.135,0.160,0.918,0.478,8.228,32.400
1204,4.078,2.323,17.327,0.134,0.163,0.003,0.536,8.230,32.822
1205,4.704,2.656,17.855,0.161,0.199,0.003,0.590,8.488,34.637
1206,4.782,2.156,16.674,0.135,0.164,0.002,0.522,8.268,32.721
1207,4.049,3.519,16.992,0.131,0.159,0.002,0.560,8.275,33.727
1208,4.382,2.328,18.216,0.134,0.163,0.002,0.513,8.384,34.157
1209,4.257,2.316,17.448,0.138,0.154,0.810,0.529,8.422,33.314
1210,4.386,2.241,17.067,0.134,0.174,0.779,0.500,8.186,32.706
1211,3.986,2.149,16.632,0.136,0.192,0.002,0.518,8.126,31.733
1212,3.959,2.084,18.216,0.137,0.184,0.009,0.500,8.191,33.275
1213,4.638,2.452,17.643,0.140,0.185,0.002,0.521,8.264,33.844
1214,5.479,2.377,18.685,0.135,0.177,0.002,0.510,8.202,35.570
1215,4.049,2.221,16.696,0.137,0.180,0.002,0.503,8.147,31.937
1216,4.534,1.790,18.068,0.135,0.184,0.003,0.516,8.170,33.408
1217,4.567,2.147,17.534,0.137,0.186,0.002,0.518,8.199,33.294
1218,4.410,1.899,17.413,0.135,0.177,0.002,0.505,8.255,32.816
1219,4.225,2.457,17.015,0.133,0.180,0.002,0.494,8.228,32.739
1220,4.351,1.826,18.085,0.139,0.194,0.804,0.510,8.318,33.422
1221,4.456,1.815,17.545,0.144,0.192,0.002,0.524,8.224,32.891
1222,4.369,1.741,16.824,0.139,0.196,0.003,0.520,8.247,32.019
1223,4.099,1.685,16.736,0.130,0.180,0.002,0.513,8.229,31.585
1224,4.432,1.726,18.173,0.140,0.186,0.002,0.548,8.189,33.393
1225,4.637,1.679,18.437,0.133,0.190,0.002,0.598,8.325,34.022
1226,4.440,1.755,16.632,0.141,0.194,0.002,0.513,8.177,31.838
1227,4.411,1.913,17.078,0.137,0.180,0.756,0.496,8.331,32.547
1228,4.012,1.654,17.338,0.139,0.185,0.002,0.523,8.185,32.031
1229,4.340,1.717,17.230,0.140,0.191,0.002,0.518,8.216,32.342
1230,4.363,1.640,17.665,0.138,0.183,0.002,0.528,8.184,32.704
1231,4.087,4.086,16.867,0.134,0.180,0.002,0.524,8.270,34.165
1232,4.772,2.602,18.232,0.148,0.181,0.002,0.502,8.494,34.913
1233,4.957,1.776,17.403,0.136,0.157,0.911,0.531,8.187,33.183
1234,4.759,1.635,16.698,0.139,0.156,0.002,0.499,8.203,32.111
1235,4.598,1.713,16.792,0.157,0.176,0.002,0.521,8.187,32.146
1236,3.996,1.437,17.877,0.135,0.154,0.002,0.503,8.174,32.318
1237,4.354,1.630,17.249,0.142,0.158,0.002,0.518,8.229,32.312
1238,4.745,1.705,17.096,0.135,0.156,0.002,0.516,8.186,32.577
1239,4.018,1.645,16.591,0.133,0.177,0.929,0.503,8.823,31.902
1240,4.004,1.485,17.907,0.148,0.185,0.002,0.506,8.209,32.432
1241,4.629,1.725,17.258,0.146,0.185,0.003,0.518,8.240,32.702
1242,5.043,1.884,16.999,0.135,0.182,0.003,0.524,8.214,32.986
1243,4.084,1.955,16.875,0.141,0.184,0.002,0.493,8.159,31.893
1244,4.497,1.689,17.566,0.134,0.185,0.003,0.510,8.199,32.796
1245,4.396,1.712,17.238,0.134,0.168,0.818,0.513,8.212,32.390
1246,4.571,1.671,17.293,0.134,0.162,0.002,0.518,8.216,32.592
1247,4.091,1.639,16.656,0.135,0.134,0.822,0.502,8.258,31.458
1248,4.331,1.704,17.458,0.137,0.152,0.002,0.514,8.279,32.607
1249,4.677,1.694,17.483,0.138,0.157,0.833,0.513,8.406,33.100
1250,4.811,1.476,16.847,0.137,0.198,3.545,0.506,8.173,32.126
1251,4.410,1.832,16.933,0.137,0.183,0.712,11.034,8.322,43.804
1252,4.138,1.439,18.273,0.141,0.193,0.002,0.510,8.247,32.911
1253,4.494,1.651,17.280,0.138,0.184,0.003,0.519,8.205,32.444
1254,4.692,1.707,17.116,0.143,0.190,0.002,0.504,8.241,32.553
1255,4.104,1.468,16.560,0.136,0.189,0.002,0.503,8.112,31.039
1256,4.045,1.437,17.437,0.139,0.190,0.003,0.506,8.161,31.888
1257,4.336,1.477,17.303,0.137,0.186,0.002,0.519,8.239,32.172
1258,4.689,1.698,17.359,0.161,0.191,0.002,0.518,8.245,32.804
1259,4.307,1.512,17.273,0.132,0.161,2.383,0.535,8.252,32.189
1260,4.043,1.498,18.746,0.131,0.181,0.002,0.519,8.205,33.318
1261,5.701,1.481,18.861,0.137,0.139,0.906,0.530,8.211,35.088
1262,5.489,1.715,17.271,0.137,0.135,0.002,0.497,8.228,33.502
1263,4.276,1.816,17.225,0.146,0.168,0.836,0.517,7.555,31.689
1264,4.996,1.764,18.379,0.138,0.153,1.120,0.523,8.374,34.341
1265,5.023,1.803,20.194,0.167,0.189,0.688,0.554,8.323,36.210
1266,5.205,1.839,17.152,0.147,0.190,0.002,0.515,8.236,33.240
1267,4.010,1.587,16.570,0.145,0.188,0.003,0.504,8.168,31.136
1268,4.943,2.301,20.817,0.135,0.169,0.739,0.548,8.371,37.287
1269,4.242,1.701,17.371,0.133,0.172,0.002,0.536,8.208,32.362
1270,4.818,1.690,17.394,0.137,0.136,0.743,0.517,8.238,32.948
1271,3.999,1.682,16.650,0.136,0.140,0.002,0.501,8.125,31.238
1272,4.686,2.082,20.135,0.134,0.130,0.002,0.555,8.368,36.136
1273,4.810,2.614,17.600,0.135,0.140,0.002,0.581,8.328,34.229
1274,4.485,2.045,17.232,0.132,0.142,0.002,0.526,8.261,32.853
1275,4.084,1.718,16.752,0.134,0.141,0.002,10.687,8.239,43.308
1276,4.409,1.919,18.213,0.138,0.143,0.002,0.528,8.201,33.599
1277,4.606,2.430,17.561,0.257,0.149,0.002,0.535,8.213,33.673
1278,4.306,1.921,17.465,0.136,0.141,0.003,0.514,8.211,32.737
1279,4.037,2.089,16.675,0.132,0.136,0.002,0.507,8.163,31.787
1280,4.629,1.940,18.197,0.134,0.138,0.002,0.514,8.339,33.945
1281,4.284,2.246,17.470,0.138,0.143,0.002,0.527,8.260,33.109
1282,5.102,1.884,16.700,0.136,0.143,0.002,0.514,8.210,32.722
1283,5.048,2.606,17.449,0.133,0.150,0.761,0.539,8.316,34.295
1284,4.523,2.322,18.053,0.135,0.150,1.304,0.532,8.307,34.063
1285,4.323,2.131,17.360,0.144,0.151,0.002,0.538,7.547,32.227
1286,4.759,2.257,17.499,0.133,0.148,0.002,0.540,8.182,33.570
1287,4.481,1.981,16.832,0.132,0.143,0.002,0.519,8.201,32.331
1288,4.076,1.914,18.643,0.134,0.153,0.002,0.530,8.172,33.669
1289,4.275,1.995,17.311,0.141,0.157,0.002,0.547,8.268,32.738
1290,4.827,3.391,17.102,0.145,0.156,0.002,0.541,8.255,34.443
1291,4.193,2.520,17.589,0.138,0.155,0.003,0.530,8.285,33.452
1292,4.289,2.083,18.270,0.141,0.154,0.003,0.531,8.175,33.692
1293,4.689,3.562,18.119,0.138,0.149,0.002,0.580,8.188,35.470
1294,4.214,2.017,17.139,0.139,0.147,0.002,0.529,8.200,32.420
1295,4.119,3.225,16.716,0.131,0.147,0.002,0.514,8.184,33.077
1296,4.172,1.955,18.649,0.134,0.148,0.003,0.534,8.420,34.064
1297,4.559,2.522,17.255,0.135,0.150,0.003,0.543,8.171,33.376
1298,4.073,1.845,16.756,0.135,0.147,0.002,0.515,8.230,31.738
1299,4.330,6.242,16.660,0.135,0.151,0.002,0.516,8.233,36.297
1300,4.350,2.178,18.075,0.147,0.153,0.002,0.521,8.215,33.670
1301,4.270,2.242,17.422,0.128,0.144,0.002,0.524,8.328,33.107
1302,4.619,1.907,17.647,0.137,0.146,0.002,10.514,8.137,45.040
1303,4.042,1.890,16.978,0.137,0.148,0.002,0.527,8.137,31.874
1304,15.041,4.502,35.034,0.144,0.151,0.002,0.746,11.097,66.854
1305,5.701,2.037,17.618,0.137,0.145,0.680,0.543,8.286,34.483
1306,4.305,4.364,17.552,0.144,0.144,0.002,0.532,8.367,35.418
1307,4.410,2.303,17.609,0.143,0.147,0.002,0.549,8.329,33.497
1308,4.447,3.389,18.356,0.141,0.141,0.002,10.094,8.210,45.567
1309,4.208,6.687,17.412,0.140,0.143,0.002,0.519,8.297,37.438
1310,8.022,3.600,26.958,0.140,0.146,0.002,0.668,10.510,50.181
1311,4.306,2.170,16.570,0.139,0.158,0.854,9.920,8.241,43.247
1312,4.021,2.157,17.309,0.143,0.162,0.003,0.502,8.303,32.579
1313,15.529,4.589,31.930,0.139,0.157,0.002,0.721,11.680,64.866
1314,4.288,2.284,17.060,0.147,0.165,0.002,0.520,7.515,31.948
1315,4.094,2.179,16.533,0.145,0.162,0.003,0.503,8.219,31.802
1316,4.257,3.105,17.903,0.151,0.162,0.002,0.500,8.107,34.157
1317,4.237,2.250,18.101,0.139,0.163,0.002,9.723,8.250,43.674
1318,4.049,2.497,17.074,0.134,0.162,0.002,0.494,8.219,32.620
1319,10.513,4.352,32.037,0.141,0.160,0.003,0.746,11.449,59.530
1320,4.193,1.700,17.496,0.144,0.161,0.002,0.510,8.224,32.417
1321,4.800,2.223,17.934,0.147,0.165,0.003,0.524,8.218,33.993
1322,4.426,2.119,17.332,0.133,0.159,0.002,0.519,8.142,32.836
1323,4.048,2.214,16.747,0.139,0.163,0.002,10.215,8.210,42.566
1324,4.316,1.756,17.632,0.141,0.168,0.002,0.524,8.246,32.765
1325,4.698,2.147,17.699,0.149,0.163,0.002,0.523,8.280,33.660
1326,4.389,2.073,16.821,0.143,0.164,0.002,0.500,8.286,32.353
1327,5.082,2.553,17.860,0.140,0.164,0.002,0.589,8.543,34.935
1328,4.340,1.525,18.284,0.137,0.144,0.731,0.537,8.245,33.227
1329,4.537,2.017,17.412,0.141,0.145,0.002,0.524,8.325,33.104
1330,4.930,1.486,16.971,0.140,0.144,0.002,0.529,8.210,32.424
1331,4.117,1.437,17.167,0.131,0.142,0.003,0.526,8.439,31.991
1332,4.009,1.905,17.879,0.171,0.158,0.002,0.515,8.172,32.797
1333,4.655,3.682,17.238,0.144,0.144,0.002,0.538,8.340,34.754
1334,5.104,2.124,17.091,0.136,0.139,0.002,0.531,8.194,33.344
1335,4.430,1.814,16.954,0.137,0.150,0.002,0.528,8.288,32.308
1336,4.129,2.921,17.988,0.137,0.140,0.002,0.495,8.267,34.090
1337,4.935,2.043,17.529,0.133,0.142,0.002,0.523,8.317,33.646
1338,4.540,1.525,17.954,0.135,0.144,0.003,0.537,8.725,33.584
1339,4.514,2.117,17.227,0.133,0.150,0.002,0.519,8.296,32.959
1340,4.327,1.683,17.726,0.133,0.144,0.002,0.539,8.170,32.741
1341,4.379,1.804,17.544,0.139,0.149,0.002,0.564,8.274,32.864
1342,4.377,1.497,17.406,0.133,0.146,0.002,0.517,8.154,32.246
1343,4.330,1.724,16.832,0.141,0.148,0.002,10.298,8.291,42.687
1344,4.086,1.766,17.485,0.137,0.145,0.002,0.516,8.429,32.582
1345,7.683,2.922,24.839,0.133,0.147,0.002,0.621,10.026,46.453
1346,4.692,2.066,18.110,0.138,0.148,0.002,0.513,8.160,33.844
1347,3.967,3.218,16.794,0.137,0.147,0.002,0.507,9.610,34.388
1348,4.096,1.656,18.188,0.134,0.142,0.002,0.516,8.246,33.001
1349,4.781,2.222,17.604,0.133,0.143,0.002,10.259,8.306,44.276
1350,4.010,1.856,16.585,0.137,0.140,0.002,9.873,8.192,41.604
1351,4.507,1.674,16.722,0.133,0.140,0.003,0.501,8.260,31.995
1352,4.393,1.818,21.736,0.133,0.140,0.003,0.527,8.234,37.039
1353,4.841,1.972,17.279,0.135,0.149,0.002,0.521,8.236,33.178
1354,4.273,1.781,16.845,0.139,0.144,0.002,0.504,8.263,31.981
1355,4.007,1.689,16.846,0.139,0.142,0.002,0.559,8.262,31.683
1356,4.222,2.501,18.413,0.138,0.145,0.002,0.539,8.191,34.190
1357,4.595,2.003,17.352,0.137,0.137,0.840,0.519,8.327,33.123
1358,4.599,1.975,17.016,0.137,0.135,0.002,0.508,8.221,32.634
1359,4.056,1.523,16.598,0.134,0.128,0.002,0.513,8.289,31.294
1360,4.129,1.734,18.086,0.135,0.136,0.002,9.822,8.241,43.149
1361,4.580,1.770,17.573,0.139,0.134,0.003,0.520,8.244,33.027
1362,4.646,1.709,17.343,0.142,0.135,0.002,0.521,8.261,32.818
1363,3.980,1.749,16.446,0.138,0.137,0.002,0.468,8.276,31.232
1364,5.657,1.448,19.757,0.139,0.149,0.002,0.524,8.120,35.834
1365,4.302,1.801,17.483,0.139,0.138,0.002,0.501,8.180,32.593
1366,4.491,1.806,17.633,0.137,0.136,0.002,0.536,8.186,32.991
1367,4.036,2.983,16.906,0.136,0.147,0.002,10.201,8.367,43.568
1368,3.977,1.478,17.327,0.137,0.144,0.002,0.510,8.442,32.060
1369,5.013,1.882,17.986,0.135,0.142,0.002,0.526,8.113,33.855
1370,4.373,1.659,19.405,0.141,0.142,0.003,0.507,8.140,34.409
1371,4.472,1.659,16.842,0.150,0.145,0.003,0.514,8.221,32.025
1372,3.951,1.502,17.886,0.148,0.143,0.003,0.511,8.285,32.467
1373,4.186,1.956,17.213,0.147,0.141,0.002,10.193,8.471,43.224
1374,4.022,1.452,16.557,0.145,0.146,0.002,0.495,8.185,31.009
1375,5.878,2.429,21.379,0.136,0.143,0.002,0.599,8.966,39.588
1376,4.305,1.705,17.931,0.141,0.132,0.003,0.529,8.209,32.973
1377,4.278,2.255,17.303,0.138,0.139,0.002,0.519,8.371,33.029
1378,4.262,1.653,17.073,0.137,0.139,0.002,0.517,8.199,31.999
1379,4.388,1.798,16.835,0.143,0.137,0.003,10.820,8.216,43.295
1380,3.928,1.606,17.731,0.162,0.140,0.003,0.552,8.769,32.921
1381,4.626,2.442,17.812,0.136,0.163,0.944,0.561,8.393,34.170
1382,4.624,1.641,17.114,0.140,0.164,0.002,0.504,8.203,32.406
1383,4.445,2.055,17.129,0.134,0.164,0.002,0.540,8.209,32.705
1384,4.048,8.097,18.672,0.137,0.169,0.002,0.502,8.103,39.745
1385,4.613,2.284,17.239,0.136,0.177,0.002,0.516,8.206,33.980
1386,4.348,1.869,17.004,0.152,0.138,1.738,0.534,8.206,32.261
1387,4.146,2.250,16.904,0.130,0.130,0.002,10.103,8.473,42.967
1388,4.850,1.783,17.695,0.129,0.131,0.002,0.522,8.238,33.379
1389,4.596,1.999,18.017,0.133,0.141,0.002,0.529,8.206,34.476
1390,4.799,2.231,17.167,0.134,0.139,0.002,10.222,8.234,46.534
1391,4.165,1.464,16.698,0.137,0.142,0.720,9.171,8.350,40.881
1392,4.704,1.990,20.871,0.132,0.142,0.002,0.542,8.233,36.678
1393,4.826,2.044,18.430,0.132,0.151,0.948,0.569,8.385,34.579
1394,4.497,2.022,18.602,0.135,0.142,0.002,0.539,8.239,34.236
1395,4.300,2.675,18.044,0.128,0.141,0.002,0.552,8.262,34.161
1396,4.605,1.852,19.648,0.132,0.141,0.002,0.538,8.406,35.383
1397,4.331,2.218,17.239,0.134,0.144,0.002,0.546,8.232,32.890
1398,5.014,2.847,20.074,0.133,0.139,0.002,0.621,8.265,37.178
1399,4.404,2.408,16.923,0.134,0.144,0.002,0.531,8.233,35.177
1400,4.009,1.484,18.602,0.135,0.136,0.003,0.523,8.237,33.170
1401,4.615,1.939,17.657,0.128,0.137,0.003,10.059,8.227,43.681
1402,4.032,1.451,16.757,0.133,0.137,0.002,0.521,8.278,31.313
1403,5.373,1.915,20.181,0.134,0.142,0.002,9.724,8.244,46.589
1404,4.141,1.458,17.420,0.134,0.143,0.003,8.994,8.264,41.690
1405,5.124,2.165,19.184,0.128,0.142,0.002,9.766,8.301,45.585
1406,4.370,1.712,28.926,0.129,0.144,0.002,0.563,8.588,44.498
1407,13.306,2.988,44.598,0.134,0.146,0.003,0.583,8.470,70.281
1408,4.736,2.255,17.924,0.139,0.135,0.780,9.312,8.222,43.493
1409,4.283,1.930,17.426,0.128,0.137,0.002,0.528,8.261,32.736
1410,4.852,1.722,17.442,0.129,0.134,0.002,9.930,8.494,43.457
1411,4.011,1.961,16.834,0.131,0.140,0.002,0.498,8.327,31.911
1412,4.663,2.194,17.918,0.131,0.163,0.733,0.501,8.170,33.711
1413,4.254,2.005,17.401,0.128,0.161,0.002,0.512,8.673,33.122
1414,4.952,1.973,17.492,0.135,0.163,0.002,0.534,8.349,33.577
1415,5.467,2.883,17.506,0.140,0.166,0.002,0.517,8.353,35.005
1416,4.656,1.938,17.756,0.131,0.165,0.002,0.501,8.218,33.353
1417,4.457,2.300,17.277,0.130,0.176,0.002,0.516,8.193,33.151
1418,5.481,2.130,17.969,0.130,0.176,0.800,0.517,8.392,34.770
1419,4.744,2.018,17.545,0.131,0.175,0.002,0.497,8.222,33.297
1420,4.632,2.159,21.162,0.137,0.167,0.002,0.526,8.344,37.100
1421,4.820,2.216,17.597,0.133,0.177,0.002,0.503,8.284,33.705
1422,4.728,2.172,17.803,0.142,0.170,0.002,0.516,8.369,33.871
1423,4.938,1.947,17.450,0.131,0.173,0.003,0.518,8.299,34.196
1424,5.933,2.297,20.946,0.133,0.168,0.002,9.485,8.274,48.525
1425,4.246,4.607,17.373,0.129,0.170,0.002,0.543,8.247,35.313
1426,5.175,2.424,18.096,0.131,0.172,0.002,0.515,8.347,34.842
1427,5.049,3.836,22.329,0.130,0.168,0.002,0.528,8.258,40.279
1428,4.539,2.442,17.611,0.131,0.138,0.789,0.536,8.341,33.760
1429,4.673,2.197,17.251,0.166,0.134,0.002,0.543,9.222,34.188
1430,4.629,2.835,18.979,0.132,0.138,0.002,0.552,8.881,36.181
1431,8.007,2.196,21.036,0.129,0.145,0.002,0.578,8.436,40.551
1432,4.925,2.675,18.606,0.132,0.138,0.002,0.560,8.747,35.811
1433,4.877,2.595,17.665,0.143,0.146,0.002,0.516,8.349,34.293
1434,4.622,2.229,17.860,0.137,0.147,0.002,0.544,8.337,33.880
1435,5.103,3.644,17.672,0.126,0.145,0.002,0.519,8.221,35.440
1436,4.542,1.938,18.934,0.127,0.146,0.003,0.529,10.759,36.988
1437,4.472,2.360,19.802,0.132,0.142,0.002,0.578,8.523,36.026
1438,4.715,2.265,17.356,0.134,0.146,0.002,0.532,8.334,33.486
1439,4.476,1.769,17.376,0.127,0.146,0.002,0.538,8.311,32.759
1440,4.279,7.749,21.409,0.138,0.145,0.004,0.591,8.502,42.832
1441,4.909,1.933,17.101,0.133,0.141,0.003,0.491,8.301,33.009
1442,4.892,2.136,18.686,0.126,0.140,0.002,0.554,8.421,34.975
1443,4.928,1.895,22.469,0.126,0.140,0.002,0.534,8.532,38.647
1444,4.606,1.555,19.418,0.133,0.143,0.002,0.534,8.317,34.728
1445,4.239,2.010,17.688,0.133,0.148,0.002,0.521,8.204,33.624
1446,4.621,2.128,18.871,0.132,0.152,0.737,0.549,8.245,34.706
1447,5.416,2.421,18.072,0.135,0.156,0.002,0.555,8.398,35.156
1448,4.520,2.426,18.860,0.127,0.154,0.002,0.527,8.569,35.187
1449,4.350,2.186,17.489,0.130,0.146,0.002,0.525,8.285,33.120
1450,4.682,1.879,17.377,0.128,0.148,0.002,0.539,8.220,32.986
1451,5.002,2.153,17.433,0.129,0.141,0.002,10.337,8.351,44.430
1452,4.019,2.162,18.277,0.130,0.147,0.002,0.516,8.234,33.517
1453,4.980,2.344,17.948,0.133,0.145,0.002,0.541,8.250,34.362
1454,5.290,3.090,18.282,0.129,0.149,0.002,0.554,8.745,36.276
1455,4.909,3.272,18.001,0.133,0.152,0.002,0.538,8.648,35.678
1456,5.242,2.352,19.232,0.133,0.153,0.002,0.620,8.591,36.355
1457,4.202,2.219,17.117,0.134,0.148,0.003,0.513,8.216,32.571
1458,5.263,1.910,17.303,0.131,0.146,0.002,0.519,8.276,33.570
1459,5.163,2.213,17.260,0.136,0.147,0.003,0.536,8.268,33.744
1460,4.362,3.431,21.251,0.133,0.147,0.003,0.551,8.582,38.485
1461,5.471,2.701,18.619,0.134,0.149,0.002,0.560,8.225,35.893
1462,4.685,2.234,17.655,0.138,0.147,0.003,0.522,8.279,33.671
1463,5.292,3.216,17.356,0.133,0.150,0.002,0.520,8.197,34.886
1464,4.476,2.240,20.385,0.130,0.142,0.724,0.544,8.473,36.432
1465,4.383,1.946,18.191,0.134,0.145,0.002,0.545,8.442,33.821
1466,5.119,2.483,17.741,0.131,0.143,0.002,0.541,8.222,34.415
1467,4.610,1.890,17.523,0.138,0.145,0.003,0.526,8.286,33.144
1468,5.411,1.831,17.925,0.133,0.143,0.002,9.412,8.230,43.822
1469,4.257,1.759,17.402,0.133,0.145,0.002,0.505,8.288,32.500
1470,4.934,2.097,17.675,0.136,0.146,0.002,0.536,8.463,33.992
1471,4.796,1.843,17.590,0.139,0.146,0.002,0.502,8.240,33.249
1472,5.033,1.874,20.197,0.135,0.148,0.002,0.529,8.230,36.194
1473,4.325,1.817,17.298,0.133,0.141,0.002,0.511,8.409,32.650
1474,4.825,2.019,17.931,0.141,0.142,0.002,0.524,8.297,33.875
1475,4.352,1.979,17.399,0.133,0.145,0.002,0.522,8.247,32.790
1476,5.271,2.023,17.766,0.153,0.150,0.003,0.531,8.269,34.140
1477,4.413,1.557,17.374,0.140,0.143,0.002,0.502,8.214,32.338
1478,4.750,1.748,17.641,0.130,0.144,0.002,0.518,8.279,33.220
1479,4.347,1.667,17.396,0.135,0.144,0.002,0.509,8.301,32.506
1480,4.822,1.646,21.174,0.134,0.145,0.002,0.511,8.186,36.620
1481,4.180,1.624,17.348,0.131,0.141,0.002,0.527,8.228,32.200
1482,4.647,1.942,17.381,0.130,0.144,0.002,0.510,8.272,33.035
1483,4.339,1.932,17.254,0.132,0.145,0.002,0.512,8.513,32.843
1484,4.993,2.434,17.387,0.130,0.141,0.002,0.530,8.196,33.827
1485,5.032,1.714,17.304,0.133,0.136,0.002,0.502,8.170,33.005
1486,4.351,1.561,17.508,0.131,0.142,0.002,0.527,8.273,32.511
1487,4.433,1.469,17.390,0.132,0.137,0.003,0.510,8.324,32.411
1488,5.407,1.494,20.004,0.146,0.147,0.003,0.525,8.262,35.972
1489,4.776,1.485,19.339,0.402,0.191,1.318,0.496,8.284,34.659
1490,5.728,2.875,17.723,0.142,0.166,0.003,0.523,8.556,35.686
1491,5.409,1.500,18.499,0.128,0.153,1.058,0.502,8.265,34.452
1492,5.008,1.687,19.563,0.132,0.142,0.002,0.508,8.221,35.263
1493,4.749,1.478,17.215,0.135,0.149,0.003,0.522,8.422,32.674
1494,4.688,1.692,17.626,0.132,0.139,1.027,0.516,8.226,33.035
1495,5.072,3.428,17.637,0.136,0.138,0.002,0.507,8.378,35.305
1496,5.019,1.481,19.384,0.137,0.164,0.827,0.511,8.147,34.828
1497,4.517,2.046,17.462,0.135,0.162,0.002,9.271,8.233,42.644
1498,4.548,1.684,17.888,0.135,0.164,0.002,0.502,8.299,33.195
1499,4.655,1.570,18.304,0.131,0.156,0.002,0.505,8.289,33.588
1500,3.944,1.681,17.817,0.137,0.166,0.002,0.542,8.187,32.446
1501,4.388,1.603,17.430,0.137,0.164,0.002,0.533,8.223,32.454
1502,4.635,1.529,17.493,0.146,0.173,0.002,0.522,8.628,33.088
1503,4.821,1.721,18.635,0.141,0.150,0.942,0.527,8.343,34.325
1504,4.374,1.473,17.814,0.136,0.153,0.002,0.531,8.286,32.769
1505,4.621,1.516,17.398,0.139,0.150,0.002,0.506,8.216,32.537
1506,5.334,1.931,17.708,0.138,0.143,0.002,0.517,8.388,34.155
1507,4.581,1.458,17.514,0.132,0.139,0.002,0.524,8.466,32.830
1508,4.806,1.547,23.180,0.136,0.144,0.002,0.543,8.306,38.664
1509,4.241,1.439,17.273,0.136,0.151,0.773,0.479,8.177,31.888
1510,4.640,1.460,17.487,0.138,0.146,0.002,0.519,8.243,32.634
1511,4.640,1.894,20.807,0.133,0.148,0.002,0.569,8.389,36.599
1512,4.912,1.832,27.748,0.129,0.143,0.002,0.571,8.525,43.883
1513,5.009,1.759,17.308,0.133,0.152,0.002,0.550,8.318,33.237
1514,4.438,1.468,17.487,0.130,0.152,0.002,0.549,8.313,32.549
1515,4.401,1.822,17.964,0.133,0.155,0.002,0.537,8.400,33.404
1516,5.315,1.508,18.137,0.135,0.150,0.002,0.538,8.246,34.021
1517,4.531,1.495,17.922,0.132,0.149,0.002,0.509,8.409,33.147
1518,4.602,1.690,18.001,0.131,0.147,0.002,0.542,8.374,33.489
1519,4.247,1.514,17.498,0.131,0.166,0.680,0.547,9.411,33.500
1520,6.519,1.695,33.311,0.137,0.167,0.003,0.590,9.240,51.663
1521,5.874,1.942,18.163,0.141,0.165,0.002,9.124,8.287,44.633
1522,4.793,1.451,17.462,0.143,0.165,0.003,0.519,8.328,32.860
1523,5.719,1.637,17.057,0.135,0.168,0.002,0.501,8.298,33.513
1524,4.217,1.861,17.444,0.131,0.161,0.003,0.516,8.296,32.644
1525,4.246,1.931,17.591,0.134,0.156,0.002,0.521,8.285,32.889
1526,5.328,1.766,19.949,0.133,0.160,0.002,10.076,8.348,47.495
1527,4.103,2.359,16.792,0.135,0.160,0.002,0.498,8.211,32.225
1528,4.893,5.193,17.713,0.141,0.157,0.002,0.511,8.204,36.776
1529,4.408,2.144,17.722,0.150,0.167,0.003,0.526,7.548,32.624
1530,5.076,1.742,18.022,0.136,0.143,0.902,0.535,8.204,33.854
1531,4.300,2.112,17.551,0.128,0.139,0.002,10.288,8.530,43.782
1532,4.071,1.956,17.943,0.132,0.135,0.002,0.521,8.209,32.977
1533,4.391,2.123,18.340,0.132,0.138,0.002,9.362,8.230,43.676
1534,4.381,1.841,17.387,0.135,0.144,0.002,0.630,8.224,32.745
1535,4.409,2.278,16.990,0.133,0.144,0.002,0.511,8.189,32.649
1536,4.358,1.958,18.171,0.134,0.144,0.002,0.540,8.124,33.428
1537,4.563,2.715,17.269,0.129,0.146,0.002,0.513,8.328,33.669
1538,4.727,2.000,17.507,0.130,0.145,0.002,0.544,8.370,33.423
1539,5.012,2.442,17.570,0.130,0.144,0.002,0.521,8.257,34.087
1540,4.571,2.169,18.800,0.130,0.141,0.002,0.524,8.420,34.758
1541,4.193,2.211,17.525,0.130,0.142,1.358,0.507,8.295,33.000
1542,5.238,1.925,18.218,0.131,0.134,0.002,0.504,8.519,34.678
1543,5.365,2.612,18.080,0.127,0.127,0.002,0.512,8.254,35.102
1544,5.811,19.921,16.965,0.140,0.136,0.002,0.536,8.320,51.834
1545,4.268,2.404,17.019,0.130,0.152,0.801,0.503,8.209,32.677
1546,4.174,2.167,17.678,0.132,0.144,0.002,0.481,8.275,33.051
1547,5.001,3.355,17.577,0.135,0.149,0.003,0.504,8.272,34.994
1548,5.400,1.909,22.657,0.125,0.145,0.002,10.531,8.291,49.844
1549,4.242,2.318,16.800,0.127,0.146,0.002,0.632,8.504,32.766
1550,5.032,2.192,18.298,0.130,0.147,0.002,0.516,8.181,34.486
1551,4.243,1.877,17.222,0.132,0.148,0.002,0.546,8.513,32.675
1552,5.229,1.464,18.362,0.126,0.147,0.002,11.100,8.231,45.416
1553,4.260,1.904,17.299,0.126,0.150,0.002,0.660,8.349,32.765
1554,4.205,2.075,17.593,0.128,0.147,0.002,0.620,8.412,33.206
1555,4.151,2.021,18.148,0.129,0.150,0.002,0.609,8.218,33.457
1556,4.637,5.303,18.458,0.128,0.155,0.002,0.619,8.302,37.618
1557,5.033,1.842,17.686,0.134,0.149,0.002,0.606,8.338,33.815
1558,4.622,1.660,18.304,0.129,0.148,0.002,0.595,8.361,34.650
1559,4.371,1.462,17.275,0.128,0.148,0.002,0.612,8.255,32.286
1560,4.216,1.416,17.559,0.130,0.154,0.002,0.640,8.354,32.493
1561,4.329,1.568,23.629,0.131,0.159,0.002,0.607,8.557,39.003
1562,5.003,1.693,19.767,0.130,0.150,0.002,0.614,8.449,35.842
1563,4.225,1.571,17.159,0.127,0.148,0.657,0.606,8.295,32.163
1564,5.152,1.587,17.835,0.132,0.147,0.002,0.612,8.202,33.694
1565,4.526,1.681,17.503,0.132,0.147,0.002,0.603,8.532,33.148
1566,4.395,1.579,17.564,0.127,0.152,1.549,0.613,8.232,32.690
1567,4.810,2.759,17.160,0.132,0.154,0.002,0.595,8.290,33.914
1568,4.540,1.839,18.425,0.131,0.155,0.002,11.956,8.189,46.008
1569,4.158,1.793,16.730,0.129,0.156,0.002,0.612,8.247,31.842
1570,4.282,1.476,18.060,0.133,0.151,0.002,0.670,8.285,33.046
1571,4.305,1.462,18.100,0.135,0.150,0.003,0.659,8.364,33.168
1572,4.683,1.533,17.563,0.129,0.141,0.002,0.652,8.421,33.125
1573,4.954,1.486,17.489,0.130,0.151,0.002,0.672,8.512,33.407
1574,4.579,1.787,18.163,0.130,0.153,0.002,0.650,8.232,33.698
1575,4.180,1.458,17.502,0.129,0.152,0.002,0.642,8.254,32.310
1576,4.347,1.632,18.338,0.129,0.153,0.002,0.645,8.405,33.644
1577,4.845,1.666,17.749,0.129,0.151,0.002,0.668,8.360,33.565
1578,5.124,1.493,18.351,0.130,0.153,0.002,0.662,8.358,34.272
1579,4.701,1.392,17.341,0.128,0.150,0.002,0.649,8.418,32.777
1580,4.626,1.750,17.905,0.134,0.151,0.002,0.666,8.426,33.662
1581,5.386,1.565,18.066,0.127,0.151,0.002,0.663,8.353,34.309
1582,4.879,1.701,18.271,0.136,0.154,0.002,0.633,8.414,34.167
1583,4.391,1.515,17.425,0.129,0.154,0.002,0.655,8.306,32.561
1584,4.257,1.700,22.429,0.132,0.151,0.004,0.645,8.382,37.695
1585,5.604,3.843,18.412,0.128,0.156,0.002,0.652,8.312,37.107
1586,4.680,1.453,17.687,0.131,0.155,0.002,15.095,8.372,48.309
1587,4.046,1.570,17.014,0.131,0.156,0.002,0.528,8.270,31.723
1588,4.345,1.720,22.164,0.135,0.156,0.003,0.505,8.280,37.298
1589,4.264,1.672,17.254,0.128,0.161,0.002,0.521,8.270,32.260
1590,4.714,1.470,17.500,0.131,0.153,0.002,0.518,8.329,32.810
1591,5.016,1.482,17.693,0.127,0.144,0.002,0.508,8.282,33.255
1592,4.985,1.554,17.754,0.130,0.152,0.002,0.514,8.246,33.333
1593,4.197,1.718,17.274,0.125,0.151,0.002,0.501,8.233,32.203
1594,4.612,1.428,17.256,0.127,0.156,0.002,0.527,8.256,32.360
1595,4.241,3.123,17.576,0.130,0.154,0.002,0.524,8.278,34.030
1596,4.997,1.511,17.435,0.128,0.154,0.002,0.525,8.457,33.215
1597,4.274,1.515,17.371,0.131,0.150,0.002,0.519,8.270,32.234
1598,5.267,1.449,17.563,0.145,0.161,0.002,0.541,8.280,33.380
1599,5.060,1.508,17.826,0.143,0.157,0.003,0.521,8.381,33.584
1600,4.367,1.512,17.514,0.132,0.151,0.002,0.517,8.627,32.820
1601,4.521,1.523,17.522,0.131,0.159,0.002,0.555,8.312,32.719
1602,4.684,1.460,17.596,0.140,0.156,0.002,0.526,8.390,32.945
1603,5.136,1.669,17.542,0.136,0.160,0.002,0.522,8.344,33.499
1604,4.539,1.541,17.779,0.132,0.154,0.002,0.496,8.449,33.802
1605,4.355,1.770,17.517,0.140,0.152,0.002,0.514,8.243,32.682
1606,4.822,1.455,17.477,0.143,0.162,0.002,0.516,8.238,32.785
1607,4.659,1.570,20.700,0.143,0.157,0.003,0.523,8.510,36.249
1608,4.997,1.697,18.307,0.133,0.156,0.002,0.534,8.396,34.210
1609,5.059,1.631,17.526,0.130,0.159,0.002,0.518,8.388,33.403
1610,4.366,1.704,17.484,0.130,0.159,0.002,0.520,8.596,32.956
1611,5.095,1.496,17.717,0.132,0.153,0.002,0.524,8.374,33.495
1612,4.350,1.501,18.348,0.134,0.156,0.002,0.506,8.434,33.426
1613,5.193,1.638,17.292,0.123,0.152,0.002,0.522,8.263,33.184
1614,5.034,1.604,18.305,0.131,0.155,0.002,0.595,8.354,34.179
1615,4.649,1.994,17.875,0.144,0.141,2.480,0.524,8.253,33.577
1616,4.411,1.569,18.355,0.143,0.158,0.735,0.561,8.494,33.696
1617,4.319,1.972,18.317,0.139,0.148,0.684,0.520,8.266,33.681
1618,4.963,1.913,17.348,0.143,0.169,2.332,0.521,8.255,33.279
1619,4.647,1.576,17.741,0.136,0.160,0.002,0.519,8.251,33.016
1620,4.237,1.622,18.232,0.131,0.154,0.002,0.504,8.424,33.303
1621,4.421,1.495,17.586,0.130,0.158,0.002,0.546,8.313,32.637
1622,4.659,1.520,17.507,0.128,0.154,0.002,0.517,8.311,32.790
1623,5.358,2.082,17.459,0.131,0.156,0.002,0.512,8.248,33.938
1624,6.304,1.969,17.832,0.192,0.152,0.002,0.493,8.377,35.249
1625,4.162,1.533,17.197,0.125,0.156,0.002,0.513,8.383,32.060
1626,4.579,1.825,17.429,0.123,0.158,0.002,0.501,8.379,32.989
1627,5.216,1.777,17.278,0.138,0.160,0.002,0.502,8.246,33.291
1628,4.990,2.014,19.255,0.127,0.160,0.002,0.569,8.763,35.888
1629,4.829,3.315,20.392,0.141,0.174,4.727,14.429,8.314,53.192
1630,5.465,2.452,17.703,0.132,0.152,0.762,0.550,8.756,35.240
1631,4.878,3.204,17.390,0.126,0.150,0.002,0.513,8.544,35.868
1632,4.257,2.202,20.731,0.134,0.159,0.003,0.508,8.363,36.338
1633,4.226,1.540,17.354,0.130,0.161,0.002,0.532,8.304,32.245
1634,4.784,1.513,17.539,0.134,0.158,0.002,10.483,8.263,43.881
1635,4.036,2.259,16.836,0.132,0.157,0.002,0.503,8.198,32.108
1636,4.212,1.750,21.070,0.127,0.155,0.003,9.983,8.331,46.476
1637,4.339,1.710,17.757,0.135,0.158,0.002,0.521,8.280,32.906
1638,4.734,1.950,17.319,0.129,0.156,0.002,0.526,8.287,33.118
1639,4.619,6.107,17.423,0.129,0.155,0.002,0.514,8.430,37.383
1640,4.784,2.255,23.197,0.127,0.159,0.002,0.499,8.257,39.298
1641,4.895,2.144,17.264,0.128,0.164,0.002,0.522,8.245,33.374
1642,4.815,2.071,18.987,0.131,0.156,0.002,0.749,8.318,35.262
1643,5.267,2.071,17.919,0.132,0.152,0.002,0.532,8.371,35.395
1644,4.534,2.261,18.129,0.126,0.153,0.002,0.525,8.241,33.982
1645,4.183,2.285,18.076,0.128,0.153,0.002,0.518,8.271,33.624
1646,4.914,3.245,18.213,0.129,0.157,0.002,0.513,8.203,35.373
1647,4.974,1.948,17.164,0.131,0.166,0.002,0.504,8.269,33.133
1648,5.176,2.302,17.276,0.137,0.154,0.002,0.533,8.365,33.936
1649,4.539,2.176,17.256,0.131,0.169,0.002,9.464,8.184,42.680
1650,4.267,2.227,17.324,0.131,0.145,0.901,0.506,8.257,32.870
1651,4.704,2.552,17.452,0.129,0.138,0.002,0.508,8.160,33.660
1652,4.481,2.429,18.153,0.128,0.137,0.002,0.505,8.475,34.318
1653,4.190,2.896,17.169,0.127,0.137,0.002,0.510,8.277,33.330
1654,5.227,2.340,17.892,0.125,0.135,0.002,0.518,8.459,34.720
1655,4.276,2.617,17.595,0.129,0.138,0.002,0.511,8.314,33.604
1656,4.315,2.332,18.253,0.132,0.168,1.091,0.519,7.654,33.362
1657,5.469,2.713,17.663,0.133,0.139,0.638,0.507,8.556,35.192
1658,5.131,2.196,17.345,0.130,0.139,0.002,0.493,8.362,33.807
1659,4.949,2.119,17.516,0.125,0.153,1.434,10.599,8.649,44.809
1660,4.383,2.146,17.309,0.123,0.150,1.567,0.488,8.306,32.939
1661,4.258,2.399,19.448,0.134,0.144,0.002,0.545,8.440,35.400
1662,14.503,6.658,81.777,0.128,0.142,0.002,0.553,8.644,112.448
1663,4.390,2.403,17.716,0.145,0.147,0.003,0.524,8.362,33.702
1664,5.534,2.254,21.677,0.125,0.138,0.002,0.502,8.303,38.565
1665,4.176,2.904,17.649,0.127,0.141,0.002,0.522,8.298,33.843
1666,4.454,2.529,17.500,0.132,0.142,0.002,0.521,8.471,33.771
1667,4.662,1.692,17.651,0.133,0.143,0.002,0.525,8.240,33.070
1668,4.366,1.956,19.205,0.136,0.132,0.002,0.551,11.332,37.714
1669,5.913,1.947,19.604,0.131,0.135,0.002,0.570,8.432,36.787
1670,4.320,2.068,17.616,0.132,0.137,0.003,10.071,8.415,43.672
1671,4.021,1.619,16.953,0.138,0.136,0.002,0.520,8.377,31.760
1672,4.614,1.991,20.329,0.129,0.158,0.761,0.524,8.523,36.251
1673,4.264,2.087,17.380,0.133,0.165,0.002,0.528,8.496,33.028
1674,4.545,2.394,17.418,0.133,0.164,0.002,0.536,8.317,33.491
1675,4.676,2.483,17.466,0.131,0.155,0.003,0.526,8.376,33.807
1676,4.409,2.263,17.436,0.132,0.157,0.002,0.515,8.528,33.433
1677,4.604,2.015,17.343,0.131,0.168,0.002,0.512,8.187,32.940
1678,4.244,3.715,17.357,0.132,0.166,0.002,0.524,8.256,34.375
1679,4.330,1.945,17.374,0.135,0.170,0.002,0.535,8.246,32.708
1680,4.611,2.117,18.375,0.137,0.176,0.002,0.520,8.370,34.266
1681,4.245,1.913,17.608,0.132,0.174,0.002,9.575,8.252,43.223
1682,4.334,1.988,17.819,0.136,0.167,0.002,0.514,8.299,33.222
1683,4.177,2.748,16.854,0.146,0.168,0.003,0.504,8.200,32.741
1684,4.268,1.862,19.212,0.138,0.142,0.792,0.536,8.350,34.507
1685,4.863,2.536,17.372,0.138,0.143,0.002,0.527,7.792,34.174
1686,4.793,1.914,17.657,0.139,0.145,0.002,0.520,8.309,33.472
1687,5.054,3.405,18.116,0.131,0.134,0.002,0.587,8.523,35.973
1688,4.735,2.165,18.445,0.134,0.142,0.002,0.507,8.246,34.370
1689,4.209,1.478,17.268,0.135,0.140,0.002,0.515,8.210,31.955
1690,4.282,1.822,17.674,0.139,0.143,0.002,0.524,8.258,32.841
1691,4.673,3.255,18.544,0.138,0.142,0.002,0.520,8.277,35.551
1692,4.296,1.701,18.837,0.137,0.144,0.002,0.516,8.165,33.791
1693,4.241,1.651,17.227,0.131,0.142,0.002,0.498,8.221,32.116
1694,4.708,1.997,17.236,0.138,0.144,0.003,0.507,8.222,32.948
1695,4.995,2.079,17.332,0.136,0.143,0.002,0.515,8.371,33.575
1696,4.805,1.700,17.431,0.134,0.139,0.002,0.509,8.361,33.092
1697,4.906,1.485,17.318,0.132,0.143,0.002,0.501,8.251,32.748
1698,4.397,1.723,17.344,0.135,0.140,0.002,0.511,8.200,32.455
1699,4.376,1.467,17.270,0.136,0.141,0.002,0.519,8.225,32.136
1700,4.599,1.505,19.599,0.143,0.145,0.002,0.515,8.219,34.724
1701,4.440,1.481,17.342,0.137,0.145,0.002,0.498,8.193,32.247
1702,4.683,1.462,17.798,0.138,0.143,0.002,0.504,8.233,32.963
1703,4.297,1.793,17.461,0.135,0.142,0.002,9.892,8.442,42.819
1704,4.380,1.446,18.118,0.149,0.146,0.002,0.503,8.261,32.991
1705,4.857,1.432,17.238,0.132,0.139,0.002,0.506,8.233,32.547
1706,4.733,1.656,17.310,0.135,0.152,1.604,10.123,8.284,43.936
1707,4.047,1.422,16.626,0.134,0.147,0.002,0.501,8.194,31.081
1708,4.572,1.523,18.770,0.146,0.147,0.003,0.507,8.258,33.918
1709,4.249,1.486,17.986,0.141,0.143,0.002,0.527,8.183,32.719
1710,4.763,1.514,17.338,0.141,0.135,0.002,0.518,8.369,32.789
1711,4.982,1.948,17.652,0.139,0.142,0.003,0.510,8.354,33.735
1712,4.957,1.754,24.763,0.190,0.153,0.002,0.500,8.170,40.417
1713,4.298,1.466,17.370,0.135,0.144,0.002,0.510,8.315,32.241
1714,4.721,1.485,17.683,0.138,0.142,0.004,0.509,8.408,33.091
1715,5.318,1.466,17.600,0.134,0.138,0.002,0.513,8.323,33.504
1716,4.568,1.493,17.939,0.145,0.143,0.002,0.518,8.283,33.086
1717,4.264,1.484,17.230,0.135,0.145,0.002,0.505,8.328,32.094
1718,4.699,1.683,17.330,0.136,0.135,0.002,0.496,8.348,32.842
1719,4.740,1.461,17.394,0.140,0.142,0.002,0.508,8.331,32.714
1720,4.623,1.639,18.313,0.135,0.137,0.002,0.525,8.289,33.677
1721,4.565,1.454,17.359,0.139,0.140,0.002,0.505,8.170,32.333
1722,4.772,1.452,17.395,0.145,0.137,0.002,0.548,8.566,33.026
1723,4.946,2.088,17.736,0.137,0.140,0.002,0.515,8.197,33.768
1724,4.773,1.484,19.620,0.139,0.146,0.003,0.559,8.302,35.026
1725,4.884,1.421,17.207,0.136,0.142,0.002,0.506,8.296,32.600
1726,4.767,1.425,17.731,0.138,0.141,0.002,0.518,8.460,33.191
1727,5.196,1.692,17.376,0.138,0.138,0.002,0.525,8.302,33.381
1728,5.182,1.679,26.230,0.143,0.141,0.003,0.515,8.551,42.451
1729,4.753,1.464,17.281,0.137,0.145,0.002,0.520,8.219,32.530
1730,5.034,1.646,17.780,0.136,0.139,0.002,0.547,9.402,34.696
1731,4.987,1.503,17.794,0.140,0.139,0.002,0.504,8.683,33.744
1732,4.311,1.453,17.584,0.133,0.132,0.002,0.503,8.310,32.446
1733,4.906,1.671,17.552,0.131,0.135,0.002,0.480,8.221,33.109
1734,5.071,1.461,17.360,0.134,0.138,0.002,0.507,8.281,32.965
1735,4.324,1.771,17.790,0.136,0.141,0.002,0.502,8.476,33.149
1736,4.272,1.493,19.443,0.147,0.144,0.002,0.512,8.151,34.156
1737,4.554,1.478,17.277,0.165,0.146,0.002,0.543,8.483,32.620
1738,5.261,1.571,20.496,0.201,0.141,0.002,0.544,8.410,36.594
1739,4.769,1.522,19.422,0.145,0.146,0.003,0.626,8.806,35.450
1740,4.675,1.658,20.950,0.138,0.139,0.002,0.537,9.172,37.277
1741,4.356,1.466,17.881,0.134,0.139,0.002,0.531,8.309,32.837
1742,4.717,1.435,17.896,0.137,0.142,0.002,0.533,8.225,33.105
1743,5.153,2.532,17.555,0.145,0.144,0.002,0.527,8.376,34.442
1744,4.523,1.523,19.386,0.275,0.146,0.003,0.507,8.164,34.392
1745,4.662,1.724,17.564,0.136,0.138,0.002,0.535,8.383,33.163
1746,4.717,1.410,21.686,0.139,0.140,0.002,0.532,8.812,37.465
1747,5.424,2.137,19.705,0.135,0.135,0.002,0.563,10.073,38.207
1748,5.679,4.747,19.178,0.137,0.140,0.002,0.558,8.477,38.932
1749,4.420,2.378,17.935,0.139,0.154,0.002,0.518,8.264,33.808
1750,5.421,1.688,17.904,0.141,0.147,0.002,0.561,8.237,34.104
1751,4.341,1.964,17.532,0.141,0.148,0.002,0.508,8.300,32.933
1752,5.373,2.357,18.761,0.139,0.143,0.002,0.550,8.544,35.876
1753,4.897,2.200,17.547,0.138,0.149,0.002,0.483,8.213,33.619
1754,4.734,1.528,17.840,0.139,0.149,0.002,0.511,8.238,33.140
1755,5.623,2.155,17.673,0.137,0.155,2.227,0.547,8.639,37.403
1756,4.574,1.973,20.240,0.175,0.141,0.002,0.556,8.952,37.330
1757,4.580,2.090,17.582,0.137,0.144,0.002,0.539,8.268,34.031
1758,5.096,2.158,18.013,0.136,0.143,0.002,0.568,8.365,36.844
1759,4.533,2.211,17.485,0.158,0.142,0.002,0.537,8.305,33.371
1760,4.260,1.975,18.797,0.139,0.143,0.002,0.522,8.170,34.012
1761,4.252,2.301,17.296,0.140,0.143,0.002,0.521,8.172,32.831
1762,4.809,1.889,17.303,0.137,0.140,0.002,0.537,8.225,33.048
1763,4.669,2.725,17.357,0.134,0.139,0.002,0.537,8.316,33.893
1764,5.144,2.476,20.798,0.147,0.145,0.003,0.492,8.225,37.482
1765,4.365,2.182,17.423,0.140,0.141,0.002,0.517,8.214,32.985
1766,4.748,2.113,17.407,0.134,0.140,0.002,0.503,8.265,33.321
1767,5.603,2.176,17.502,0.138,0.136,0.002,0.545,8.436,34.563
1768,4.878,5.738,20.906,0.140,0.140,0.002,0.501,8.225,40.537
1769,4.244,2.260,17.837,0.137,0.139,0.002,9.800,8.199,47.384
1770,4.539,4.938,17.496,0.134,0.144,0.002,0.507,8.220,36.748
1771,4.418,2.154,17.056,0.137,0.144,0.002,0.509,8.196,32.612
1772,4.217,2.253,17.919,0.137,0.137,0.002,0.518,8.310,33.514
1773,4.236,2.193,17.269,0.132,0.138,0.002,0.521,8.215,32.727
1774,5.455,2.429,17.668,0.142,0.137,0.002,0.525,8.288,34.660
1775,4.869,2.794,17.494,0.137,0.138,0.002,0.519,8.617,34.586
1776,5.096,2.039,19.945,0.138,0.135,0.002,0.516,8.360,36.241
1777,4.748,2.115,17.689,0.135,0.135,0.002,0.519,8.260,33.627
1778,4.667,2.139,17.357,0.139,0.143,0.007,0.514,8.267,33.231
1779,4.716,1.847,17.272,0.137,0.142,0.728,0.520,8.207,32.849
1780,4.391,2.149,17.710,0.133,0.136,0.002,0.499,8.232,33.269
1781,4.292,1.908,17.215,0.133,0.144,0.002,0.522,8.459,32.689
1782,4.970,1.859,17.225,0.140,0.142,0.002,0.506,8.307,33.158
1783,4.660,2.066,17.459,0.135,0.138,0.002,0.516,8.306,33.295
1784,4.433,1.804,22.689,0.171,0.146,0.005,0.518,8.084,37.810
1785,4.733,1.636,17.358,0.137,0.141,0.003,0.515,8.291,32.817
1786,4.704,2.070,17.941,0.134,0.139,0.002,0.533,8.393,33.930
1787,4.204,2.660,17.354,0.135,0.143,0.002,0.524,8.305,33.347
1788,5.300,1.658,21.986,0.136,0.143,0.003,0.521,9.301,39.062
1789,5.336,1.650,17.428,0.137,0.141,0.002,0.518,8.390,33.626
1790,4.696,1.613,17.334,0.139,0.146,0.002,10.126,8.379,43.326
1791,4.430,1.937,17.560,0.139,0.145,0.002,0.503,8.213,32.914
1792,4.331,1.660,21.860,0.138,0.152,0.002,0.516,8.203,36.839
1793,4.211,1.613,17.456,0.133,0.149,0.002,0.499,8.333,32.378
1794,4.441,1.673,17.567,0.137,0.146,0.002,0.516,8.335,32.795
1795,4.307,2.032,17.238,0.134,0.148,0.002,0.530,8.221,32.599
1796,4.214,1.613,23.450,0.137,0.148,0.002,0.511,8.348,39.528
1797,4.991,1.809,20.519,0.129,0.141,0.002,0.527,9.128,37.885
1798,5.095,1.566,17.693,0.135,0.151,0.002,0.522,8.182,33.329
1799,4.274,1.846,17.135,0.138,0.141,0.002,0.500,8.168,33.634
1800,3.942,1.578,17.390,0.138,0.137,0.002,0.519,8.214,33.482
1801,4.267,1.624,17.940,0.136,0.142,0.002,0.520,8.324,32.955
1802,4.655,1.632,17.627,0.135,0.146,0.002,0.512,8.354,33.052
1803,4.326,1.621,17.388,0.136,0.146,0.003,0.575,8.374,32.580
1804,4.948,1.552,21.587,0.141,0.144,0.003,0.530,8.264,37.148
1805,4.875,1.688,17.591,0.139,0.141,0.002,0.525,8.261,33.211
1806,4.749,1.877,17.408,0.137,0.148,0.002,0.525,8.258,33.092
1807,4.332,1.624,17.381,0.134,0.137,0.002,0.527,8.416,32.558
1808,4.467,2.074,21.673,0.152,0.147,0.002,0.508,8.154,37.146
1809,4.454,1.671,17.790,0.138,0.149,0.002,0.521,8.482,33.188
1810,5.374,1.643,17.825,0.134,0.145,0.002,0.524,8.244,33.884
1811,4.314,1.807,17.632,0.133,0.137,0.002,0.522,8.496,33.049
1812,4.257,1.474,17.740,0.138,0.141,0.003,10.058,8.221,42.799
1813,4.330,1.484,17.378,0.143,0.144,0.002,0.526,8.209,32.229
1814,5.199,1.665,17.667,0.132,0.137,0.002,0.518,8.189,33.538
1815,4.292,1.460,16.872,0.133,0.140,0.002,0.493,8.261,31.666
1816,4.226,1.481,17.468,0.135,0.148,0.002,0.511,8.437,32.416
1817,4.814,1.677,17.491,0.146,0.147,0.002,0.484,8.215,32.982
1818,4.265,1.412,17.804,0.136,0.149,0.002,0.551,8.270,32.602
1819,4.418,2.615,17.685,0.139,0.147,0.002,0.521,8.315,33.861
1820,4.800,1.724,17.836,0.135,0.142,0.002,0.519,8.222,33.418
1821,4.226,1.469,17.313,0.139,0.149,0.002,0.507,8.221,32.045
1822,4.770,1.542,17.781,0.131,0.148,0.002,0.510,8.342,33.251
1823,4.594,1.473,17.604,0.133,0.144,0.002,0.505,8.252,32.746
1824,5.507,1.709,18.131,0.134,0.146,0.002,9.592,8.181,44.193
1825,4.481,1.666,17.266,0.137,0.147,0.002,0.525,8.279,32.502
1826,4.996,1.606,17.624,0.132,0.138,0.883,0.504,8.457,33.475
1827,5.029,1.658,16.913,0.166,0.137,0.002,0.500,8.205,32.572
1828,4.430,1.484,18.062,0.166,0.141,0.002,0.507,8.514,33.275
1829,4.672,1.435,17.416,0.171,0.140,0.002,0.511,8.262,32.575
1830,4.673,1.429,17.422,0.164,0.139,0.002,0.511,8.656,32.976
1831,4.970,1.790,17.701,0.178,0.151,0.002,0.521,8.241,33.505
1832,5.658,1.441,19.720,0.168,0.146,0.784,0.510,8.228,35.843
1833,4.262,1.548,18.321,0.131,0.142,0.002,0.510,8.485,33.402
1834,5.253,1.432,17.348,0.134,0.141,0.002,0.522,8.303,33.143
1835,4.390,1.471,17.337,0.130,0.143,0.002,0.500,8.430,32.411
1836,5.312,1.491,17.304,0.129,0.152,0.002,0.505,8.226,33.115
1837,5.104,1.502,17.473,0.130,0.139,0.002,0.504,8.167,33.027
1838,4.703,1.428,17.600,0.131,0.146,0.002,0.510,8.290,32.808
1839,4.975,1.469,17.586,0.128,0.144,0.002,0.516,8.233,33.059
1840,4.570,1.771,19.137,0.128,0.133,0.002,0.502,8.510,34.779
1841,5.181,1.822,17.197,0.128,0.151,0.003,0.497,8.162,33.144
1842,4.797,1.449,17.487,0.130,0.142,0.002,0.512,8.460,32.989
1843,5.202,1.861,17.727,0.129,0.135,0.002,0.499,8.298,33.866
1844,5.637,2.089,18.834,0.128,0.140,0.002,0.542,8.203,35.603
1845,4.236,1.894,17.462,0.126,0.141,0.002,0.482,8.208,32.556
1846,4.300,1.865,17.327,0.126,0.140,0.002,10.259,8.353,43.997
1847,4.385,1.463,17.378,0.132,0.144,0.003,0.520,8.184,32.213
1848,4.735,1.617,17.902,0.128,0.140,0.002,0.539,8.355,33.444
1849,4.914,1.555,17.489,0.129,0.141,0.002,0.522,8.266,33.033
1850,5.189,1.523,17.382,0.136,0.142,0.002,0.517,8.512,33.403
1851,4.917,1.685,17.422,0.138,0.138,0.002,0.510,8.206,33.024
1852,4.878,2.188,18.824,0.165,0.142,0.002,0.524,8.590,35.350
1853,4.269,1.597,17.375,0.133,0.138,0.002,0.530,8.228,32.281
1854,4.779,2.355,17.508,0.130,0.140,0.002,0.520,8.486,33.932
1855,5.173,2.056,17.376,0.135,0.143,0.002,0.515,8.197,33.592
1856,4.583,2.144,18.876,0.141,0.144,0.003,0.525,8.683,35.101
1857,4.844,1.763,17.136,0.139,0.149,0.002,0.501,8.395,32.923
1858,5.308,1.852,17.550,0.147,0.138,0.002,0.495,8.388,33.867
1859,4.384,1.872,17.559,0.134,0.145,0.002,0.523,8.262,32.885
1860,4.138,1.830,17.313,0.132,0.143,0.002,0.517,8.156,32.230
1861,4.330,1.463,17.476,0.132,0.138,0.002,0.516,8.208,32.275
1862,5.269,1.486,17.200,0.134,0.141,0.002,0.517,8.209,32.966
1863,5.245,3.389,17.713,0.131,0.144,0.002,0.511,8.461,35.599
1864,5.258,1.737,17.401,0.133,0.153,0.002,0.530,8.387,33.605
1865,4.208,1.448,17.245,0.129,0.139,0.002,0.502,8.390,32.073
1866,4.333,1.448,17.637,0.131,0.132,0.002,0.505,8.612,32.818
1867,5.052,1.695,17.280,0.134,0.152,0.002,0.513,8.408,33.228
1868,4.369,1.569,17.626,0.136,0.139,0.002,0.522,8.861,33.234
1869,5.294,1.486,18.187,0.170,0.165,1.780,0.539,8.335,34.126
1870,5.118,1.426,17.774,0.146,0.141,0.737,0.518,8.518,33.632
1871,4.421,2.069,17.825,0.135,0.149,0.667,0.526,8.310,33.434
1872,5.064,1.492,24.837,0.132,0.151,0.002,0.507,8.168,40.335
1873,5.010,1.645,17.502,0.143,0.143,0.697,0.480,8.188,33.094
1874,4.904,1.681,17.702,0.131,0.139,0.002,0.488,8.387,33.436
1875,4.422,1.530,17.549,0.131,0.139,0.002,0.521,8.541,32.842
1876,4.936,1.580,22.062,0.140,0.150,0.002,0.552,8.929,38.352
1877,4.947,1.519,80.582,0.132,0.141,0.002,0.618,8.834,96.815
1878,5.067,1.715,18.405,0.133,0.148,0.002,0.527,8.572,34.631
1879,5.465,1.929,17.442,0.133,0.146,0.002,0.558,8.359,34.046
1880,5.346,1.672,17.674,0.136,0.145,0.002,0.515,8.511,33.998
1881,5.014,1.482,17.312,0.129,0.146,0.002,0.512,8.198,32.795
1882,5.496,2.429,17.825,0.136,0.145,0.002,0.536,8.421,34.988
1883,7.517,2.489,17.966,0.132,0.144,0.003,0.545,9.099,37.908
1884,5.853,2.835,28.623,0.135,0.145,0.002,0.707,8.621,47.062
1885,4.579,2.391,17.870,0.130,0.140,0.002,0.530,8.683,34.330
1886,5.352,2.477,17.421,0.132,0.144,0.002,0.528,9.035,35.095
1887,4.744,2.225,17.658,0.130,0.148,0.002,0.516,8.324,33.740
1888,5.012,6.432,21.514,0.131,0.144,0.002,0.521,8.406,42.167
1889,4.932,2.326,17.625,0.131,0.145,0.002,0.525,8.249,33.955
1890,4.912,2.515,17.992,0.132,0.154,0.002,0.538,8.525,34.773
1891,4.709,2.476,17.884,0.133,0.146,0.002,0.538,8.329,34.227
1892,5.265,1.695,19.944,0.134,0.145,0.002,0.516,8.342,36.046
1893,4.370,2.278,17.394,0.133,0.147,0.002,0.518,8.214,33.064
1894,5.314,2.236,17.556,0.134,0.145,0.002,0.529,8.641,34.569
1895,4.716,2.151,17.530,0.127,0.152,0.002,12.227,8.639,47.784
1896,4.373,1.551,18.429,0.134,0.149,0.002,0.525,8.184,33.382
1897,4.388,1.599,17.573,0.130,0.146,0.002,0.536,8.535,32.915
1898,5.073,1.782,17.715,0.127,0.146,0.002,0.536,8.547,33.935
1899,5.077,1.677,17.364,0.130,0.148,0.002,0.537,8.263,33.220
1900,4.692,1.710,17.696,0.130,0.143,0.002,0.534,8.342,33.258
1901,5.091,1.790,17.406,0.135,0.139,0.002,0.529,8.308,33.411
1902,4.798,1.657,17.534,0.127,0.145,0.002,0.532,8.484,33.285
1903,4.627,1.990,17.738,0.138,0.156,0.002,0.520,8.440,33.592
1904,5.131,1.857,18.791,0.132,0.141,0.002,0.549,8.489,35.113
1905,4.283,1.656,17.537,0.128,0.139,0.002,0.523,8.226,32.511
1906,4.645,1.577,17.231,0.138,0.143,0.004,0.498,8.256,32.484
1907,4.395,1.688,17.340,0.137,0.143,0.002,0.514,8.565,32.780
1908,5.680,1.801,21.136,0.139,0.143,0.002,0.527,9.018,38.444
1909,5.184,1.455,17.419,0.127,0.148,0.002,0.521,8.524,33.382
1910,5.381,1.732,17.707,0.130,0.147,0.002,0.524,8.273,33.898
1911,5.414,3.214,17.473,0.137,0.150,0.002,0.522,8.567,35.474
1912,4.301,1.913,24.129,0.133,0.146,0.002,0.514,8.171,39.304
1913,4.526,1.458,17.236,0.132,0.161,0.002,0.490,8.181,32.164
1914,5.363,1.973,17.632,0.130,0.149,0.002,0.529,8.497,34.275
1915,4.991,1.753,17.467,0.130,0.147,0.002,0.514,8.295,33.299
1916,5.332,1.915,17.979,0.134,0.146,0.002,0.536,8.515,34.554
1917,4.909,2.043,17.520,0.136,0.146,0.002,0.514,8.201,33.461
1918,5.561,1.998,17.450,0.146,0.147,0.004,0.530,8.591,34.421
1919,4.598,2.406,17.546,0.126,0.142,0.002,10.948,8.326,44.832
1920,3.773,1.755,18.460,0.135,0.143,0.002,0.597,8.169,33.025
1921,4.953,2.138,17.654,0.134,0.149,0.002,0.593,8.444,34.063
1922,4.831,2.061,17.328,0.130,0.148,0.002,0.610,8.293,33.408
1923,5.104,1.649,17.335,0.131,0.148,0.002,0.624,8.566,33.553
1924,5.178,7.365,22.549,0.129,0.147,0.002,0.828,8.555,44.799
1925,4.634,2.245,18.516,0.131,0.146,0.002,0.626,8.280,34.583
1926,5.508,2.139,17.619,0.128,0.146,0.002,0.612,8.337,34.490
1927,4.577,1.925,17.428,0.131,0.148,0.002,0.618,8.302,33.130
1928,5.002,1.982,17.634,0.129,0.150,0.002,0.622,8.778,34.300
1929,4.542,2.454,17.559,0.130,0.144,0.002,0.598,8.227,33.662
1930,4.684,2.079,17.568,0.126,0.141,0.002,0.607,8.788,34.014
1931,5.081,4.545,17.702,0.129,0.144,0.002,0.623,8.280,36.518
1932,4.368,1.525,17.823,0.129,0.145,0.002,0.638,8.505,33.151
1933,4.513,2.479,17.571,0.127,0.149,0.002,0.666,8.313,33.827
1934,4.617,2.000,17.476,0.132,0.144,0.002,0.616,8.199,33.195
1935,4.358,2.218,17.510,0.133,0.145,0.002,0.613,8.260,33.244
1936,4.836,1.553,17.689,0.130,0.140,0.002,0.628,8.295,33.289
1937,4.263,1.571,17.611,0.129,0.141,0.002,0.602,7.779,32.100
1938,4.602,1.515,17.659,0.126,0.136,0.002,0.643,8.209,32.916
1939,4.576,2.123,17.428,0.128,0.141,0.002,0.603,8.299,33.312
1940,5.584,1.712,24.321,0.136,0.152,0.003,0.612,8.330,40.837
1941,4.309,1.543,17.658,0.137,0.146,0.002,0.615,8.354,32.761
1942,4.712,1.623,17.375,0.132,0.146,0.003,0.624,8.202,32.819
1943,5.388,1.810,17.267,0.127,0.142,0.002,0.615,8.236,33.601
1944,4.772,1.729,18.406,0.128,0.138,0.002,0.625,8.242,34.063
1945,4.213,1.460,17.262,0.130,0.143,0.002,0.610,8.487,32.314
1946,4.721,1.459,17.434,0.168,0.147,0.002,0.624,8.208,32.734
1947,4.904,1.474,17.391,0.136,0.136,0.002,0.611,8.303,32.959
1948,5.293,1.731,21.098,0.132,0.146,0.002,0.675,8.163,37.262
1949,4.318,1.451,17.683,0.128,0.143,0.002,0.626,8.243,32.611
1950,4.670,1.497,17.652,0.131,0.138,0.003,0.581,8.205,32.885
1951,4.539,2.543,17.524,0.134,0.140,0.002,0.619,8.307,33.804
1952,5.097,1.474,18.833,0.128,0.142,0.002,0.638,8.323,34.648
1953,4.913,1.647,17.982,0.128,0.141,0.002,1.593,8.210,34.636
1954,4.482,1.739,17.308,0.126,0.133,0.002,0.602,8.218,32.621
1955,4.615,1.893,17.874,0.129,0.143,0.002,0.600,8.347,33.605
1956,4.745,1.529,19.310,0.130,0.139,0.002,0.607,8.724,35.202
1957,4.749,2.149,17.581,0.130,0.141,0.002,0.640,8.308,33.723
1958,5.057,2.232,17.704,0.128,0.141,0.002,0.615,8.620,34.516
1959,5.231,2.567,18.400,0.127,0.141,0.002,0.609,8.418,35.514
1960,4.778,1.717,17.538,0.130,0.139,0.002,0.623,8.829,33.765
1961,4.549,1.510,17.465,0.131,0.142,0.002,2.207,8.358,34.380
1962,4.631,3.602,17.832,0.135,0.139,0.003,0.609,8.340,35.296
1963,4.997,2.596,17.971,0.129,0.142,0.002,0.637,8.512,34.993
1964,5.161,1.595,18.150,0.132,0.144,0.002,0.621,8.285,34.095
1965,4.440,1.544,17.464,0.131,0.144,0.002,0.622,8.307,32.663
1966,4.364,1.452,17.437,0.128,0.143,0.002,12.108,8.222,44.737
1967,4.670,1.916,17.797,0.132,0.134,1.055,0.638,8.263,33.590
1968,4.304,1.535,17.728,0.131,0.139,0.002,0.667,8.784,33.329
1969,4.683,1.786,17.343,0.127,0.133,0.002,0.632,8.633,33.393
1970,5.348,1.744,17.970,0.129,0.151,0.003,0.668,8.547,34.583
1971,4.953,3.862,17.780,0.130,0.148,0.002,0.657,8.290,35.874
1972,4.535,1.496,20.454,0.129,0.143,0.731,11.689,8.449,47.721
1973,4.713,1.704,17.590,0.128,0.139,0.002,0.512,8.717,33.512
1974,5.210,1.553,17.875,0.130,0.146,0.002,0.522,8.272,33.711
1975,4.560,1.555,17.086,0.133,0.143,0.002,0.498,8.335,32.310
1976,4.616,1.891,22.469,0.134,0.146,0.002,0.502,8.240,38.002
1977,4.964,1.466,17.394,0.128,0.143,0.002,0.524,8.552,33.172
1978,4.857,1.798,17.755,0.138,0.147,0.002,0.529,8.280,33.497
1979,4.417,5.157,17.401,0.129,0.153,0.002,0.506,8.565,36.322
1980,4.242,1.545,17.338,0.128,0.142,0.807,0.503,8.145,32.037
1981,4.318,1.432,18.073,0.130,0.141,0.002,0.525,8.239,32.869
1982,4.306,1.521,17.416,0.125,0.136,0.002,0.516,8.211,32.245
1983,4.423,1.479,17.545,0.129,0.141,0.002,0.512,8.311,32.538
1984,5.659,1.510,19.285,0.130,0.147,0.002,0.521,8.324,35.570
1985,4.217,1.472,17.262,0.131,0.145,0.002,0.511,8.214,31.946
1986,5.280,1.423,17.800,0.131,0.140,0.002,0.511,8.361,33.643
1987,4.698,1.463,17.509,0.130,0.142,0.002,0.523,8.330,32.803
1988,4.641,1.465,19.825,0.130,0.138,0.002,0.519,8.432,35.153
1989,4.779,1.703,17.763,0.131,0.142,0.002,0.519,8.195,33.232
1990,4.535,1.932,19.014,0.129,0.136,0.002,0.542,8.510,34.815
1991,4.830,3.060,18.906,0.126,0.140,0.002,0.591,8.361,36.027
1992,4.449,1.585,26.729,0.132,0.138,0.002,0.601,8.440,42.114
1993,4.283,1.515,18.184,0.130,0.145,0.002,0.524,8.267,33.048
1994,4.935,1.517,18.823,0.133,0.143,0.002,0.524,8.407,34.480
1995,4.524,1.538,18.800,0.127,0.142,0.865,0.554,8.381,34.079
1996,4.714,1.590,21.595,0.139,0.138,0.002,0.539,8.412,37.139
1997,5.604,1.481,19.106,0.136,0.143,0.003,0.549,8.226,35.257
1998,5.186,1.742,20.015,0.135,0.136,0.003,0.544,8.395,36.170
1999,4.552,2.061,18.656,0.129,0.143,0.002,0.542,8.283,34.378
2000,4.485,1.510,21.523,0.130,0.141,0.003,0.550,8.343,36.689
2001,4.799,1.580,17.688,0.132,0.145,0.002,0.529,8.378,33.247
2002,4.342,1.463,17.636,0.138,0.142,1.142,0.529,8.732,32.981
2003,5.969,1.485,17.478,0.133,0.133,0.002,0.524,8.267,34.002
2004,5.569,1.729,18.715,0.131,0.139,0.002,0.524,8.272,35.098
2005,4.873,1.714,17.529,0.129,0.143,0.002,0.515,8.465,33.367
2006,4.987,1.664,17.643,0.122,0.138,0.002,0.493,8.381,33.433
2007,4.268,1.456,17.673,0.126,0.146,0.002,0.529,8.276,32.489
2008,4.809,1.555,23.331,0.161,0.150,0.002,0.629,8.447,39.049
2009,5.173,1.753,19.821,0.153,0.152,0.002,0.580,8.554,37.998
2010,4.914,1.507,19.526,0.133,0.141,0.002,11.083,8.634,46.689
2011,4.752,1.803,17.055,0.142,0.161,0.002,0.556,8.272,33.389
2012,4.322,1.485,19.065,0.132,0.142,0.002,0.522,8.260,33.939
2013,4.206,1.463,17.461,0.129,0.144,0.002,9.994,8.237,42.346
2014,5.635,1.458,18.027,0.137,0.144,0.002,0.533,8.849,34.776
2015,5.339,2.441,19.601,0.131,0.145,0.002,0.527,8.764,36.945
2016,4.708,1.731,17.549,0.131,0.151,0.015,0.550,8.283,33.114
2017,4.904,1.816,17.480,0.196,0.145,0.002,0.564,8.505,33.544
2018,5.343,1.432,17.969,0.128,0.143,0.002,0.519,8.248,33.795
2019,4.418,2.645,17.712,0.130,0.150,1.268,0.532,8.354,33.942
2020,4.972,1.522,18.801,0.138,0.148,0.002,0.537,8.235,34.350
2021,4.972,2.080,17.632,0.135,0.151,0.002,0.528,8.236,33.726
2022,4.447,1.832,17.704,0.128,0.139,0.003,0.521,8.263,33.050
2023,4.881,1.744,17.461,0.133,0.148,0.002,0.536,8.499,33.401
2024,6.776,1.693,18.066,0.131,0.149,0.002,0.543,8.320,35.682
2025,4.801,1.555,17.443,0.130,0.148,0.002,0.529,8.463,33.065
2026,4.711,1.650,17.606,0.133,0.144,0.002,0.536,8.192,32.974
2027,4.544,1.613,17.295,0.143,0.139,0.002,0.535,8.389,32.658
2028,4.360,1.476,25.684,0.130,0.141,0.002,0.517,8.284,40.599
2029,4.797,1.516,17.453,0.132,0.142,0.848,0.547,8.518,33.111
2030,5.312,1.827,17.729,0.133,0.140,0.002,0.532,8.342,34.031
2031,5.063,1.703,17.476,0.130,0.142,0.002,0.526,8.238,33.289
2032,4.671,1.849,17.981,0.136,0.137,0.002,0.524,8.412,33.720
2033,4.647,1.619,17.813,0.131,0.139,0.003,0.525,8.161,33.048
2034,4.811,1.525,17.448,0.134,0.136,0.002,0.532,8.586,33.185
2035,5.198,1.506,17.455,0.127,0.132,0.002,0.530,8.235,33.205
2036,4.747,1.498,20.797,0.129,0.162,0.765,0.527,8.261,36.116
2037,4.268,1.468,17.497,0.133,0.164,0.003,0.533,8.290,32.334
2038,4.740,1.608,17.387,0.132,0.163,0.002,0.503,9.022,33.537
2039,4.466,1.925,17.591,0.131,0.160,0.002,0.512,8.213,32.988
2040,4.429,1.524,19.371,0.130,0.160,0.002,0.500,8.332,34.433
2041,4.369,1.495,17.454,0.134,0.185,0.705,0.518,8.578,32.692
2042,4.332,1.593,18.175,0.132,0.165,1.591,0.502,8.271,33.149
2043,5.313,1.594,17.555,0.135,0.171,0.002,0.555,8.348,33.663
2044,4.327,23.273,16.858,0.138,0.164,0.779,0.512,8.302,53.547
2045,4.837,1.713,16.746,0.142,0.187,0.691,0.510,8.234,32.310
2046,4.935,1.759,23.730,0.141,0.180,0.002,0.526,8.734,39.969
2047,5.127,2.299,18.576,0.134,0.172,0.002,0.540,8.633,35.458
2048,5.907,1.838,21.048,0.140,0.184,0.002,0.535,8.575,38.190
2049,5.216,2.465,16.817,0.139,0.192,0.002,0.511,8.283,33.570
2050,4.381,1.652,17.369,0.144,0.183,0.002,0.538,8.261,32.481
2051,4.592,2.711,17.579,0.141,0.172,0.003,0.538,8.305,34.015
2052,4.828,2.126,17.480,0.136,0.168,0.002,0.562,8.227,33.503
2053,4.702,6.110,17.564,0.136,0.178,0.002,0.573,8.359,37.602
2054,4.763,2.293,17.386,0.142,0.178,0.002,0.545,8.232,33.502
2055,4.231,2.170,17.552,0.138,0.181,0.002,0.528,8.268,33.030
2056,5.126,3.101,19.351,0.138,0.179,0.002,0.547,8.493,36.901
2057,4.408,2.117,17.427,0.140,0.180,0.002,0.522,8.569,33.328
2058,5.865,2.094,24.816,0.145,0.183,0.002,0.615,8.301,41.992
2059,4.618,2.395,17.690,0.138,0.174,0.696,0.503,8.476,33.953
2060,4.746,3.399,18.007,0.143,0.177,0.002,0.536,8.264,35.233
2061,4.331,3.475,17.412,0.138,0.185,0.002,0.531,8.315,34.350
2062,4.368,1.848,17.485,0.142,0.178,0.002,0.536,8.362,32.880
2063,5.027,2.105,17.205,0.139,0.185,0.002,0.531,8.314,33.466
2064,4.337,6.761,18.224,0.133,0.169,0.002,0.524,8.245,38.371
2065,5.278,1.953,17.522,0.140,0.164,0.002,0.528,8.337,33.899
2066,4.412,2.251,17.328,0.138,0.202,0.800,0.524,8.160,32.952
2067,4.306,1.733,19.873,0.169,0.200,0.002,0.518,8.283,34.994
2068,4.315,2.326,17.973,0.161,0.202,0.002,0.518,8.231,33.644
2069,4.378,1.898,17.368,0.170,0.200,0.002,0.522,8.343,32.786
2070,4.530,1.655,17.428,0.167,0.202,0.002,0.516,8.192,32.590
2071,4.379,2.231,17.155,0.177,0.201,0.002,0.531,8.170,32.743
2072,4.539,2.086,17.908,0.169,0.201,0.002,0.511,8.223,33.543
2073,4.454,2.465,17.506,0.167,0.200,0.002,0.526,8.573,33.804
2074,4.914,1.997,18.483,0.167,0.207,0.002,0.517,7.565,33.754
2075,4.223,1.904,17.229,0.174,0.201,0.002,0.513,8.491,32.640
2076,4.982,1.898,18.413,0.174,0.201,0.002,0.516,8.271,34.352
2077,4.432,1.822,17.662,0.170,0.201,0.002,0.529,8.591,33.309
2078,4.994,2.287,18.053,0.165,0.207,0.002,0.510,8.230,34.339
2079,4.291,1.609,17.251,0.187,0.226,0.002,0.512,8.552,32.486
2080,4.450,1.888,17.873,0.169,0.204,0.002,0.558,8.209,33.270
2081,4.347,2.102,17.461,0.174,0.205,0.002,0.520,8.273,32.990
2082,4.372,2.456,18.177,0.176,0.193,0.757,0.527,8.392,34.205
2083,4.339,1.573,17.168,0.185,0.186,0.002,0.487,8.297,32.136
2084,4.915,2.402,17.869,0.183,0.185,0.002,0.515,8.346,34.317
2085,4.800,1.764,17.663,0.182,0.201,0.002,0.527,8.295,33.325
2086,5.319,1.941,19.907,0.178,0.194,0.002,0.588,8.329,36.405
2087,4.777,1.874,17.318,0.175,0.189,0.002,0.504,8.228,32.976
2088,4.598,2.238,19.513,0.181,0.187,0.002,0.524,8.178,35.332
2089,4.373,2.797,17.533,0.177,0.185,0.002,0.524,8.315,33.817
2090,4.710,2.227,19.039,0.177,0.186,0.002,0.523,8.538,35.310
2091,5.649,1.964,18.262,0.179,0.185,0.002,0.534,8.454,35.139
2092,4.657,1.679,18.738,0.178,0.192,0.002,0.508,8.833,34.687
2093,4.415,2.675,17.537,0.178,0.189,0.002,0.509,8.279,33.686
2094,4.446,1.848,18.398,0.141,0.188,0.002,0.508,8.164,33.625
2095,4.230,1.748,17.450,0.141,0.182,0.002,0.508,8.229,32.440
2096,4.448,2.223,17.445,0.137,0.182,0.002,0.531,8.260,33.179
2097,4.822,2.051,17.581,0.138,0.184,0.002,0.532,8.195,33.457
2098,5.075,1.802,18.813,0.142,0.178,0.002,0.515,8.225,34.703
2099,4.213,1.504,17.232,0.138,0.183,0.002,0.494,8.204,31.920
2100,4.065,2.405,17.286,0.138,0.186,0.002,0.511,8.214,32.752
2101,5.486,3.315,17.619,0.145,0.155,1.432,0.520,8.318,35.533
2102,4.743,1.492,21.509,0.143,0.154,0.002,0.529,8.405,36.955
2103,4.230,1.461,17.241,0.141,0.149,0.002,0.525,8.173,31.903
2104,5.027,1.980,18.560,0.140,0.150,0.002,0.521,8.337,34.703
2105,4.408,1.578,17.567,0.141,0.151,0.002,0.522,8.626,32.979
2106,4.696,1.623,17.454,0.143,0.193,0.810,0.527,8.292,32.866
2107,4.701,1.358,17.202,0.144,0.184,0.002,11.414,8.314,44.310
2108,4.803,1.727,18.893,0.141,0.188,0.002,0.516,8.505,34.718
2109,4.001,1.448,16.775,0.141,0.186,0.002,0.536,8.245,31.268
2110,4.390,2.943,17.392,0.139,0.191,0.002,0.517,8.538,34.063
2111,4.306,1.446,17.234,0.138,0.185,0.002,0.536,8.312,32.115
2112,5.379,1.680,17.935,0.139,0.177,0.002,10.954,8.331,45.282
2113,4.334,1.451,16.767,0.141,0.179,0.002,0.501,8.181,31.506
2114,4.657,1.418,18.184,0.144,0.182,0.002,0.532,8.284,33.353
2115,4.409,1.438,17.222,0.140,0.179,0.002,0.537,8.631,32.517
2116,5.413,1.683,17.687,0.138,0.178,0.002,0.530,8.367,33.963
2117,4.326,1.517,17.843,0.138,0.178,0.003,0.522,8.521,33.004
2118,4.463,1.498,17.359,0.136,0.209,1.442,0.529,8.338,32.474
2119,4.331,1.422,17.251,0.145,0.213,0.002,0.520,8.206,32.017
2120,4.697,1.459,18.247,0.144,0.209,0.002,10.585,8.333,44.399
2121,5.037,2.009,17.412,0.139,0.212,0.002,0.503,8.232,33.467
2122,4.165,1.433,17.586,0.141,0.212,0.002,0.513,8.183,32.146
2123,4.845,1.448,17.652,0.137,0.183,0.781,0.511,8.182,32.911
2124,4.507,1.449,18.073,0.140,0.183,0.002,0.520,8.202,33.032
2125,4.356,1.554,17.414,0.142,0.186,0.002,0.540,8.352,32.495
2126,4.672,1.476,17.415,0.149,0.185,0.003,0.519,8.358,32.715
2127,4.644,1.629,17.571,0.139,0.186,0.003,0.531,8.275,32.925
2128,4.462,1.661,17.466,0.139,0.180,0.002,0.546,8.295,32.701
2129,4.553,1.503,17.410,0.137,0.184,0.003,0.538,8.319,32.600
2130,4.584,1.451,20.040,0.137,0.184,0.002,0.517,8.412,35.272
2131,4.208,1.492,17.218,0.145,0.188,0.002,0.499,8.226,31.913
2132,4.655,1.459,17.254,0.138,0.181,0.002,0.545,8.243,32.430
2133,4.378,2.406,17.696,0.139,0.178,0.002,0.528,8.249,33.536
2134,5.079,1.479,17.933,0.140,0.179,0.002,0.504,8.303,33.576
2135,4.318,1.398,17.480,0.136,0.179,0.002,10.791,8.252,43.376
2136,4.289,1.684,17.502,0.138,0.152,0.858,0.525,8.277,32.557
2137,4.551,1.499,16.875,0.186,0.162,0.002,0.530,8.195,31.933
2138,4.249,1.425,17.623,0.139,0.155,0.002,0.500,8.208,32.279
2139,4.380,1.399,17.181,0.135,0.151,0.002,0.510,8.233,31.977
2140,4.559,1.425,17.614,0.144,0.146,0.002,0.510,8.492,32.874
2141,4.416,1.863,22.579,0.149,0.156,0.002,0.539,8.257,37.935
2142,4.943,1.709,18.846,0.138,0.183,1.467,11.034,8.205,46.160
2143,4.299,1.372,17.377,0.136,0.180,0.002,0.663,8.336,32.316
2144,5.442,1.442,19.001,0.138,0.181,0.003,0.538,8.342,35.040
2145,4.551,1.546,16.967,0.137,0.181,0.002,0.529,8.230,32.098
2146,4.450,1.444,17.674,0.147,0.180,0.002,0.497,8.193,32.522
2147,4.221,1.413,17.166,0.142,0.183,0.002,0.508,8.184,31.766
2148,4.485,1.494,20.339,0.135,0.180,0.002,0.671,8.690,35.998
2149,5.239,1.700,27.547,0.139,0.177,0.002,0.669,9.705,45.168
2150,5.157,1.624,19.423,0.138,0.185,0.002,0.528,8.309,35.318
2151,5.202,1.570,21.016,0.138,0.188,0.002,0.553,8.441,37.089
2152,5.025,1.641,18.380,0.140,0.189,0.002,0.525,9.036,34.884
2153,5.403,2.685,18.185,0.134,0.185,0.002,0.547,8.319,35.415
2154,5.484,1.578,20.089,0.132,0.184,0.002,0.511,8.205,36.152
2155,5.811,1.522,17.735,0.134,0.191,0.003,0.523,8.290,34.159
2156,5.341,1.832,17.833,0.139,0.200,0.002,0.544,8.308,34.156
2157,4.429,2.044,17.919,0.136,0.185,0.002,0.534,8.309,33.579
2158,5.011,1.553,17.763,0.132,0.208,0.886,0.493,8.330,33.424
2159,4.197,1.723,17.388,0.137,0.223,0.002,10.817,8.390,44.066
2160,4.107,1.530,17.414,0.136,0.206,0.002,0.543,8.260,32.142
2161,4.232,2.192,17.477,0.138,0.220,0.002,0.519,8.564,33.273
2162,6.006,1.916,18.084,0.138,0.212,0.002,0.504,8.279,35.060
2163,4.232,1.563,17.582,0.159,0.220,0.002,0.522,8.189,32.371
2164,4.488,1.625,17.778,0.139,0.213,0.002,0.524,8.368,33.067
2165,4.343,1.910,17.508,0.137,0.182,0.817,0.542,8.259,32.843
2166,4.986,1.632,18.256,0.136,0.179,0.002,0.513,8.670,34.337
2167,4.239,1.625,17.169,0.139,0.183,0.002,0.530,8.320,32.168
2168,4.396,1.648,17.499,0.137,0.183,0.002,0.513,8.568,32.898
2169,4.681,2.744,17.313,0.138,0.187,0.002,10.837,8.288,44.985
2170,3.992,2.290,17.187,0.140,0.192,0.002,0.506,8.198,32.449
2171,4.237,1.936,17.155,0.140,0.171,0.770,0.519,8.326,32.447
2172,4.540,1.601,17.773,0.136,0.165,0.002,0.528,8.331,33.048
2173,4.330,2.035,17.729,0.140,0.181,1.025,0.517,8.317,33.202
2174,4.434,2.022,18.046,0.141,0.170,0.720,0.517,8.415,33.707
2175,4.345,1.768,17.217,0.136,0.171,0.002,0.497,8.193,32.283
2176,4.982,1.707,17.568,0.141,0.184,0.751,10.661,8.281,44.257
2177,4.524,1.728,17.433,0.140,0.184,0.002,0.525,8.332,32.843
2178,5.001,1.902,16.924,0.139,0.184,0.003,0.521,8.190,32.836
2179,4.499,1.828,17.187,0.134,0.182,0.002,0.528,8.200,32.534
2180,4.936,1.668,20.360,0.145,0.202,0.002,0.530,8.244,36.031
2181,4.425,2.130,17.197,0.134,0.182,0.002,10.322,8.217,43.316
2182,4.320,1.868,16.959,0.138,0.181,0.002,0.498,8.295,33.830
2183,4.344,1.615,16.924,0.139,0.182,0.003,0.511,8.282,31.986
2184,4.337,2.165,18.015,0.270,0.176,0.002,0.505,8.195,34.299
2185,4.480,2.456,18.449,0.138,0.189,0.002,9.330,8.185,43.921
2186,4.455,1.807,17.948,0.140,0.189,0.002,0.506,8.278,33.318
2187,4.076,2.066,16.677,0.141,0.186,0.002,0.487,8.116,31.731
2188,4.095,1.944,18.201,0.140,0.183,0.002,0.527,8.226,33.321
2189,4.217,2.341,17.274,0.151,0.221,1.125,0.521,8.385,33.072
2190,5.106,1.806,17.364,0.149,0.220,0.002,0.521,8.891,34.017
2191,4.470,2.136,17.515,0.135,0.210,0.002,0.552,8.252,33.241
2192,4.391,1.896,17.684,0.139,0.210,0.002,0.523,8.287,33.089
2193,4.262,2.202,17.881,0.143,0.207,0.002,0.520,8.411,33.593
2194,4.981,1.633,17.660,0.139,0.214,0.002,0.531,8.358,33.486
2195,4.508,1.758,17.546,0.140,0.213,0.002,0.523,8.337,32.994
2196,5.207,1.832,18.116,0.143,0.211,0.002,0.508,8.267,34.251
2197,4.265,1.978,19.158,0.141,0.227,0.002,0.495,8.334,34.553
2198,4.675,1.572,17.968,0.136,0.214,0.002,0.541,8.665,33.752
2199,4.390,2.702,17.624,0.139,0.212,0.003,10.181,8.307,44.213
2200,4.515,2.245,18.135,0.142,0.211,0.002,0.511,8.248,33.977
2201,4.574,1.680,19.353,0.143,0.218,0.003,0.522,8.462,34.917
2202,4.843,2.041,17.659,0.142,0.217,0.002,0.613,8.244,33.723
2203,4.670,1.663,17.318,0.141,0.212,0.002,0.632,8.267,32.878
2204,4.292,1.581,17.170,0.141,0.211,0.003,0.562,8.189,32.099
2205,4.428,1.714,18.318,0.140,0.215,0.003,0.591,8.257,33.615
2206,4.317,1.604,17.209,0.140,0.212,0.002,10.455,8.197,42.922
2207,4.672,1.870,17.395,0.136,0.209,0.002,0.648,8.397,33.355
2208,5.343,2.356,19.250,0.136,0.206,0.002,0.696,8.920,36.931
2209,4.372,2.163,18.008,0.135,0.206,0.002,0.634,8.260,33.809
2210,4.323,1.483,17.493,0.147,0.211,0.002,0.648,8.363,32.683
2211,4.381,1.623,17.445,0.142,0.214,0.002,0.631,8.360,32.821
2212,4.979,2.658,18.187,0.142,0.209,0.003,0.633,8.469,35.299
2213,4.447,2.031,17.747,0.135,0.206,0.002,0.622,9.271,34.488
2214,4.950,2.137,17.730,0.138,0.208,0.003,0.642,8.325,34.160
2215,4.875,1.411,17.491,0.139,0.205,0.002,0.625,8.710,33.490
2216,5.292,1.911,17.660,0.138,0.207,0.002,0.644,8.485,34.371
2217,5.358,1.826,17.560,0.298,0.210,0.002,0.645,8.442,34.205
2218,4.235,1.424,17.251,0.156,0.207,0.002,0.627,8.472,32.384
2219,4.728,1.496,17.431,0.141,0.207,0.002,0.693,8.598,33.363
2220,5.104,2.824,17.248,0.142,0.218,0.002,0.622,8.442,34.616
2221,5.972,1.584,20.301,0.148,0.210,0.002,0.621,8.777,37.639
2222,4.341,1.985,17.422,0.145,0.176,1.447,10.430,8.244,43.548
2223,4.246,1.807,17.781,0.140,0.176,0.002,0.658,8.319,33.184
2224,5.083,1.754,24.282,0.149,0.178,0.003,0.679,8.462,40.632
2225,5.050,1.791,18.470,0.160,0.195,0.004,0.647,8.356,34.700
2226,4.260,1.425,17.392,0.148,0.175,0.003,0.641,8.378,32.469
2227,4.644,1.752,17.295,0.157,0.186,0.003,0.638,8.254,32.950
2228,4.999,1.482,17.427,0.165,0.344,0.003,0.639,8.405,33.322
2229,4.327,1.544,18.094,0.141,0.186,0.003,0.617,8.346,33.293
2230,4.743,1.422,17.477,0.140,0.177,0.002,0.623,8.504,33.134
2231,4.686,1.452,17.389,0.136,0.177,0.002,0.623,8.247,32.763
2232,6.138,1.895,18.186,0.139,0.179,0.002,0.633,8.323,35.548
2233,4.312,1.544,18.682,0.148,0.178,0.002,0.631,8.378,33.918
2234,4.197,1.414,17.580,0.135,0.208,0.940,0.526,8.249,32.298
2235,5.393,1.846,17.921,0.145,0.214,0.002,0.522,8.296,34.305
2236,4.623,1.740,18.883,0.136,0.200,0.002,0.494,8.420,34.482
2237,4.286,1.708,18.678,0.142,0.212,0.003,0.511,8.204,33.713
2238,4.213,1.607,17.403,0.142,0.211,0.002,0.534,8.252,32.332
2239,4.721,1.599,17.323,0.160,0.217,0.002,0.514,8.211,32.691
2240,4.978,3.460,17.377,0.149,0.209,0.002,0.506,8.314,34.963
2241,4.503,1.509,18.828,0.138,0.208,0.002,10.073,8.685,45.332
2242,4.975,1.706,17.752,0.135,0.214,0.002,0.515,8.248,33.496
2243,4.920,1.502,17.716,0.139,0.206,0.002,0.525,8.348,33.306
2244,4.595,1.853,21.289,0.140,0.209,0.002,0.524,8.175,36.729
2245,4.250,1.462,18.772,0.137,0.212,0.002,0.496,8.370,33.644
2246,4.272,1.435,17.277,0.138,0.206,0.002,9.274,8.235,41.639
2247,4.618,1.491,17.518,0.138,0.212,0.002,0.506,8.293,32.759
2248,5.625,1.746,21.846,0.137,0.205,0.002,0.521,8.366,38.437
2249,4.361,1.527,20.102,0.138,0.207,0.003,0.513,8.203,35.036
2250,4.208,2.756,17.261,0.149,0.175,0.795,0.542,8.318,33.418
2251,4.483,1.453,17.482,0.137,0.174,0.002,0.514,8.259,32.519
2252,4.769,1.527,20.056,0.149,0.180,0.003,0.492,8.174,35.336
2253,4.237,1.518,18.288,0.359,0.179,0.002,0.523,8.341,33.229
2254,5.155,1.407,17.189,0.142,0.191,0.002,0.507,8.214,32.801
2255,4.623,1.442,17.430,0.142,0.185,0.002,0.518,8.275,32.609
2256,4.976,1.460,18.817,0.162,0.191,0.002,0.516,8.353,34.440
2257,4.380,1.511,19.451,0.136,0.183,0.002,0.506,8.276,34.444
2258,4.710,1.417,17.338,0.140,0.185,0.002,9.608,8.356,43.217
2259,4.335,1.495,17.692,0.137,0.178,0.002,0.518,8.336,32.737
2260,4.426,2.121,21.982,0.137,0.189,1.260,0.530,8.240,37.656
2261,4.217,1.499,18.437,0.140,0.186,0.003,0.536,8.313,33.357
2262,4.251,1.472,17.436,0.138,0.174,0.732,0.534,8.227,32.277
2263,4.670,1.716,17.333,0.142,0.185,0.002,9.914,8.228,42.963
2264,4.891,1.988,18.368,0.142,0.178,0.003,0.516,8.242,34.331
2265,4.542,1.495,18.291,0.138,0.174,0.002,0.507,8.385,33.551
2266,4.210,1.463,17.437,0.138,0.181,0.003,0.494,8.332,32.276
2267,4.457,1.503,18.115,0.136,0.186,0.003,0.528,8.307,33.238
2268,4.735,1.500,20.433,0.133,0.176,0.002,0.524,8.202,35.717
2269,4.381,3.158,18.386,0.130,0.175,0.002,0.501,8.310,35.059
2270,4.841,1.463,17.969,0.143,0.182,0.002,0.527,8.242,33.366
2271,4.825,1.449,17.356,0.134,0.179,0.002,0.530,8.345,32.841
2272,4.990,1.491,22.118,0.138,0.186,0.015,0.500,8.564,37.987
2273,4.317,1.500,17.603,0.138,0.172,0.002,0.507,8.428,32.677
2274,4.261,1.446,17.260,0.147,0.187,0.003,0.520,8.238,32.047
2275,4.776,1.708,17.194,0.144,0.177,0.004,0.517,8.263,32.774
2276,4.543,1.952,17.536,0.146,0.172,0.003,9.763,8.239,43.183
2277,4.295,1.520,18.490,0.134,0.176,0.002,0.523,8.237,33.416
2278,4.250,1.931,17.277,0.139,0.176,0.002,0.511,8.528,32.793
2279,4.436,1.486,17.599,0.137,0.176,0.002,0.521,8.238,32.570
2280,4.633,1.496,18.018,0.136,0.174,0.002,0.511,8.407,33.358
2281,5.357,1.508,25.263,0.138,0.178,0.002,0.563,8.460,41.459
2282,4.290,1.415,17.283,0.137,0.180,0.002,9.733,8.403,42.913
2283,4.680,1.463,17.343,0.144,0.197,0.002,0.520,8.216,32.541
2284,4.942,1.680,21.624,0.137,0.183,0.002,0.519,8.295,37.384
2285,4.284,1.625,19.515,0.139,0.177,0.002,0.514,8.311,34.571
2286,4.491,1.651,17.651,0.143,0.182,0.002,0.564,8.211,32.897
2287,4.743,1.434,17.375,0.144,0.184,0.003,0.508,8.368,32.755
2288,4.819,2.793,17.808,0.138,0.181,0.002,0.526,8.211,34.474
2289,4.883,1.502,20.057,0.138,0.180,0.003,0.524,8.316,35.602
2290,4.314,1.449,17.233,0.132,0.175,0.002,0.523,8.252,32.096
2291,4.733,1.465,17.810,0.136,0.157,0.776,0.503,8.713,33.554
2292,4.760,1.493,20.857,0.135,0.158,0.002,0.512,8.888,36.843
2293,5.193,42.350,16.841,0.131,0.156,0.002,0.512,8.293,73.510
2294,4.246,1.397,17.185,0.138,0.156,0.002,0.485,8.223,31.854
2295,4.316,1.488,17.347,0.137,0.160,0.002,0.511,8.244,32.234
2296,4.148,1.640,23.808,0.157,0.167,0.002,0.539,8.245,38.723
2297,4.970,1.553,17.175,0.135,0.151,0.002,0.527,8.214,32.762
2298,4.399,1.419,17.261,0.133,0.159,0.002,9.598,8.213,42.116
2299,4.293,1.843,17.052,0.135,0.157,0.002,0.504,8.279,32.334
2300,5.326,1.653,20.563,0.134,0.159,0.002,0.537,8.322,36.747
2301,4.262,1.517,17.419,0.139,0.171,0.003,0.535,8.348,32.442
2302,4.685,1.703,17.620,0.134,0.162,0.002,0.512,8.180,33.054
2303,5.391,1.779,18.778,0.142,0.163,0.003,0.563,8.310,35.203
2304,4.602,1.510,17.483,0.142,0.167,0.002,0.503,8.282,32.735
2305,4.225,1.605,17.342,0.128,0.157,0.002,9.648,8.314,42.271
2306,4.814,1.829,17.478,0.131,0.150,0.002,0.526,8.286,33.253
2307,4.861,1.461,18.328,0.132,0.157,0.002,0.524,8.405,33.904
2308,4.698,1.449,20.944,0.135,0.156,0.002,0.503,8.488,36.405
2309,4.555,1.750,17.692,0.144,0.167,0.002,0.525,8.234,33.084
2310,4.634,1.644,17.420,0.138,0.159,0.002,0.532,8.505,33.070
2311,4.322,1.760,20.946,0.140,0.166,0.002,0.542,8.419,37.071
2312,4.994,1.606,17.612,0.132,0.162,0.002,0.516,8.382,33.416
2313,4.739,1.679,17.534,0.150,0.166,0.003,0.511,8.191,34.001
2314,4.202,1.462,17.451,0.140,0.158,0.003,0.517,8.201,32.864
2315,4.909,1.590,17.644,0.129,0.157,0.002,0.522,8.546,33.521
2316,4.192,1.710,23.445,0.135,0.159,0.002,0.501,8.269,39.194
2317,4.513,1.701,17.657,0.132,0.159,0.002,0.522,8.264,32.984
2318,4.635,1.756,17.840,0.137,0.157,0.002,0.515,8.531,33.604
2319,5.114,1.452,17.655,0.142,0.183,1.673,0.520,8.210,33.271
2320,4.407,1.505,21.755,0.136,0.169,0.002,0.538,8.188,36.744
2321,4.248,1.498,17.363,0.132,0.168,0.002,0.507,8.203,32.137
2322,4.728,1.425,17.455,0.135,0.175,0.002,0.513,8.364,32.809
2323,4.772,1.977,19.078,0.132,0.171,0.002,0.519,8.297,34.967
2324,6.374,1.703,22.898,0.189,0.203,0.880,0.522,8.421,40.368
2325,4.275,1.504,17.949,0.137,0.207,0.002,0.520,8.192,32.770
2326,4.662,1.431,17.807,0.136,0.179,1.379,0.506,8.434,33.172
2327,5.165,1.965,21.096,0.138,0.182,0.002,0.527,8.437,37.520
2328,4.719,1.487,20.763,0.136,0.182,0.002,0.529,8.527,36.350
2329,4.724,1.724,20.190,0.133,0.179,0.002,9.714,8.278,46.130
2330,4.718,1.492,18.245,0.136,0.177,0.002,0.526,8.275,33.628
2331,4.992,1.832,18.333,0.138,0.175,0.002,0.511,8.212,34.228
2332,4.285,1.444,22.570,0.136,0.177,0.002,0.494,8.299,37.444
2333,4.434,1.469,17.570,0.135,0.174,0.782,0.516,8.280,32.624
2334,4.767,1.690,17.328,0.133,0.157,0.002,0.520,8.244,32.906
2335,4.775,1.910,17.616,0.135,0.158,0.002,0.503,8.244,33.405
2336,4.670,1.502,18.573,0.140,0.162,0.003,0.525,8.578,34.205
2337,4.301,1.452,17.327,0.139,0.165,0.003,0.502,8.201,32.153
2338,4.746,1.440,17.573,0.135,0.158,0.003,0.502,8.230,32.843
2339,4.725,2.113,17.378,0.135,0.164,0.002,0.537,8.273,33.381
2340,4.655,1.731,18.275,0.145,0.180,0.002,0.520,8.357,33.894
2341,4.350,1.454,18.585,0.143,0.168,0.002,0.529,8.302,33.585
2342,4.747,1.431,17.475,0.135,0.164,0.002,0.521,8.296,32.832
2343,4.575,1.490,17.399,0.148,0.177,0.002,0.522,8.298,32.640
2344,4.600,1.472,22.556,0.134,0.162,0.002,0.519,8.263,37.765
2345,4.318,1.458,17.613,0.133,0.161,0.002,0.535,8.260,32.543
2346,4.466,1.455,17.462,0.136,0.167,0.002,0.501,8.397,32.636
2347,4.993,1.459,17.503,0.133,0.166,0.002,0.515,8.227,33.046
2348,4.879,1.489,19.503,0.143,0.159,0.002,0.519,8.267,35.003
2349,4.262,1.435,17.633,0.137,0.163,0.002,0.510,10.519,34.703
2350,19.356,1.736,24.638,0.136,0.168,0.002,0.566,8.402,55.060
2351,5.343,2.903,17.797,0.137,0.164,0.002,0.544,8.338,35.285
2352,4.240,1.809,19.260,0.139,0.179,0.002,0.529,8.755,34.948
2353,4.931,1.679,17.357,0.133,0.157,0.002,0.504,8.175,32.990
2354,5.055,1.542,17.266,0.137,0.161,0.002,0.536,8.344,33.092
2355,4.568,1.759,17.425,0.136,0.155,0.002,0.548,8.467,33.114
2356,4.599,1.685,19.485,0.137,0.156,0.002,0.518,8.526,35.161
2357,4.546,1.923,17.737,0.133,0.153,0.002,0.522,8.289,33.529
2358,4.813,1.601,17.624,0.137,0.158,0.002,0.512,8.454,33.370
2359,4.662,2.368,17.535,0.136,0.187,0.887,0.522,8.340,33.777
2360,4.286,1.513,23.144,0.144,0.197,0.002,0.539,8.361,38.206
2361,4.341,1.559,21.160,0.133,0.182,0.007,0.519,7.734,35.675
2362,5.579,1.538,20.809,0.143,0.200,0.002,12.422,9.302,51.420
2363,5.154,1.481,17.560,0.135,0.188,0.002,0.542,8.551,33.607
2364,4.724,1.504,28.289,0.137,0.187,0.002,0.540,9.064,44.452
2365,12.320,4.051,76.219,0.139,0.191,0.002,0.565,8.624,102.140
2366,5.456,2.535,19.338,0.133,0.192,0.002,0.572,8.308,36.536
2367,4.464,1.921,24.398,0.134,0.194,0.002,0.590,8.979,40.700
2368,6.550,3.581,25.655,0.136,0.198,0.002,1.838,15.808,53.944
2369,7.738,2.347,20.414,0.144,0.210,0.002,0.519,8.312,39.663
2370,4.589,2.492,17.323,0.140,0.195,0.002,0.502,8.276,33.503
2371,4.337,2.671,17.882,0.135,0.194,0.002,0.515,8.257,33.978
2372,5.016,2.195,19.337,0.147,0.191,0.769,0.506,8.323,35.700
2373,5.711,2.443,17.381,0.136,0.173,0.002,0.598,8.250,34.713
2374,4.728,1.641,17.822,0.135,0.174,0.002,11.338,8.268,45.083
2375,4.764,2.365,18.615,0.138,0.174,0.002,0.607,8.414,35.126
2376,4.526,1.781,23.528,0.136,0.176,0.002,0.518,8.204,38.894
2377,4.593,2.029,18.083,0.133,0.178,0.002,0.537,9.186,34.784
2378,4.691,2.076,17.886,0.150,0.189,0.002,0.523,8.396,33.928
2379,5.177,3.477,18.236,0.137,0.177,0.003,0.539,8.446,36.255
2380,5.014,2.235,20.163,0.136,0.177,0.002,0.551,8.164,36.488
2381,4.683,2.237,17.463,0.133,0.173,0.002,0.520,8.400,33.652
2382,5.078,2.112,18.001,0.143,0.172,0.002,0.512,8.308,34.363
2383,5.095,1.932,17.320,0.136,0.177,0.002,0.523,8.266,33.484
2384,4.970,2.091,17.895,0.141,0.175,0.003,0.516,8.336,34.159
2385,4.395,2.218,17.303,0.134,0.177,0.002,0.504,8.166,32.938
2386,4.470,1.881,17.302,0.135,0.174,0.003,0.541,8.217,32.759
2387,4.702,2.754,17.338,0.137,0.174,0.002,0.508,8.458,34.114
2388,4.796,3.097,27.842,0.136,0.178,0.002,0.510,8.278,44.871
2389,4.718,2.271,19.101,0.136,0.178,0.003,0.517,8.377,35.332
2390,5.352,5.806,18.267,0.137,0.173,0.002,10.907,8.292,49.746
2391,5.003,2.087,16.736,0.141,0.176,0.003,0.507,8.210,32.858
2392,4.353,3.257,18.283,0.136,0.176,0.002,0.546,8.375,35.146
2393,5.033,2.206,17.636,0.141,0.204,0.726,0.517,8.601,34.534
2394,5.132,2.654,18.033,0.137,0.190,0.002,0.530,8.344,35.028
2395,4.535,2.311,17.383,0.134,0.194,0.002,0.502,8.243,33.303
2396,5.363,2.565,19.126,0.134,0.191,0.003,0.586,8.520,36.516
2397,4.474,2.540,17.616,0.140,0.212,0.002,0.506,8.189,33.647
2398,4.712,2.102,17.452,0.133,0.191,0.002,0.524,8.353,33.469
2399,4.503,2.204,17.335,0.133,0.186,0.002,0.515,8.221,33.097
2400,4.996,2.039,18.886,0.143,0.203,0.003,9.282,8.222,45.013
2401,5.345,2.382,17.666,0.153,0.203,0.002,0.516,8.291,34.531
2402,4.989,2.598,21.505,0.135,0.187,0.003,0.529,8.314,38.980
2403,4.560,2.199,17.527,0.139,0.186,0.002,0.534,8.314,33.465
2404,4.306,1.813,18.734,0.132,0.185,0.002,0.543,9.615,35.333
2405,4.515,2.459,17.286,0.129,0.186,0.002,0.537,8.266,33.379
2406,4.581,2.154,17.647,0.136,0.189,0.002,0.529,8.702,33.935
2407,4.727,2.219,20.159,0.135,0.194,0.002,0.608,8.335,36.375
2408,4.848,2.102,18.002,0.136,0.193,0.002,0.502,8.237,34.002
2409,4.974,2.219,17.324,0.135,0.184,0.002,0.474,8.200,33.500
2410,4.582,2.001,17.501,0.143,0.199,0.003,0.532,8.228,33.172
2411,4.557,2.570,17.734,0.133,0.194,0.002,0.533,8.331,34.042
2412,5.342,1.873,18.618,0.135,0.196,0.002,0.504,8.481,35.158
2413,4.275,2.167,17.266,0.136,0.193,0.002,0.531,8.340,32.893
2414,5.213,1.744,17.642,0.129,0.182,0.002,0.557,8.410,33.903
2415,5.421,2.343,22.785,0.131,0.192,0.002,0.552,8.673,40.102
2416,5.087,1.988,24.549,0.132,0.193,0.002,0.553,8.411,40.910
2417,4.938,2.069,17.730,0.137,0.197,0.002,0.506,8.336,33.893
2418,5.017,2.509,19.122,0.143,0.213,0.002,0.508,8.346,35.821
2419,4.508,3.096,17.482,0.138,0.197,0.002,0.526,8.241,34.170
2420,5.021,1.864,19.218,0.136,0.203,0.002,0.516,8.190,35.123
2421,4.376,1.819,17.387,0.134,0.197,0.002,0.525,8.254,32.680
2422,4.948,2.087,17.376,0.134,0.198,0.002,0.518,8.283,33.531
2423,4.450,1.785,17.594,0.134,0.197,0.002,0.540,8.338,33.050
2424,4.494,1.902,18.255,0.143,0.200,0.002,0.516,8.285,33.777
2425,4.746,1.428,17.485,0.145,0.199,0.002,0.513,8.508,32.999
2426,5.392,2.439,18.896,0.138,0.214,0.002,0.545,8.565,36.165
2427,5.229,2.416,18.507,0.142,0.223,0.002,0.540,8.408,35.429
2428,4.402,1.818,20.562,0.134,0.196,0.003,0.520,8.425,36.048
2429,4.343,1.662,17.360,0.139,0.196,0.002,0.504,8.230,32.421
2430,4.372,1.716,17.312,0.138,0.195,0.002,0.515,8.264,32.488
2431,5.019,1.828,17.592,0.147,0.213,0.002,0.502,8.272,34.283
2432,4.990,1.477,22.337,0.141,0.194,0.002,0.507,8.191,37.797
2433,4.244,1.460,17.429,0.136,0.195,0.002,0.501,8.190,32.114
2434,4.739,1.542,18.843,0.138,0.201,0.002,0.525,8.325,34.270
2435,4.605,1.551,18.819,0.138,0.199,0.002,0.526,8.232,34.035
2436,5.339,1.522,17.724,0.136,0.196,0.003,0.568,8.507,33.988
2437,4.963,1.637,17.452,0.137,0.199,0.002,0.510,8.283,33.134
2438,4.326,1.644,17.445,0.138,0.193,0.002,0.524,8.278,32.511
2439,4.450,1.766,17.422,0.136,0.201,0.002,0.515,8.297,32.746
2440,4.492,1.693,19.020,0.136,0.191,0.002,0.521,8.351,34.374
2441,4.566,1.664,17.601,0.137,0.194,0.002,0.533,8.428,33.105
2442,4.749,1.445,17.328,0.145,0.209,0.003,0.521,8.528,32.871
2443,4.322,1.504,17.411,0.135,0.192,0.002,0.532,8.560,32.638
2444,5.438,1.638,18.460,0.137,0.181,1.444,0.548,8.368,34.764
2445,4.956,1.649,17.124,0.141,0.180,0.002,0.478,8.226,32.721
2446,4.400,1.569,17.243,0.138,0.182,0.002,0.499,8.219,32.214
2447,4.650,1.499,17.658,0.135,0.178,0.002,0.494,8.344,32.937
2448,5.141,2.175,25.144,0.135,0.175,0.002,0.528,8.820,42.103
2449,4.731,1.476,18.104,0.133,0.173,0.002,0.526,8.417,33.569
2450,4.768,1.440,17.536,0.136,0.198,0.002,0.521,9.604,34.167
2451,5.006,1.451,18.031,0.131,0.177,0.002,0.498,8.194,33.489
2452,4.213,1.486,22.157,0.129,0.183,0.002,0.498,8.703,37.353
2453,4.457,1.708,17.287,0.144,0.198,0.002,0.551,8.935,33.258
2454,6.131,1.678,21.366,0.133,0.188,0.002,0.541,9.631,39.649
2455,4.955,1.577,17.809,0.128,0.174,0.003,0.497,8.306,33.434
2456,4.603,1.788,18.718,0.136,0.185,0.002,0.522,8.319,34.247
2457,4.544,1.611,17.230,0.130,0.186,0.002,0.511,8.249,32.439
2458,4.514,1.430,17.309,0.134,0.180,0.002,0.519,8.389,32.459
2459,4.571,1.490,17.477,0.131,0.178,0.002,0.554,8.361,34.453
2460,4.423,1.752,17.244,0.139,0.188,0.002,0.511,8.776,33.016
2461,4.646,2.047,17.883,0.134,0.178,0.003,0.513,8.252,33.644
2462,4.777,1.485,17.692,0.138,0.175,0.002,0.518,8.508,33.292
2463,4.775,1.492,17.892,0.131,0.171,0.002,0.514,8.286,33.264
2464,4.322,1.480,18.245,0.134,0.178,0.002,10.523,8.302,44.146
2465,4.235,1.573,17.240,0.129,0.172,0.716,0.528,8.237,32.161
2466,4.329,1.613,17.429,0.134,0.169,0.002,10.169,8.250,43.484
2467,4.423,2.134,17.478,0.130,0.176,0.002,0.507,8.302,33.168
2468,5.041,1.490,18.419,0.138,0.178,0.003,0.504,8.343,34.117
2469,4.944,1.696,17.145,0.134,0.175,0.003,0.497,8.209,32.805
2470,4.292,1.450,17.738,0.146,0.193,0.003,0.526,8.382,32.704
2471,4.938,1.692,20.960,0.141,0.176,0.821,0.531,8.220,36.658
2472,4.274,1.527,23.432,0.132,0.177,0.002,0.500,8.370,38.417
2473,4.681,1.459,17.240,0.139,0.181,0.002,9.775,8.256,42.503
2474,4.044,1.383,16.692,0.141,0.187,0.002,0.507,8.229,31.148
2475,4.279,1.832,16.968,0.133,0.171,0.002,0.502,8.208,32.086
2476,4.640,1.666,18.705,0.135,0.202,1.382,0.515,8.108,33.939
2477,4.269,1.809,17.443,0.132,0.169,0.678,0.532,8.231,32.592
2478,4.300,1.827,17.554,0.129,0.164,0.002,0.507,8.219,32.704
2479,4.402,1.439,17.412,0.132,0.166,0.002,0.504,8.197,32.257
2480,5.403,1.672,22.097,0.137,0.166,0.003,0.554,8.429,38.484
2481,4.246,1.685,17.585,0.134,0.167,0.002,0.516,8.306,32.653
2482,4.499,1.591,17.351,0.129,0.171,0.002,0.516,8.190,32.449
2483,4.327,1.642,17.877,0.131,0.171,0.002,0.520,8.242,32.935
2484,5.301,1.501,19.660,0.138,0.206,1.347,0.505,8.115,35.381
2485,4.213,1.666,17.354,0.134,0.211,0.002,0.502,8.262,32.294
2486,4.678,1.577,17.475,0.131,0.209,1.413,0.500,8.331,32.867
2487,5.297,1.427,17.443,0.144,0.221,0.002,0.513,8.209,33.190
2488,4.910,1.502,18.572,0.138,0.206,0.002,0.508,8.899,34.696
2489,4.691,1.692,18.126,0.133,0.206,0.002,0.489,8.475,33.776
2490,4.339,1.452,17.630,0.131,0.202,0.765,0.520,8.270,32.519
2491,4.306,1.959,17.668,0.130,0.199,0.002,0.514,8.221,32.972
2492,5.014,1.456,22.747,0.133,0.202,0.002,0.543,8.324,38.407
2493,4.238,1.500,17.381,0.131,0.199,0.002,0.499,8.256,32.169
2494,4.751,1.413,17.400,0.132,0.200,0.002,0.522,8.289,32.674
2495,4.272,1.701,17.397,0.134,0.198,0.002,0.516,8.591,32.772
2496,4.391,1.485,18.992,0.128,0.193,0.002,0.513,8.305,33.982
2497,4.514,1.731,17.608,0.143,0.205,0.003,0.506,8.254,32.904
2498,4.374,1.397,17.213,0.137,0.220,0.002,0.511,8.210,32.003
2499,4.988,1.435,17.248,0.132,0.200,0.002,10.259,8.491,43.632
2500,4.653,1.484,18.196,0.128,0.201,0.002,0.522,8.365,33.564
2501,4.216,1.438,17.380,0.137,0.203,0.003,0.508,8.306,32.173
2502,4.305,1.851,17.576,0.137,0.204,0.003,0.543,8.427,33.050
2503,4.434,1.708,17.324,0.135,0.201,0.003,0.522,8.249,32.564
2504,4.753,1.707,22.709,0.133,0.204,0.003,0.505,8.252,38.254
2505,4.311,1.465,17.273,0.133,0.202,0.002,0.512,8.660,32.554
2506,4.236,1.659,17.211,0.135,0.203,0.002,0.488,8.421,32.343
2507,4.801,1.675,17.301,0.132,0.201,0.003,0.496,8.401,33.005
2508,4.916,1.494,22.203,0.136,0.171,0.666,0.519,7.749,37.219
2509,4.346,1.488,18.253,0.136,0.172,0.002,0.538,8.545,33.528
2510,4.729,1.461,18.548,0.138,0.178,0.003,0.512,8.454,34.043
2511,5.547,1.917,17.636,0.146,0.171,0.002,0.516,8.183,34.131
2512,4.627,1.674,18.024,0.137,0.173,0.002,0.557,8.345,34.334
2513,4.257,1.419,17.260,0.134,0.171,0.002,0.492,8.232,31.971
2514,4.720,1.444,17.395,0.148,0.187,0.003,0.499,8.595,32.965
2515,4.893,1.765,17.507,0.141,0.170,0.002,0.508,8.264,33.252
2516,4.584,1.734,18.980,0.172,0.191,0.004,0.534,8.841,34.988
2517,4.307,1.497,17.251,0.132,0.172,0.002,0.502,8.362,32.232
2518,5.608,1.426,17.221,0.136,0.173,0.002,0.546,8.529,33.672
2519,4.367,2.552,17.391,0.134,0.173,0.002,0.510,8.449,33.587
2520,4.209,1.490,18.625,0.133,0.169,0.002,0.506,8.502,33.649
2521,4.307,1.572,17.428,0.134,0.200,0.888,0.514,8.587,32.717
2522,4.327,1.453,17.773,0.134,0.203,0.003,0.516,8.268,32.656
2523,4.929,1.728,17.943,0.134,0.201,0.002,0.514,8.272,33.702
2524,4.557,1.476,18.848,0.137,0.216,0.002,0.504,8.294,33.998
2525,5.283,1.416,17.675,0.147,0.205,0.003,0.520,8.180,33.387
2526,4.613,1.440,17.571,0.137,0.202,0.002,0.493,8.581,33.012
2527,4.539,3.004,17.397,0.136,0.208,0.003,0.519,8.244,34.017
2528,5.440,1.497,20.252,0.141,0.220,0.003,0.515,8.217,36.239
2529,4.894,1.423,17.266,0.142,0.217,0.002,0.517,8.262,32.680
2530,4.804,1.474,17.445,0.133,0.200,0.002,0.501,8.462,32.999
2531,4.835,1.440,17.340,0.132,0.205,0.002,0.513,8.306,32.755
2532,4.649,1.451,18.505,0.135,0.225,0.796,0.510,8.468,33.898
2533,4.681,1.709,18.389,0.137,0.218,0.002,9.025,8.188,43.066
2534,4.499,1.452,17.345,0.136,0.205,0.002,0.510,8.201,32.338
2535,4.532,1.532,17.386,0.132,0.201,0.002,0.510,8.349,32.641
2536,4.553,1.740,18.632,0.133,0.200,0.002,0.512,8.182,33.948
2537,4.218,1.439,17.444,0.131,0.203,0.002,0.537,8.289,32.282
2538,4.410,1.428,17.236,0.140,0.218,0.003,0.505,8.246,32.153
2539,4.624,1.649,17.272,0.137,0.214,0.002,0.487,8.358,32.711
2540,5.122,1.696,23.063,0.147,0.216,0.002,0.533,8.338,39.102
2541,4.245,1.625,17.560,0.128,0.200,0.002,0.539,8.712,33.040
2542,5.338,1.702,17.957,0.135,0.203,0.002,0.497,9.565,35.383
2543,4.953,1.785,19.864,0.135,0.170,2.112,0.511,8.411,35.853
2544,6.224,19.146,16.924,0.131,0.173,0.002,0.507,8.363,51.485
2545,4.319,1.415,16.704,0.133,0.176,0.002,0.531,8.127,31.413
2546,4.396,1.693,17.573,0.132,0.173,0.002,0.517,8.291,32.798
2547,5.116,2.565,17.255,0.134,0.176,0.003,0.507,9.510,35.284
2548,4.426,1.671,17.252,0.135,0.177,0.002,0.522,8.240,32.442
2549,4.840,1.461,16.930,0.149,0.193,0.002,0.501,8.138,32.193
2550,4.554,1.649,17.807,0.138,0.183,0.003,0.524,8.178,33.056
2551,4.212,1.408,17.253,0.129,0.179,0.002,0.493,8.255,31.952
2552,4.260,1.417,17.446,0.140,0.190,0.002,0.523,8.210,32.190
2553,4.629,1.469,17.558,0.130,0.180,0.002,0.527,8.233,32.748
2554,4.700,1.467,20.759,0.134,0.177,0.003,0.500,8.232,35.972
2555,4.253,1.382,17.420,0.139,0.189,0.003,0.496,8.225,32.103
2556,4.546,2.024,17.710,0.142,0.187,0.003,0.492,8.191,33.291
2557,4.351,1.756,17.774,0.131,0.177,0.002,0.515,8.292,33.026
2558,4.247,1.508,18.636,0.135,0.182,0.002,0.542,8.435,33.727
2559,4.202,1.476,17.337,0.134,0.177,0.002,0.518,8.229,32.101
2560,4.687,1.478,17.286,0.138,0.192,0.012,0.510,8.347,32.651
2561,4.307,1.552,17.341,0.132,0.181,0.002,0.531,8.387,32.454
2562,4.491,1.736,18.307,0.129,0.177,0.002,0.503,8.142,33.513
2563,4.685,1.390,17.136,0.131,0.174,0.002,0.516,8.173,32.235
2564,5.049,1.382,18.482,0.141,0.187,0.003,0.534,8.513,34.308
2565,5.186,1.876,18.090,0.138,0.187,0.002,0.543,8.334,34.376
2566,4.479,1.668,22.528,0.139,0.189,0.002,0.527,8.195,37.753
2567,4.711,1.696,17.559,0.139,0.191,0.002,0.574,8.471,33.380
2568,4.280,1.641,17.468,0.132,0.175,0.002,0.532,8.566,32.822
2569,4.418,1.489,17.486,0.134,0.181,0.002,0.529,8.200,32.460
2570,4.443,1.481,19.603,0.134,0.185,0.002,0.563,9.206,35.632
2571,4.997,1.515,18.409,0.131,0.175,0.738,0.567,15.234,41.087
2572,4.854,1.488,18.193,0.128,0.168,0.002,0.543,8.810,34.226
2573,5.160,1.671,19.501,0.133,0.173,0.002,0.555,8.337,35.558
2574,5.274,2.085,17.733,0.134,0.176,0.002,0.540,8.625,34.599
2575,4.387,1.629,17.278,0.134,0.180,0.002,0.532,8.483,32.649
2576,4.588,1.903,18.083,0.132,0.175,0.714,0.542,8.320,33.772
2577,4.563,1.620,17.811,0.131,0.173,0.002,0.528,8.321,33.181
2578,5.408,1.478,18.931,0.134,0.175,0.003,0.516,8.319,34.985
2579,4.325,1.426,17.268,0.135,0.180,0.002,0.512,8.162,32.033
2580,4.199,1.633,17.299,0.129,0.171,0.002,0.516,8.475,32.451
2581,4.621,1.783,19.104,0.132,0.174,0.002,0.529,8.336,34.708
2582,4.808,1.740,18.180,0.140,0.189,0.002,0.560,8.607,34.252
2583,5.036,1.647,17.659,0.130,0.172,0.002,0.515,8.294,33.481
2584,4.346,1.700,17.705,0.132,0.173,0.002,9.462,8.252,43.228
2585,4.625,1.757,17.401,0.132,0.175,0.002,0.531,8.316,32.955
2586,4.311,1.421,18.238,0.137,0.176,0.003,0.530,8.243,33.066
2587,4.486,1.618,17.183,0.131,0.172,0.002,0.514,8.207,32.324
2588,4.345,1.455,17.411,0.130,0.167,0.002,0.498,8.203,32.226
2589,4.480,1.870,17.178,0.133,0.180,0.002,0.507,8.270,32.615
2590,5.121,1.744,18.354,0.127,0.177,0.002,0.528,10.042,36.124
2591,4.289,1.584,17.165,0.135,0.181,0.002,0.507,8.419,32.276
2592,4.213,2.312,17.812,0.142,0.174,0.004,0.498,8.219,33.370
2593,4.517,1.524,17.408,0.129,0.176,0.002,0.573,8.864,33.232
2594,5.332,1.686,20.199,0.146,0.187,0.003,0.512,8.227,36.282
2595,4.282,1.516,17.299,0.129,0.170,0.003,0.483,8.198,32.084
2596,4.204,1.442,17.641,0.132,0.173,0.002,0.515,8.391,32.517
2597,4.569,1.579,17.491,0.130,0.174,0.002,0.508,8.754,33.221
2598,4.297,1.623,19.649,0.131,0.180,0.002,0.519,8.505,34.911
2599,5.044,1.530,17.150,0.129,0.183,0.002,0.518,8.272,32.826
2600,4.656,1.566,17.764,0.130,0.180,0.002,0.534,8.281,33.132
2601,4.959,1.756,18.097,0.128,0.173,0.003,0.504,8.268,33.900
2602,4.341,1.637,17.724,0.130,0.177,0.002,0.506,8.272,32.795
2603,4.240,1.773,17.207,0.130,0.173,0.002,0.474,8.265,32.262
2604,4.238,1.938,17.405,0.130,0.184,0.002,0.515,8.287,32.698
2605,4.406,1.926,17.595,0.130,0.173,0.002,9.564,8.227,42.737
2606,4.835,1.827,18.063,0.127,0.170,0.002,0.520,8.197,33.748
2607,4.620,1.538,17.108,0.135,0.177,0.002,0.514,8.224,32.312
2608,4.511,1.559,17.666,0.133,0.174,0.003,0.540,8.473,33.068
2609,4.732,2.474,17.393,0.138,0.178,0.002,0.527,8.226,33.665
2610,4.269,1.685,18.052,0.140,0.176,0.002,0.568,8.839,33.756
2611,4.220,1.578,18.048,0.148,0.183,0.002,8.677,8.264,41.925
2612,4.308,1.578,17.844,0.138,0.190,0.002,0.527,8.325,32.893
2613,4.481,1.604,17.847,0.132,0.174,0.002,0.545,8.337,33.137
2614,4.656,1.631,18.265,0.133,0.181,0.002,0.519,8.174,33.576
2615,4.289,1.506,17.769,0.138,0.191,0.002,0.516,8.201,32.588
2616,4.481,1.628,17.754,0.130,0.175,0.002,8.721,8.229,42.535
2617,4.305,1.862,18.185,0.130,0.181,0.002,9.292,8.320,42.946
2618,4.186,2.014,18.401,0.133,0.176,0.002,0.520,8.184,33.601
2619,4.303,1.519,17.308,0.135,0.183,0.003,0.507,8.216,32.154
2620,5.772,1.604,17.669,0.176,0.190,0.002,0.498,8.283,34.132
2621,4.653,1.633,18.036,0.142,0.195,0.002,0.514,8.293,33.434
2622,4.491,1.879,17.169,0.130,0.183,0.003,0.498,8.206,32.545
2623,4.315,1.537,17.148,0.139,0.194,0.002,0.526,8.177,32.008
2624,4.347,1.629,18.730,0.142,0.181,0.002,10.033,8.231,44.662
2625,4.350,1.656,17.267,0.130,0.177,0.002,0.508,8.155,32.282
2626,4.377,1.574,17.178,0.138,0.182,0.002,8.723,8.493,42.100
2627,4.332,1.604,17.693,0.133,0.179,0.002,0.534,8.297,32.829
2628,4.942,1.582,22.982,0.144,0.191,0.002,0.513,8.310,38.676
2629,5.019,1.957,18.706,0.129,0.179,0.002,0.516,8.213,34.752
2630,5.276,1.444,17.488,0.148,0.203,0.002,9.004,8.318,42.629
2631,4.330,1.636,17.473,0.135,0.192,0.002,0.491,8.489,32.751
2632,4.222,1.490,17.403,0.129,0.178,0.002,0.513,8.366,32.333
2633,4.205,1.682,17.326,0.135,0.178,0.002,0.511,8.202,32.261
2634,4.238,1.448,17.622,0.135,0.173,0.003,0.522,8.219,32.385
2635,4.269,2.398,17.273,0.130,0.177,0.002,0.522,8.274,33.071
2636,4.856,1.467,26.917,0.129,0.185,0.002,0.506,8.114,42.183
2637,4.246,1.505,17.461,0.128,0.170,0.002,0.529,8.230,32.323
2638,4.283,1.429,17.442,0.134,0.178,0.002,0.527,8.287,32.328
2639,4.806,1.441,17.661,0.134,0.177,0.002,0.505,8.331,33.078
2640,4.201,1.478,18.647,0.137,0.189,0.002,0.504,8.655,33.819
2641,4.334,1.637,17.550,0.134,0.176,0.002,0.543,8.222,32.630
2642,4.577,1.638,17.857,0.128,0.181,0.003,0.511,8.206,33.134
2643,4.184,2.444,17.190,0.130,0.180,0.002,0.522,8.497,33.177
2644,4.227,1.481,18.713,0.141,0.191,0.002,0.506,8.429,33.696
2645,4.758,1.525,18.698,0.136,0.187,0.002,0.530,8.224,34.074
2646,4.724,1.713,18.957,0.129,0.178,0.002,0.533,8.349,34.619
2647,4.279,1.522,18.918,0.133,0.178,0.002,0.537,8.337,33.930
2648,4.510,1.641,21.173,0.131,0.175,0.003,9.365,8.199,45.861
2649,4.740,1.707,17.894,0.132,0.182,0.002,0.519,8.327,33.499
2650,4.288,1.677,18.342,0.134,0.185,0.002,0.526,8.449,33.601
2651,5.133,1.537,19.151,0.142,0.188,0.002,0.560,8.343,35.045
2652,4.465,1.542,19.621,0.129,0.174,0.002,0.540,8.742,35.222
2653,4.428,2.310,18.055,0.130,0.172,0.002,0.522,8.253,33.878
2654,4.424,1.696,19.273,0.138,0.181,0.003,0.565,8.302,34.599
2655,4.692,1.554,23.922,0.128,0.174,0.003,0.551,8.701,39.734
2656,5.657,2.085,65.999,0.137,0.175,0.002,0.697,9.609,84.418
2657,5.296,1.727,18.063,0.135,0.174,0.002,0.547,8.281,34.221
2658,4.976,1.407,17.878,0.128,0.184,0.002,0.531,8.304,33.408
2659,4.942,2.217,17.340,0.130,0.172,0.002,0.522,8.675,34.006
2660,4.702,1.755,17.947,0.157,0.178,0.004,0.517,8.405,33.632
2661,4.460,1.537,17.613,0.127,0.170,0.002,9.205,8.244,42.281
2662,4.494,1.781,17.350,0.133,0.174,0.002,0.506,8.348,32.818
2663,4.477,2.522,18.029,0.131,0.174,0.002,0.508,8.453,34.327
2664,5.041,1.477,18.091,0.129,0.174,0.002,0.527,8.231,33.723
2665,4.296,1.567,19.793,0.133,0.178,0.002,0.557,8.461,35.031
2666,4.646,1.544,20.469,0.130,0.175,0.002,0.539,8.409,35.948
2667,4.665,1.808,18.329,0.132,0.175,0.002,0.604,8.540,34.295
2668,4.643,1.494,20.235,0.131,0.176,0.002,0.558,8.277,35.572
2669,4.238,1.673,17.690,0.151,0.187,0.004,0.558,8.437,32.959
2670,4.451,1.634,17.939,0.143,0.190,0.002,0.526,8.358,33.244
2671,4.676,1.472,17.910,0.130,0.178,0.002,0.523,8.500,33.421
2672,4.796,1.757,20.457,0.131,0.176,0.002,8.427,8.181,44.774
2673,4.333,1.497,17.329,0.133,0.177,0.002,0.533,8.519,32.568
2674,4.397,1.672,17.613,0.130,0.184,0.002,0.551,8.498,33.077
2675,4.543,1.760,18.032,0.135,0.176,0.002,0.530,8.334,33.535
2676,4.278,1.512,18.339,0.131,0.174,0.002,0.531,8.288,33.284
2677,4.458,1.490,17.397,0.130,0.176,0.002,0.507,8.518,32.707
2678,4.691,1.435,17.604,0.129,0.180,0.003,0.561,8.548,33.201
2679,4.504,1.637,17.596,0.134,0.175,0.002,0.539,8.580,33.211
2680,5.926,1.716,19.077,0.130,0.178,0.002,0.577,8.341,36.003
2681,4.181,1.729,17.273,0.140,0.191,0.002,0.520,8.583,32.617
2682,4.525,1.519,17.694,0.132,0.178,0.002,0.516,8.346,32.940
2683,4.300,1.498,17.555,0.138,0.188,0.002,9.752,8.303,43.826
2684,5.079,1.773,17.636,0.137,0.178,0.003,0.522,8.202,33.519
2685,4.414,1.486,17.606,0.131,0.174,0.003,0.525,8.462,32.806
2686,4.483,1.629,17.619,0.147,0.191,0.003,0.516,8.272,32.829
2687,5.115,4.977,17.466,0.136,0.176,0.003,0.524,8.257,36.652
2688,4.771,1.959,21.117,0.141,0.189,0.002,0.518,8.793,37.474
2689,4.914,1.758,18.084,0.129,0.174,0.002,0.545,8.525,34.172
2690,5.871,3.229,18.958,0.128,0.174,0.002,0.547,8.275,37.205
2691,5.157,2.004,18.133,0.130,0.171,0.002,0.524,8.350,34.478
2692,4.353,1.517,18.830,0.141,0.183,0.003,0.549,8.431,34.013
2693,4.568,1.914,17.471,0.139,0.168,0.002,0.517,8.223,33.006
2694,4.330,1.664,17.420,0.129,0.168,0.002,0.531,8.278,32.539
2695,4.354,1.996,17.470,0.138,0.182,0.002,0.542,8.507,33.200
2696,4.397,1.939,18.554,0.134,0.173,0.002,0.549,8.544,34.315
2697,4.175,1.822,17.555,0.129,0.175,0.002,0.514,8.207,32.583
2698,4.670,1.729,17.942,0.136,0.181,0.890,0.513,8.291,33.465
2699,4.535,1.548,17.645,0.133,0.180,0.002,0.519,8.266,32.826
2700,4.267,1.933,19.518,0.142,0.190,0.002,0.556,8.737,35.354
2701,4.600,1.805,17.598,0.134,0.183,0.002,0.525,8.206,33.050
2702,4.304,1.443,17.845,0.133,0.178,0.002,0.536,8.269,32.706
2703,4.972,2.278,17.339,0.135,0.187,0.002,0.523,8.280,33.700
2704,4.524,1.608,18.176,0.143,0.200,0.002,0.554,8.514,33.708
2705,4.752,1.668,17.754,0.133,0.181,0.002,0.559,8.460,33.521
2706,4.296,1.489,17.965,0.137,0.185,0.002,0.550,8.443,33.074
2707,5.708,1.890,17.954,0.134,0.187,0.002,0.546,8.444,34.875
2708,4.448,1.697,18.554,0.133,0.188,0.002,0.513,8.267,33.790
2709,4.195,1.723,17.943,0.143,0.181,0.002,0.519,8.451,33.150
2710,4.478,1.491,17.536,0.132,0.189,0.002,0.532,8.320,32.680
2711,4.239,1.550,17.418,0.136,0.186,0.002,9.052,8.360,41.664
2712,4.305,1.468,21.225,0.135,0.189,0.003,0.493,8.483,36.274
2713,4.293,1.468,17.562,0.132,0.180,0.002,0.497,8.206,32.335
2714,4.291,1.707,17.709,0.134,0.182,0.003,0.512,8.216,32.748
2715,4.380,1.651,17.608,0.145,0.182,0.007,0.534,8.282,32.772
2716,4.440,1.501,19.447,0.142,0.196,0.003,8.987,8.509,43.906
2717,4.237,1.509,17.480,0.132,0.184,0.002,0.489,8.239,32.261
2718,4.580,1.484,18.099,0.135,0.180,0.002,0.517,8.366,33.359
2719,4.509,1.479,17.422,0.137,0.178,0.003,0.532,8.272,32.531
2720,5.421,1.727,24.382,0.141,0.192,0.002,0.508,8.252,40.593
2721,4.412,1.697,17.615,0.132,0.177,0.002,0.534,8.288,32.854
2722,4.778,1.444,17.768,0.147,0.190,0.002,0.557,8.582,33.461
2723,4.310,1.482,17.399,0.143,0.198,0.003,0.512,8.258,32.266
2724,4.223,1.887,18.083,0.142,0.193,0.002,0.524,8.281,33.306
2725,4.294,1.455,17.609,0.146,0.199,0.002,0.518,8.265,32.451
2726,4.712,1.484,18.037,0.139,0.203,0.002,0.524,8.278,33.350
2727,4.259,1.446,17.674,0.132,0.181,0.002,0.551,8.279,32.515
2728,4.305,1.524,22.781,0.135,0.181,0.002,0.518,8.242,37.670
2729,4.099,1.536,17.363,0.142,0.196,0.003,0.542,8.302,32.157
2730,4.409,1.413,17.738,0.135,0.187,0.002,0.523,8.242,32.632
2731,4.353,1.456,17.310,0.137,0.183,0.002,0.531,8.322,32.290
2732,4.966,1.480,17.787,0.133,0.184,0.002,0.507,8.364,33.425
2733,4.599,1.424,17.284,0.134,0.185,0.002,0.512,8.136,32.264
2734,4.729,1.425,17.244,0.137,0.183,0.002,0.561,8.650,32.948
2735,4.301,1.838,17.325,0.142,0.185,0.002,0.495,8.556,32.817
2736,4.423,1.444,18.955,0.143,0.196,0.002,0.514,8.344,33.988
2737,4.269,1.632,17.261,0.141,0.187,0.002,0.520,8.184,32.173
2738,4.553,1.685,17.406,0.139,0.198,0.003,0.521,8.306,32.787
2739,4.583,1.994,17.738,0.137,0.184,0.003,0.505,8.263,33.397
2740,4.356,1.701,18.050,0.141,0.198,0.002,0.514,8.169,33.103
2741,7.031,1.464,17.643,0.137,0.186,0.002,0.505,8.303,35.251
2742,4.428,1.617,18.105,0.130,0.176,0.002,0.531,8.525,33.516
2743,4.942,1.665,17.804,0.133,0.186,0.002,0.514,8.488,33.719
2744,4.521,1.463,18.954,0.136,0.189,0.002,0.527,8.490,34.272
2745,4.244,1.481,17.401,0.142,0.199,0.002,0.523,8.638,32.592
2746,4.266,1.415,17.268,0.133,0.183,0.002,0.501,8.234,31.983
2747,4.398,1.637,17.320,0.133,0.187,0.002,0.539,8.294,32.502
2748,4.749,1.738,17.472,0.130,0.180,0.002,0.526,8.521,33.318
2749,4.414,1.465,18.420,0.133,0.185,0.002,0.536,8.462,33.615
2750,5.656,1.472,19.135,0.132,0.185,0.002,0.541,8.377,35.503
2751,4.650,1.548,17.749,0.135,0.186,0.003,0.560,8.329,33.171
2752,4.898,1.728,23.696,0.140,0.195,0.741,0.554,8.377,39.584
2753,4.150,1.431,18.069,0.137,0.187,0.002,0.533,8.223,32.715
2754,4.503,1.483,17.726,0.139,0.179,0.003,0.561,8.278,32.866
2755,4.449,1.912,17.760,0.139,0.184,0.002,0.556,8.570,33.578
2756,4.711,1.458,18.986,0.135,0.183,0.002,0.541,8.236,34.239
2757,4.257,1.452,17.372,0.136,0.189,0.003,0.527,8.288,32.210
2758,4.345,1.562,19.360,0.139,0.181,0.822,0.535,9.069,35.184
2759,5.327,1.898,18.906,0.133,0.182,0.003,0.578,8.307,35.337
2760,4.687,1.981,21.208,0.137,0.197,0.003,0.554,8.499,37.299
2761,4.691,1.615,17.765,0.129,0.187,0.002,0.554,8.441,33.407
2762,4.751,1.494,17.885,0.136,0.179,0.002,0.538,8.506,33.490
2763,4.508,1.475,17.755,0.144,0.181,0.002,0.557,8.663,33.295
2764,5.008,1.672,18.428,0.136,0.179,0.003,0.533,8.384,34.352
2765,4.004,1.467,17.619,0.134,0.177,0.002,0.534,8.234,32.168
2766,4.925,1.657,18.084,0.130,0.177,0.003,0.534,8.329,33.853
2767,4.473,1.767,17.684,0.142,0.174,0.003,0.513,8.350,33.101
2768,4.759,1.483,19.303,0.139,0.190,0.003,0.572,8.529,34.983
2769,4.399,1.486,17.395,0.129,0.176,0.003,0.524,8.497,32.613
2770,5.318,1.483,17.761,0.143,0.189,0.003,0.586,8.487,33.989
2771,4.411,1.628,17.789,0.136,0.180,0.002,0.554,8.591,33.304
2772,4.285,1.506,22.392,0.138,0.194,0.002,0.521,8.263,37.276
2773,4.213,1.443,17.353,0.134,0.178,0.002,0.533,8.323,32.181
2774,4.598,1.694,17.852,0.138,0.188,0.002,0.513,8.563,33.531
2775,4.419,1.506,17.334,0.134,0.176,0.002,0.526,8.294,32.389
2776,4.421,1.645,17.696,0.131,0.177,0.002,0.532,8.387,32.998
2777,4.396,1.517,17.586,0.135,0.180,0.002,0.478,8.270,32.549
2778,4.581,1.433,17.304,0.129,0.182,0.002,0.533,8.261,32.428
2779,5.284,1.461,17.634,0.138,0.182,0.002,0.517,8.444,33.654
2780,5.074,1.698,17.786,0.129,0.184,0.002,0.544,8.452,33.883
2781,4.292,1.491,17.756,0.134,0.180,0.002,0.508,8.302,32.663
2782,4.626,1.415,17.454,0.132,0.177,0.002,0.531,8.205,32.544
2783,4.253,1.667,17.849,0.133,0.177,0.002,0.539,8.397,33.017
2784,4.647,1.698,20.665,0.141,0.194,0.002,0.541,8.592,36.478
2785,4.210,1.493,17.677,0.127,0.169,0.002,0.511,8.299,32.515
2786,4.668,1.674,17.287,0.131,0.178,0.002,0.524,8.222,32.684
2787,4.287,1.901,17.974,0.133,0.176,0.841,0.513,8.331,33.321
2788,5.190,1.785,19.222,0.133,0.178,0.002,0.520,8.205,35.233
2789,4.624,1.458,17.314,0.134,0.177,0.002,0.504,8.270,32.486
2790,4.629,1.418,17.498,0.152,0.200,0.003,0.537,8.290,32.694
2791,4.345,1.525,17.823,0.131,0.180,1.590,0.548,8.584,33.158
2792,4.973,3.297,16.939,0.132,0.183,0.002,0.522,8.200,34.237
2793,4.429,1.484,17.158,0.132,0.178,0.002,0.519,8.200,32.094
2794,4.271,1.435,17.050,0.139,0.182,0.002,0.514,8.148,31.741
2795,4.330,1.766,17.849,0.133,0.169,0.002,0.509,8.231,32.990
2796,4.540,1.698,18.683,0.140,0.183,0.002,0.518,8.393,34.148
2797,4.657,1.490,18.063,0.133,0.181,0.003,0.520,8.624,33.667
2798,5.360,1.480,17.278,0.134,0.186,0.003,0.518,8.622,33.573
2799,4.392,1.918,16.926,0.137,0.185,0.002,0.497,8.226,32.264
2800,4.194,1.661,19.143,0.133,0.176,0.002,0.590,8.285,34.213
2801,4.298,1.626,17.414,0.139,0.186,0.002,0.496,8.298,32.432
2802,4.625,1.462,17.553,0.136,0.179,0.003,0.526,8.207,32.683
2803,4.396,1.443,17.367,0.136,0.180,0.002,0.497,8.242,32.252
2804,4.943,1.511,18.370,0.147,0.205,0.002,0.521,8.286,33.937
2805,4.220,1.630,17.475,0.143,0.194,0.002,0.531,8.662,32.833
2806,4.264,2.153,17.860,0.134,0.181,0.002,0.499,8.253,33.336
2807,4.359,1.467,17.640,0.135,0.149,1.297,0.530,8.379,32.686
2808,4.493,1.461,17.429,0.134,0.144,0.002,0.518,8.596,32.808
2809,6.058,1.607,17.554,0.141,0.155,0.002,0.543,8.414,34.519
2810,4.700,1.516,18.174,0.164,0.154,0.004,0.568,8.535,33.830
2811,4.656,2.257,17.956,0.134,0.144,0.002,0.519,8.298,33.997
2812,4.367,1.465,18.383,0.135,0.156,0.002,0.525,8.459,33.510
2813,4.687,1.481,17.470,0.137,0.151,0.002,0.541,8.222,32.713
2814,4.655,1.472,17.603,0.133,0.146,0.002,0.532,8.401,32.979
2815,4.730,1.753,17.895,0.161,0.149,0.003,0.522,8.348,33.562
2816,4.724,1.531,18.849,0.134,0.146,0.002,0.509,8.247,34.169
2817,4.166,1.500,17.320,0.139,0.169,0.750,0.514,8.325,32.134
2818,4.404,1.462,17.221,0.136,0.168,0.003,0.527,8.518,32.444
2819,4.539,1.762,17.517,0.138,0.160,0.002,0.535,8.342,33.008
2820,4.495,1.455,19.081,0.138,0.168,0.002,0.495,8.402,34.238
2821,5.345,1.623,17.778,0.142,0.169,0.002,0.552,8.538,34.170
2822,4.755,1.401,17.604,0.132,0.162,0.002,0.527,8.324,32.925
2823,4.954,1.441,17.627,0.140,0.170,0.002,0.542,8.377,33.270
2824,4.196,1.465,17.456,0.141,0.163,0.002,0.522,8.862,32.820
2825,4.554,1.615,18.314,0.144,0.174,0.002,0.515,8.236,33.541
2826,4.727,1.501,18.060,0.140,0.182,0.002,0.565,8.622,33.816
2827,4.388,1.802,17.864,0.136,0.170,1.658,0.537,8.290,33.196
2828,4.303,1.851,20.298,0.132,0.169,1.541,0.529,8.298,35.612
2829,4.232,1.540,17.530,0.134,0.173,0.003,0.500,8.222,32.331
2830,4.784,1.800,17.571,0.133,0.174,0.002,0.507,8.271,33.238
2831,4.587,1.790,17.713,0.135,0.175,0.002,0.510,8.400,33.304
2832,4.462,1.732,18.400,0.134,0.173,0.002,0.550,8.653,34.126
2833,4.278,1.844,17.554,0.139,0.172,0.002,0.505,8.266,32.756
2834,4.774,1.633,17.657,0.135,0.176,0.002,0.504,8.612,33.480
2835,4.327,1.747,17.729,0.143,0.186,0.002,0.526,8.348,33.000
2836,5.082,1.690,22.304,0.143,0.174,0.002,0.526,8.225,38.137
2837,4.219,1.632,17.247,0.134,0.183,0.002,0.498,8.214,32.118
2838,4.228,1.831,17.254,0.134,0.179,0.002,9.603,8.294,42.420
2839,5.107,1.485,17.398,0.144,0.190,0.002,0.505,8.263,33.074
2840,4.264,2.345,22.684,0.133,0.169,0.002,0.524,8.252,38.404
2841,4.243,1.411,17.561,0.135,0.180,0.002,0.542,8.283,32.361
2842,4.752,1.441,17.353,0.135,0.176,0.002,0.496,8.649,33.007
2843,4.419,1.510,17.599,0.137,0.175,0.002,0.485,8.330,32.668
2844,4.738,1.564,17.884,0.132,0.179,0.002,0.541,8.702,33.776
2845,4.199,1.507,17.363,0.132,0.178,0.002,0.532,8.780,32.699
2846,4.722,1.657,17.141,0.132,0.188,0.002,0.528,8.216,32.588
2847,4.962,1.481,17.376,0.137,0.174,2.104,0.516,8.380,33.039
2848,4.363,1.487,18.006,0.133,0.178,0.002,0.521,8.179,32.881
2849,4.212,1.482,17.354,0.140,0.174,0.002,0.516,8.426,32.318
2850,4.787,1.473,17.424,0.139,0.183,0.002,0.508,8.648,33.166
2851,4.563,2.521,17.662,0.140,0.176,0.003,0.522,8.399,33.991
2852,4.632,1.503,17.834,0.129,0.149,0.688,0.519,8.316,33.130
2853,4.258,1.450,17.808,0.129,0.153,0.002,0.503,8.223,32.555
2854,4.655,1.493,18.468,0.130,0.182,1.338,0.529,8.261,33.725
2855,5.400,1.711,17.910,0.144,0.186,0.696,0.531,8.215,34.101
2856,4.547,1.490,17.696,0.134,0.190,0.791,0.546,8.763,33.385
2857,4.258,1.471,17.600,0.146,0.223,0.843,0.505,8.222,32.375
2858,5.075,1.664,17.949,0.134,0.180,1.043,0.514,8.242,33.762
2859,4.230,1.448,17.739,0.134,0.192,0.003,0.504,8.347,32.588
2860,4.400,1.556,18.841,0.130,0.192,0.002,0.533,8.483,34.150
2861,4.597,1.696,18.028,0.121,0.178,0.002,0.522,8.701,33.857
2862,4.429,1.431,17.532,0.133,0.189,0.003,0.548,8.514,32.794
2863,4.305,2.685,17.806,0.135,0.221,0.701,0.532,8.477,34.149
2864,4.315,1.517,18.748,0.132,0.158,0.002,0.545,8.384,33.848
2865,4.230,1.442,17.806,0.122,0.145,0.002,0.570,8.481,32.878
2866,4.331,1.403,17.551,0.128,0.147,0.002,0.541,8.480,32.651
2867,4.633,1.496,17.394,0.132,0.156,0.002,0.508,8.328,32.674
2868,4.309,1.465,17.477,0.123,0.145,0.002,0.508,8.758,32.838
2869,4.971,1.692,17.841,0.136,0.158,0.002,0.541,8.735,34.123
2870,5.352,1.562,18.650,0.124,0.147,0.002,0.529,8.309,34.728
2871,5.108,1.777,18.093,0.134,0.161,0.002,0.524,8.119,33.945
2872,4.492,1.550,21.572,0.127,0.145,0.002,0.507,8.349,36.789
2873,4.200,1.463,17.416,0.125,0.147,0.002,0.526,8.356,32.284
2874,4.496,1.607,18.178,0.130,0.180,2.291,0.512,8.257,33.374
2875,4.365,1.714,17.986,0.131,0.174,0.002,0.541,8.334,33.271
2876,4.362,1.741,17.950,0.145,0.180,0.002,0.548,8.853,33.796
2877,4.904,1.463,17.456,0.138,0.189,0.002,0.522,8.234,32.910
2878,4.373,1.458,17.349,0.135,0.177,0.003,0.536,8.505,32.562
2879,4.297,1.714,17.244,0.138,0.167,1.478,0.521,8.374,32.475
2880,4.635,1.696,21.287,0.143,0.171,0.002,0.527,8.200,36.687
2881,4.736,1.465,17.524,0.136,0.155,0.003,0.519,8.224,32.793
2882,5.006,1.754,17.999,0.142,0.159,0.002,0.498,8.251,33.818
2883,4.354,2.265,17.532,0.142,0.159,0.003,0.508,8.397,33.379
2884,4.499,1.527,17.552,0.131,0.167,0.008,0.512,8.683,33.102
2885,4.172,1.455,17.779,0.141,0.172,0.002,0.556,8.263,32.568
2886,4.818,1.657,17.644,0.137,0.158,0.002,0.523,8.251,33.212
2887,4.407,1.477,17.714,0.135,0.161,0.002,0.512,8.443,32.876
2888,4.732,1.488,21.846,0.141,0.169,0.002,0.512,8.230,37.121
2889,4.311,1.475,17.374,0.133,0.158,0.003,0.534,8.213,32.227
2890,4.842,1.635,17.715,0.139,0.159,0.003,0.528,8.292,33.332
2891,4.517,2.464,17.664,0.143,0.162,0.002,0.529,8.276,33.775
2892,4.979,1.491,19.050,0.132,0.159,0.002,8.840,8.150,43.588
2893,4.200,1.509,17.508,0.142,0.166,0.002,0.526,8.203,32.273
2894,4.942,1.715,18.448,0.138,0.160,0.002,0.534,8.350,34.310
2895,5.214,1.682,22.705,0.133,0.169,0.832,0.527,9.032,39.487
2896,5.113,1.680,19.513,0.130,0.184,0.691,0.550,8.234,35.410
2897,4.897,1.605,17.331,0.146,0.183,0.002,0.548,8.344,33.053
2898,4.642,1.533,17.474,0.136,0.188,0.002,9.832,8.253,42.878
2899,4.216,1.581,18.637,0.134,0.189,0.002,0.533,8.386,33.671
2900,4.477,1.722,18.563,0.141,0.192,0.002,0.516,8.168,33.783
2901,4.246,1.617,17.247,0.143,0.194,0.002,0.512,8.267,32.208
2902,4.456,1.605,17.547,0.336,0.196,0.003,0.514,8.689,33.130
2903,5.314,2.081,18.066,0.138,0.170,0.002,0.530,8.312,34.632
2904,4.576,1.704,18.911,0.139,0.178,0.002,0.539,8.244,34.292
2905,4.279,1.846,17.328,0.136,0.178,0.002,0.523,8.443,32.733
2906,4.647,1.616,17.479,0.133,0.176,0.002,0.516,8.266,32.837
2907,4.368,1.653,17.480,0.135,0.177,0.002,0.553,8.399,32.772
2908,4.952,1.654,18.625,0.134,0.178,0.002,0.545,8.533,34.642
2909,4.683,1.846,17.751,0.136,0.172,0.002,0.536,8.475,33.600
2910,4.417,1.589,17.773,0.133,0.180,0.002,0.558,8.388,33.061
2911,4.377,5.424,18.054,0.132,0.175,0.002,0.536,8.304,37.015
2912,4.532,1.492,18.465,0.140,0.176,0.002,0.513,8.219,33.559
2913,4.293,1.467,17.400,0.145,0.188,0.002,0.527,8.327,32.329
2914,4.352,1.527,17.393,0.137,0.174,0.002,0.536,8.254,32.391
2915,4.380,1.444,17.483,0.128,0.168,0.002,0.507,8.398,32.525
2916,4.376,1.451,17.939,0.138,0.178,0.002,0.513,8.293,32.884
2917,4.540,1.496,17.358,0.133,0.174,0.002,0.497,8.283,32.492
2918,4.694,1.457,17.347,0.142,0.193,0.002,0.506,8.264,32.582
2919,4.404,1.586,17.616,0.137,0.178,0.002,0.514,8.543,32.986
2920,5.017,1.481,19.474,0.143,0.190,0.002,0.518,8.185,34.992
2921,4.285,1.469,17.454,0.130,0.176,0.002,0.533,8.285,32.344
2922,4.966,1.497,17.381,0.152,0.189,0.002,0.514,8.616,33.287
2923,5.041,1.691,19.923,0.142,0.187,0.002,0.524,8.259,35.751
2924,4.296,1.493,17.933,0.134,0.175,0.002,0.572,8.421,33.053
2925,4.246,1.498,16.985,0.137,0.179,0.003,0.511,8.362,31.901
2926,4.314,1.800,17.104,0.144,0.187,0.003,0.530,8.291,32.351
2927,5.039,1.479,18.524,0.133,0.176,0.002,9.675,8.219,44.087
2928,4.674,1.474,17.765,0.149,0.184,0.002,0.506,8.284,33.017
2929,4.956,1.517,18.741,0.140,0.175,0.002,0.511,8.221,34.260
2930,4.335,1.488,18.325,0.146,0.191,0.002,0.547,8.595,33.646
2931,4.589,1.672,17.595,0.138,0.175,0.002,8.842,8.197,42.799
2932,4.983,1.488,17.783,0.134,0.176,0.002,0.526,8.574,33.672
2933,4.925,1.710,17.789,0.144,0.189,0.002,0.502,8.274,33.512
2934,4.623,2.290,17.869,0.132,0.176,0.003,0.533,8.300,33.939
2935,4.376,1.682,19.717,0.133,0.176,0.002,0.528,8.289,34.897
2936,4.280,1.476,17.934,0.137,0.170,0.860,0.516,8.213,32.745
2937,4.331,1.636,17.700,0.134,0.171,0.002,0.524,8.640,33.149
2938,4.644,1.457,17.873,0.173,0.183,0.003,0.526,8.269,33.093
2939,4.856,1.509,20.623,0.137,0.157,0.788,0.535,8.305,36.152
2940,3.964,1.438,17.241,0.134,0.163,0.002,0.514,8.258,31.727
2941,4.486,1.766,18.520,0.136,0.159,0.002,0.516,8.496,34.111
2942,4.911,1.487,17.721,0.143,0.168,0.002,0.535,8.330,33.303
2943,4.832,1.439,19.284,0.132,0.153,0.002,0.512,8.762,35.150
2944,4.661,1.680,18.209,0.142,0.169,0.003,0.555,8.347,33.807
2945,4.298,1.511,17.497,0.134,0.168,0.002,0.539,8.418,32.603
2946,4.396,1.633,17.492,0.130,0.170,1.417,0.540,8.274,32.653
2947,4.332,1.493,17.838,0.133,0.176,0.003,0.547,8.460,34.251
2948,4.343,1.413,17.390,0.131,0.175,0.002,0.514,8.302,32.243
2949,4.451,1.467,17.485,0.141,0.189,0.002,0.554,8.721,32.977
2950,4.377,1.656,82.616,0.142,0.168,0.003,0.656,8.364,97.992
2951,5.474,2.163,18.310,0.136,0.171,0.002,0.529,8.267,35.024
2952,4.427,1.530,17.849,0.136,0.167,0.002,0.533,8.290,32.922
2953,4.723,1.533,17.280,0.135,0.164,0.002,0.535,8.288,32.650
2954,4.798,2.158,17.321,0.134,0.172,0.002,0.507,8.504,33.569
2955,4.381,1.515,17.433,0.140,0.171,0.002,0.565,8.353,32.561
2956,5.082,1.482,17.527,0.134,0.169,0.002,0.530,8.207,33.112
2957,4.427,1.511,18.317,0.135,0.175,0.002,9.772,8.220,43.305
2958,4.649,3.738,17.359,0.135,0.165,0.002,0.535,8.243,34.833
2959,4.747,1.695,18.131,0.144,0.177,0.002,0.500,8.220,33.594
2960,4.262,1.484,17.877,0.145,0.188,0.002,0.511,8.265,32.708
2961,4.436,1.554,17.752,0.132,0.165,0.002,0.532,8.297,32.885
2962,4.324,1.830,17.890,0.139,0.180,0.002,0.496,8.311,33.149
2963,4.773,1.714,18.128,0.134,0.166,0.002,0.512,8.238,33.679
2964,5.907,1.806,17.901,0.139,0.178,0.002,0.586,8.345,34.851
2965,4.309,1.968,17.553,0.128,0.157,0.002,0.558,8.497,33.205
2966,4.417,1.606,17.382,0.130,0.166,0.002,0.545,8.317,32.593
2967,4.798,1.550,18.371,0.137,0.163,0.002,9.211,8.280,44.174
2968,4.213,1.657,17.956,0.138,0.164,0.002,0.501,8.194,34.364
2969,4.588,1.738,17.374,0.135,0.165,0.002,0.521,8.313,32.843
2970,4.479,2.355,17.566,0.141,0.178,0.002,0.514,8.274,33.498
2971,4.276,1.504,18.197,0.134,0.167,0.002,0.507,8.186,32.984
2972,4.204,1.707,17.415,0.141,0.176,0.003,0.511,8.223,32.371
2973,4.767,1.867,19.012,0.138,0.181,0.002,0.529,8.571,35.061
2974,5.060,1.893,17.622,0.140,0.168,0.003,0.521,8.226,33.637
2975,4.829,1.602,17.692,0.143,0.181,0.002,0.530,8.639,33.621
2976,4.519,2.075,17.578,0.145,0.196,0.748,0.503,8.251,33.247
2977,4.994,2.024,17.358,0.137,0.182,0.002,0.528,8.458,33.683
2978,5.316,2.196,18.172,0.140,0.189,0.002,0.519,8.245,34.763
2979,5.017,1.825,18.716,0.136,0.149,0.678,0.541,8.558,34.993
2980,4.278,1.557,17.649,0.144,0.151,0.003,0.514,8.361,32.663
2981,4.297,2.077,17.729,0.143,0.165,0.002,0.518,8.359,33.298
2982,5.071,3.149,17.442,0.137,0.151,0.002,0.522,8.294,34.792
2983,4.987,1.868,18.997,0.144,0.161,0.004,0.538,8.234,34.939
2984,4.270,1.576,17.389,0.142,0.169,0.002,0.504,8.510,32.563
2985,4.358,1.624,17.330,0.139,0.159,0.002,0.483,8.290,32.399
2986,4.455,1.918,17.662,0.145,0.168,0.002,0.516,8.259,33.134
2987,4.577,1.489,21.131,0.141,0.163,0.002,10.448,8.401,48.463
2988,4.301,1.583,17.975,0.132,0.146,0.003,0.513,8.340,33.027
2989,4.646,1.799,17.934,0.139,0.159,0.002,0.527,8.950,34.173
2990,4.950,2.615,18.491,0.133,0.157,0.002,0.543,8.383,35.307
2991,4.583,1.673,18.408,0.137,0.152,0.002,0.515,8.138,33.638
2992,5.892,1.765,17.561,0.140,0.168,0.002,0.530,8.192,34.907
2993,4.784,1.525,18.051,0.132,0.156,0.002,0.524,8.350,33.520
2994,4.456,1.642,17.715,0.137,0.159,0.003,9.731,8.257,43.452
2995,5.077,1.539,18.483,0.139,0.172,0.002,8.803,8.358,43.288
2996,4.493,1.501,17.589,0.142,0.169,0.003,8.714,8.262,41.675
2997,4.340,1.476,17.735,0.146,0.165,0.002,0.513,8.241,33.519
2998,4.783,1.955,19.371,0.134,0.150,0.002,0.497,8.267,36.232
2999,4.529,1.475,18.181,0.149,0.162,0.002,0.570,8.498,33.584
3000,3.946,1.417,17.243,0.145,0.172,0.002,0.545,8.483,31.958
3001,4.978,1.736,18.541,0.146,0.161,0.002,0.511,8.333,34.402
3002,4.955,2.495,18.043,0.137,0.162,0.002,0.555,8.404,34.778
3003,4.674,1.490,22.040,0.134,0.162,0.002,0.541,8.392,38.196
3004,4.530,1.500,17.740,0.135,0.188,0.817,0.598,8.585,33.245
3005,4.490,1.502,17.695,0.146,0.201,0.002,0.510,8.228,32.696
3006,4.890,2.978,18.156,0.145,0.185,0.002,0.536,8.236,35.074
3007,4.713,1.547,19.673,0.144,0.203,0.002,0.551,8.785,35.560
3008,4.216,1.645,17.680,0.135,0.184,0.002,0.522,8.312,32.647
3009,4.434,1.500,17.442,0.146,0.199,0.003,0.556,8.502,32.731
3010,4.365,1.514,18.853,0.132,0.181,0.002,0.511,8.335,33.853
3011,4.867,1.541,23.829,0.141,0.157,0.718,0.565,8.687,39.786
3012,4.382,1.639,18.321,0.144,0.169,0.002,0.535,8.223,33.376
3013,5.739,1.481,17.798,0.138,0.161,0.764,0.515,8.503,34.311
3014,4.414,1.476,18.187,0.145,0.175,0.003,9.516,8.247,44.441
3015,4.408,1.744,18.353,0.137,0.177,0.667,0.516,8.271,33.600
3016,4.223,1.465,17.913,0.146,0.191,0.002,0.515,8.306,32.750
3017,4.416,1.473,17.591,0.143,0.199,0.002,0.543,8.280,32.633
3018,4.759,2.182,17.961,0.147,0.196,0.002,0.512,8.302,34.032
3019,4.884,1.520,18.077,0.142,0.191,0.002,0.563,8.579,35.406
3020,4.219,1.440,18.139,0.142,0.203,0.869,0.556,8.273,32.944
3021,4.680,1.469,17.762,0.135,0.187,0.003,0.526,8.285,33.016
3022,4.520,1.707,18.150,0.133,0.182,0.002,0.526,8.515,33.723
3023,4.566,1.550,19.430,0.133,0.186,0.002,0.555,8.627,35.032
3024,4.573,1.455,17.566,0.141,0.178,0.781,0.503,8.232,32.636
3025,4.285,1.696,17.794,0.135,0.173,0.002,0.559,8.755,33.405
3026,4.894,2.922,17.340,0.146,0.177,0.002,0.508,8.289,34.251
3027,4.597,1.509,18.774,0.138,0.178,0.002,0.516,8.532,34.228
3028,4.539,1.724,18.316,0.143,0.187,0.003,0.548,8.562,34.002
3029,4.450,1.439,17.994,0.150,0.198,0.002,0.502,8.323,33.002
3030,4.298,1.458,18.005,0.146,0.203,0.750,0.530,8.677,33.270
3031,5.290,1.708,18.661,0.137,0.197,0.002,0.540,8.751,35.258
3032,4.249,1.600,17.671,0.140,0.187,0.002,0.510,8.658,32.982
3033,4.453,1.521,17.534,0.146,0.190,0.002,0.556,8.437,32.813
3034,4.519,2.623,18.956,0.141,0.197,0.003,0.524,8.324,35.247
3035,4.277,1.651,19.155,0.138,0.203,0.702,8.521,8.287,43.025
3036,4.106,1.727,17.394,0.139,0.202,0.002,0.532,8.255,33.019
3037,4.879,1.532,17.923,0.139,0.210,0.002,0.538,8.273,33.477
3038,4.816,1.515,18.215,0.145,0.208,0.002,0.524,8.355,33.753
3039,4.358,1.544,17.830,0.144,0.205,0.002,0.530,8.316,32.904
3040,4.249,1.449,17.463,0.146,0.226,0.002,0.517,8.313,32.328
3041,6.153,1.831,18.576,0.146,0.187,0.783,0.542,8.930,36.372
3042,5.176,1.665,23.429,0.137,0.176,0.003,0.580,8.806,40.192
3043,4.658,24.475,18.094,0.139,0.168,0.002,0.532,8.240,56.310
3044,4.356,1.470,17.455,0.138,0.174,0.002,0.520,8.315,32.435
3045,4.893,1.564,17.491,0.135,0.175,0.002,0.535,8.214,33.012
3046,4.219,1.870,17.638,0.149,0.186,0.002,0.516,8.419,32.975
3047,4.635,1.541,17.461,0.134,0.164,0.002,0.514,8.206,32.673
3048,4.341,1.493,18.790,0.136,0.172,0.002,0.540,8.238,33.718
3049,4.605,1.475,18.624,0.136,0.167,0.002,0.531,8.519,34.067
3050,4.802,1.513,17.751,0.139,0.172,0.002,0.535,8.162,33.079
3051,4.582,1.426,17.186,0.145,0.183,0.002,0.508,8.197,32.210
3052,4.333,1.686,17.931,0.138,0.166,0.002,0.525,9.274,34.068
3053,4.566,1.744,17.832,0.136,0.168,0.002,0.543,8.206,33.228
3054,4.684,1.506,19.743,0.145,0.179,0.002,0.528,9.013,35.787
3055,4.625,1.588,17.556,0.136,0.200,1.183,0.493,8.191,32.752
3056,5.105,2.088,17.688,0.143,0.219,0.002,0.513,8.316,34.030
3057,4.549,2.751,17.827,0.137,0.202,0.002,0.514,8.327,34.277
3058,4.485,1.462,18.492,0.204,0.206,0.002,0.573,8.665,34.015
3059,4.240,1.544,17.489,0.140,0.200,0.002,0.509,8.475,32.574
3060,4.691,1.409,17.303,0.138,0.200,0.002,0.545,8.520,32.803
3061,4.490,1.499,17.233,0.144,0.208,0.782,0.496,8.497,32.524
3062,5.487,1.595,18.415,0.143,0.192,0.002,0.530,8.352,34.724
3063,4.305,1.398,17.705,0.136,0.177,0.753,0.557,8.748,33.046
3064,4.209,1.470,17.242,0.143,0.188,0.003,0.520,8.291,32.044
3065,4.682,1.741,17.735,0.140,0.178,0.002,0.543,8.354,33.376
3066,4.508,1.537,18.491,0.143,0.183,0.002,0.549,8.521,33.940
3067,4.825,1.579,18.033,0.137,0.179,0.002,0.513,8.204,33.467
3068,4.488,1.494,17.895,0.142,0.192,0.002,0.526,8.266,33.005
3069,5.211,1.491,19.060,0.143,0.185,0.003,0.529,8.293,34.903
3070,5.122,1.557,23.603,0.147,0.184,0.002,0.580,8.423,39.626
3071,4.460,1.636,17.676,0.147,0.195,0.003,0.547,8.222,32.857
3072,4.241,1.657,18.266,0.144,0.190,0.002,0.524,8.506,33.508
3073,4.196,2.610,18.151,0.146,0.193,0.002,0.557,8.278,34.128
3074,5.533,1.541,19.390,0.139,0.177,0.002,0.513,8.272,35.561
3075,4.301,1.405,17.392,0.145,0.190,0.002,0.521,8.230,32.160
3076,4.362,1.455,18.385,0.148,0.192,0.003,8.613,8.248,42.230
3077,4.290,1.567,19.301,0.149,0.195,0.002,0.536,8.529,34.531
3078,5.131,1.581,22.927,0.143,0.185,0.002,0.601,8.856,39.456
3079,4.422,1.459,17.540,0.139,0.183,0.002,0.536,8.216,33.256
3080,4.307,1.414,18.612,0.143,0.196,0.002,0.505,8.442,33.582
3081,5.043,2.073,17.974,0.143,0.194,0.002,0.530,8.288,34.206
3082,4.666,1.500,18.916,0.140,0.180,0.002,0.540,8.489,34.425
3083,4.337,1.440,17.437,0.145,0.191,0.002,0.521,8.164,32.187
3084,4.231,1.433,22.151,0.144,0.193,0.002,0.547,8.430,37.107
3085,4.281,1.518,18.234,0.142,0.190,0.002,0.514,8.483,33.335
3086,4.379,1.487,17.931,0.140,0.179,0.002,0.499,8.228,34.243
3087,4.975,1.380,17.176,0.138,0.178,0.002,0.506,8.232,32.581
3088,4.309,1.712,19.519,0.138,0.178,0.002,0.531,8.219,34.601
3089,4.456,2.325,18.483,0.144,0.190,0.002,0.557,8.480,34.635
3090,4.342,1.589,17.886,0.135,0.179,0.002,0.560,8.321,33.011
3091,4.477,1.432,18.815,0.140,0.175,0.003,0.503,8.687,34.224
3092,4.622,1.560,24.381,0.147,0.177,0.002,0.492,8.198,39.558
3093,4.289,1.488,17.261,0.136,0.177,0.002,0.507,8.186,32.034
3094,5.322,1.541,17.546,0.142,0.195,0.002,0.518,8.233,33.468
3095,4.256,1.669,17.789,0.145,0.194,0.003,0.518,8.284,32.831
3096,4.395,1.465,17.379,0.142,0.194,0.002,0.507,8.515,32.567
3097,4.203,1.746,17.626,0.143,0.193,0.002,0.511,8.323,32.722
3098,5.049,3.198,17.344,0.139,0.193,0.756,0.508,8.255,34.656
3099,4.284,1.481,17.740,0.135,0.189,0.002,0.556,8.491,32.876
3100,4.979,1.472,17.408,0.135,0.192,0.002,0.543,8.487,33.224
3101,4.166,1.794,17.335,0.143,0.212,0.003,0.502,8.549,32.648
3102,4.740,1.421,18.034,0.143,0.205,0.002,0.493,8.174,33.183
3103,4.624,1.716,17.781,0.143,0.202,0.003,0.505,8.533,33.463
3104,4.269,1.489,18.522,0.152,0.203,0.003,0.525,8.241,33.365
3105,4.486,1.839,17.470,0.136,0.187,0.002,0.519,8.232,32.834
3106,4.540,1.453,17.316,0.138,0.193,0.002,0.495,8.169,32.272
3107,4.802,2.619,17.485,0.146,0.207,0.003,0.517,8.301,34.027
3108,5.572,1.600,18.907,0.185,0.208,0.003,0.522,8.692,35.598
3109,4.625,1.810,19.539,0.137,0.195,0.002,0.504,8.263,35.044
3110,4.805,1.703,18.393,0.144,0.211,0.002,0.552,8.394,34.170
3111,4.803,1.634,17.895,0.149,0.210,0.003,0.504,8.760,33.901
3112,5.029,1.515,18.509,0.144,0.202,0.003,0.543,8.412,34.328
3113,4.717,1.459,17.326,0.138,0.212,0.002,0.523,8.349,32.696
3114,4.524,1.499,17.579,0.136,0.199,0.003,0.494,8.281,32.689
3115,4.400,2.233,17.899,0.145,0.211,0.002,0.553,8.493,33.906
3116,4.839,1.533,25.089,0.144,0.205,0.002,9.739,8.427,50.717
3117,4.358,1.983,17.480,0.136,0.191,0.002,0.569,8.289,33.002
3118,4.730,1.540,18.344,0.145,0.207,0.003,0.529,8.598,34.075
3119,4.608,2.228,18.147,0.136,0.192,0.003,9.453,8.226,43.626
3120,3.945,1.667,17.876,0.142,0.204,0.002,0.486,8.204,32.477
3121,5.713,1.807,18.832,0.133,0.192,0.002,0.542,8.459,35.666
3122,4.534,1.616,17.547,0.136,0.191,0.002,0.510,8.430,32.927
3123,4.851,1.949,18.221,0.142,0.198,0.003,0.589,8.312,34.234
3124,5.126,3.129,18.131,0.146,0.207,0.002,0.548,8.388,35.636
3125,4.285,2.039,17.427,0.136,0.190,0.002,0.517,8.684,33.254
3126,4.700,1.789,19.270,0.136,0.193,0.002,0.538,8.247,34.860
3127,4.256,1.878,17.947,0.142,0.205,0.002,0.543,8.598,33.529
3128,4.359,1.735,18.764,0.136,0.191,0.002,0.521,8.711,34.371
3129,4.527,1.905,17.328,0.134,0.192,0.002,0.528,8.265,32.854
3130,4.375,1.600,17.617,0.144,0.206,0.002,0.515,8.337,32.739
3131,4.490,1.642,17.787,0.147,0.206,0.003,0.522,8.350,33.084
3132,4.333,1.668,18.648,0.143,0.209,0.002,0.540,8.414,33.913
3133,6.045,1.668,18.019,0.134,0.196,0.003,0.503,8.235,34.761
3134,4.646,1.881,17.552,0.143,0.213,0.003,0.522,8.277,33.178
3135,4.249,1.983,17.945,0.141,0.195,0.003,0.538,8.474,33.503
3136,4.371,1.628,22.892,0.137,0.197,0.002,0.533,8.914,38.653
3137,4.206,1.624,17.797,0.139,0.194,0.002,0.553,8.805,33.299
3138,5.198,1.664,17.704,0.145,0.208,0.002,0.512,8.451,33.816
3139,5.002,1.680,18.217,0.137,0.194,0.003,0.546,9.869,35.628
3140,4.834,1.508,21.138,0.145,0.209,0.002,0.539,8.441,36.781
3141,4.637,1.847,17.639,0.140,0.207,0.003,0.517,8.264,33.213
3142,4.733,1.637,17.262,0.144,0.204,0.002,0.521,8.257,32.711
3143,4.609,3.465,17.876,0.137,0.190,0.002,0.513,8.297,35.060
3144,4.652,1.740,20.107,0.135,0.190,0.002,9.022,8.204,44.867
3145,4.339,1.510,17.389,0.142,0.207,0.002,0.532,8.565,32.685
3146,4.805,1.650,18.027,0.142,0.187,0.002,0.526,8.711,34.053
3147,5.785,1.633,17.952,0.138,0.189,0.002,0.546,8.465,34.732
3148,4.470,2.198,18.100,0.142,0.189,0.003,0.506,8.479,34.074
3149,4.404,1.466,17.345,0.139,0.193,0.003,0.537,8.553,32.652
3150,5.304,1.569,17.573,0.144,0.210,0.003,0.505,8.251,33.519
3151,4.317,1.602,17.477,0.135,0.190,0.003,10.286,8.312,43.011
3152,4.512,1.472,17.989,0.200,0.197,0.003,0.543,8.456,33.290
3153,4.595,2.389,17.236,0.144,0.199,0.003,9.655,8.283,43.222
3154,4.588,1.423,17.339,0.147,0.207,0.003,0.531,8.498,32.703
3155,4.402,1.598,17.441,0.143,0.209,0.003,0.515,8.418,33.354
3156,4.401,1.451,17.820,0.145,0.214,0.002,0.551,8.508,33.070
3157,4.702,1.675,18.096,0.139,0.197,0.002,0.533,8.295,33.647
3158,5.085,1.553,18.139,0.152,0.211,0.003,0.538,8.505,34.165
3159,4.740,1.507,17.724,0.136,0.197,0.002,0.548,8.633,33.488
3160,4.469,1.614,20.167,0.131,0.187,0.002,1.105,8.517,37.087
3161,4.226,1.551,17.255,0.135,0.195,0.002,0.504,8.256,32.118
3162,4.354,1.424,17.555,0.140,0.196,0.002,0.505,8.329,32.486
3163,4.491,2.587,17.776,0.143,0.211,0.002,0.498,8.302,33.974
3164,5.171,1.884,20.052,0.147,0.210,0.003,0.519,8.275,37.003
3165,4.672,1.528,18.257,0.138,0.201,0.002,0.502,8.458,33.726
3166,4.380,1.431,18.190,0.145,0.199,0.002,0.569,8.304,33.201
3167,4.490,1.697,17.397,0.141,0.201,0.002,0.503,8.403,32.808
3168,4.851,1.511,17.902,0.153,0.201,0.003,0.518,8.274,33.390
3169,5.191,2.648,24.650,0.151,0.196,0.004,0.522,9.090,42.450
3170,4.873,1.453,18.569,0.135,0.194,0.002,10.193,8.508,44.696
3171,4.839,1.749,17.106,0.139,0.199,0.002,0.511,8.230,32.772
3172,4.973,1.604,17.896,0.132,0.186,0.002,0.523,8.270,33.597
3173,4.308,1.523,17.561,0.136,0.200,0.002,0.519,8.635,32.884
3174,4.661,1.499,18.156,0.144,0.212,0.002,0.510,7.571,32.739
3175,4.445,1.577,17.307,0.137,0.193,0.002,10.128,8.306,42.809
3176,4.261,1.461,18.215,0.139,0.196,0.003,0.500,8.631,33.411
3177,4.448,1.492,17.813,0.138,0.195,0.002,0.499,8.181,32.785
3178,4.314,1.428,18.130,0.139,0.195,0.002,0.508,8.187,32.924
3179,4.641,2.134,18.509,0.135,0.195,0.002,0.512,8.382,34.532
3180,4.505,1.512,20.824,0.147,0.208,0.002,0.532,8.289,36.036
3181,4.286,1.423,18.993,0.141,0.203,0.002,0.563,8.280,34.662
3182,4.668,1.439,17.416,0.139,0.193,0.002,0.510,8.200,32.550
3183,4.341,1.478,17.508,0.135,0.193,0.002,0.522,8.380,32.540
3184,4.577,1.695,18.422,0.143,0.211,0.002,0.507,8.680,34.197
3185,4.248,1.434,17.656,0.143,0.216,0.002,0.512,8.276,32.439
3186,4.418,1.404,17.695,0.135,0.197,0.002,0.558,8.412,32.825
3187,4.358,1.473,17.351,0.139,0.200,0.002,0.515,8.592,32.589
3188,4.933,1.700,22.784,0.140,0.197,0.002,0.510,8.181,38.419
3189,5.852,1.738,17.202,0.140,0.206,0.002,0.530,8.249,33.877
3190,4.749,1.654,17.720,0.139,0.198,0.002,0.520,8.220,33.177
3191,4.896,1.454,17.546,0.135,0.197,0.003,0.544,8.562,33.332
3192,4.623,1.454,18.135,0.143,0.212,0.002,0.517,8.287,33.324
3193,4.236,1.444,17.890,0.135,0.197,0.003,0.504,8.211,32.592
3194,4.772,1.445,17.992,0.139,0.200,0.002,0.534,8.218,33.289
3195,4.755,1.691,17.702,0.138,0.198,0.003,0.508,8.374,34.549
3196,4.449,1.517,19.682,0.135,0.198,0.002,0.540,8.781,35.335
3197,4.304,1.463,17.653,0.142,0.210,0.002,0.519,8.261,32.543
3198,4.666,1.643,17.429,0.135,0.200,0.002,0.512,8.292,32.955
3199,4.598,2.579,17.801,0.137,0.194,0.003,0.509,8.360,34.189
3200,4.378,1.574,22.630,0.142,0.208,0.002,0.517,8.521,37.960
3201,4.300,1.458,17.663,0.137,0.200,0.002,9.677,8.465,42.697
3202,4.344,1.555,18.232,0.135,0.195,0.002,0.516,8.227,33.211
3203,5.354,1.731,18.025,0.145,0.205,0.002,0.513,8.276,34.967
3204,4.802,1.496,21.587,0.144,0.205,0.002,0.535,8.794,37.549
3205,4.263,1.512,17.386,0.133,0.187,0.002,0.504,8.215,32.200
3206,4.749,1.478,17.729,0.137,0.193,0.002,0.511,8.622,33.418
3207,5.476,1.967,17.744,0.136,0.194,0.002,0.501,8.361,34.368
3208,5.307,1.779,21.329,0.136,0.195,0.003,0.525,8.384,37.662
3209,4.257,1.689,17.697,0.134,0.192,0.002,0.529,8.740,33.243
3210,5.621,1.522,20.843,0.142,0.210,0.002,0.556,8.663,37.539
3211,5.355,1.531,18.376,0.138,0.209,0.002,0.556,8.564,34.728
3212,4.856,1.818,27.247,0.146,0.207,0.003,0.527,8.496,43.281
3213,4.339,1.475,17.606,0.147,0.196,0.003,0.552,8.212,32.525
3214,4.811,1.453,18.889,0.138,0.191,0.002,0.512,8.320,34.304
3215,5.010,1.870,18.837,0.144,0.210,0.002,0.545,8.596,35.196
3216,7.118,1.625,17.850,0.146,0.206,0.002,0.566,8.462,35.966
3217,4.497,1.468,17.578,0.134,0.198,0.002,0.560,8.971,33.420
3218,5.463,1.461,17.561,0.138,0.198,0.002,0.568,8.225,33.610
3219,5.088,1.930,17.995,0.141,0.200,0.002,0.521,8.229,34.088
3220,4.828,1.543,21.375,0.134,0.195,0.002,0.559,8.317,36.965
3221,4.768,1.667,17.641,0.138,0.197,0.002,0.555,8.424,33.395
3222,4.665,1.671,17.571,0.142,0.201,0.003,0.516,8.837,33.585
3223,4.604,1.483,18.030,0.139,0.197,0.002,0.530,8.449,33.436
3224,4.423,1.728,20.158,0.139,0.197,0.002,0.543,8.640,35.834
3225,4.218,1.514,17.408,0.135,0.196,0.002,0.531,8.469,32.476
3226,4.824,1.538,18.374,0.137,0.194,0.002,0.526,8.269,33.853
3227,4.384,2.239,18.084,0.138,0.196,0.002,0.518,8.263,33.807
3228,4.484,1.698,26.102,0.138,0.193,0.002,0.519,8.292,41.414
3229,4.267,1.481,18.782,0.135,0.194,0.002,0.609,8.392,33.869
3230,4.856,1.665,18.293,0.139,0.197,0.002,0.516,9.547,35.193
3231,4.808,1.586,18.503,0.147,0.212,0.003,0.525,8.686,34.426
3232,4.299,1.454,21.355,0.140,0.213,0.002,0.527,8.301,36.263
3233,4.242,1.415,17.855,0.133,0.194,0.002,0.508,8.518,32.855
3234,5.136,1.513,17.845,0.136,0.196,0.002,0.528,8.497,33.860
3235,4.736,1.863,17.971,0.134,0.194,0.003,0.548,8.751,34.213
3236,4.938,1.491,21.377,0.145,0.199,0.002,0.534,8.452,37.132
3237,4.594,1.457,17.431,0.135,0.198,0.002,0.514,8.273,32.608
3238,4.753,1.432,17.431,0.134,0.195,0.002,8.995,8.619,42.319
3239,4.764,1.663,17.331,0.135,0.198,0.002,0.494,8.213,32.793
3240,4.247,1.459,18.142,0.142,0.204,0.002,0.499,8.246,32.923
3241,4.680,1.459,17.672,0.131,0.192,0.003,0.564,8.736,33.470
3242,5.618,1.653,17.982,0.142,0.208,0.002,0.533,8.561,34.697
3243,5.216,2.895,17.694,0.140,0.196,0.787,0.508,8.242,34.904
3244,4.448,1.472,19.723,0.134,0.172,0.002,0.543,8.523,35.068
3245,4.760,1.489,17.588,0.136,0.181,0.002,0.501,8.179,32.843
3246,4.727,1.427,17.336,0.137,0.179,0.002,0.495,8.542,32.862
3247,5.017,1.525,17.907,0.139,0.178,0.002,0.572,8.356,33.734
3248,4.745,1.529,20.084,0.132,0.189,0.008,0.543,8.496,35.797
3249,4.467,1.470,17.647,0.137,0.184,0.002,0.511,8.440,32.870
3250,4.816,1.401,17.625,0.135,0.185,0.002,0.546,8.420,33.166
3251,4.756,1.469,17.831,0.138,0.184,0.002,0.554,8.605,33.578
3252,5.118,2.551,21.743,0.137,0.192,0.002,0.535,8.307,38.605
3253,4.321,1.620,17.394,0.136,0.187,0.002,0.510,8.619,32.817
3254,5.185,1.641,17.986,0.136,0.183,0.002,0.514,8.601,34.266
3255,4.528,1.584,18.087,0.136,0.199,0.002,0.541,8.440,33.539
3256,4.376,1.475,18.158,0.134,0.181,0.002,0.545,8.471,33.378
3257,4.216,1.431,17.664,0.134,0.190,0.003,0.509,8.218,32.369
3258,4.351,1.428,17.622,0.134,0.197,0.002,0.549,8.496,32.801
3259,4.282,1.759,17.683,0.136,0.188,0.002,0.497,8.366,32.918
3260,4.949,1.494,24.143,0.139,0.184,0.002,0.541,8.646,40.122
3261,4.252,1.658,17.578,0.142,0.197,0.769,0.503,8.211,32.530
3262,4.862,1.986,17.785,0.135,0.198,0.002,0.504,8.396,33.864
3263,4.950,1.703,17.733,0.138,0.201,0.003,0.525,8.316,33.571
3264,4.662,1.754,18.316,0.142,0.195,0.002,0.528,8.597,34.212
3265,4.228,1.449,17.674,0.143,0.200,0.002,0.529,8.193,32.401
3266,4.546,1.389,17.601,0.135,0.196,0.002,0.503,8.630,33.001
3267,4.329,1.509,17.478,0.139,0.203,0.003,0.530,8.239,32.437
3268,5.316,1.721,17.752,0.143,0.215,0.002,0.511,8.365,33.996
3269,4.225,1.478,17.388,0.139,0.199,0.002,0.500,8.159,32.079
3270,4.226,1.402,17.888,0.140,0.198,0.002,0.522,8.225,32.617
3271,4.245,1.951,18.590,0.136,0.201,0.002,0.526,8.186,33.855
3272,5.358,1.524,19.764,0.136,0.199,0.003,0.540,8.345,35.887
3273,4.248,1.461,17.723,0.142,0.213,0.002,0.509,8.238,32.513
3274,4.319,1.402,17.553,0.136,0.195,0.003,0.544,8.547,32.725
3275,4.663,1.481,17.283,0.139,0.198,0.002,0.501,8.282,32.549
3276,4.570,1.453,18.030,0.143,0.196,0.003,0.502,8.260,33.153
3277,4.517,1.667,18.024,0.144,0.207,0.003,0.511,7.548,32.602
3278,4.567,1.433,17.418,0.132,0.194,0.002,0.542,8.413,32.729
3279,4.299,1.948,17.531,0.137,0.193,0.002,0.505,8.372,32.989
3280,4.371,1.488,18.460,0.155,0.215,0.003,0.534,8.791,34.001
3281,4.565,1.679,18.288,0.138,0.196,0.002,0.534,8.485,33.902
3282,4.642,1.435,18.007,0.139,0.197,0.002,0.545,8.512,33.492
3283,4.324,1.498,17.393,0.137,0.198,0.002,0.501,9.002,33.049
3284,4.513,1.649,17.660,0.143,0.213,0.002,0.506,8.848,33.504
3285,4.787,1.652,17.819,0.136,0.204,0.002,0.551,8.459,33.619
3286,4.507,1.443,17.633,0.137,0.194,0.002,0.512,8.448,32.874
3287,4.810,2.032,22.127,0.144,0.213,0.003,0.528,8.251,38.078
3288,5.415,2.501,18.215,0.139,0.193,0.002,0.533,8.503,35.504
3289,4.308,1.487,19.350,0.136,0.194,0.002,0.515,8.637,34.634
3290,5.136,1.716,18.187,0.134,0.202,0.002,0.528,8.365,34.290
3291,4.370,1.485,18.249,0.136,0.199,0.002,0.501,8.202,33.134
3292,5.796,1.474,21.202,0.136,0.198,0.002,0.550,9.771,39.194
3293,4.480,1.579,18.616,0.137,0.205,0.002,0.530,8.989,34.542
3294,4.771,1.462,18.462,0.137,0.198,0.002,0.555,8.478,34.085
3295,4.588,2.269,18.927,0.135,0.197,0.002,0.532,8.666,35.336
3296,4.360,1.455,17.584,0.137,0.192,0.002,0.537,8.952,33.249
3297,4.709,1.453,17.508,0.137,0.194,0.003,0.502,9.531,34.042
3298,5.021,1.544,17.794,0.137,0.194,0.002,0.536,8.280,33.541
3299,4.635,1.623,17.181,0.138,0.195,0.002,0.504,8.146,32.425
3300,4.198,1.640,17.687,0.145,0.210,0.002,0.488,8.114,32.448
3301,4.387,1.428,17.282,0.143,0.205,0.002,0.501,8.202,32.134
3302,4.754,1.469,17.818,0.136,0.196,0.002,0.509,8.520,33.409
3303,4.289,1.451,17.745,0.140,0.198,0.002,0.531,8.238,32.611
3304,4.392,1.471,18.789,0.142,0.212,0.002,0.543,8.476,34.032
3305,4.335,1.450,17.365,0.134,0.193,0.002,0.502,8.212,32.208
3306,4.446,1.897,17.719,0.135,0.197,0.002,0.506,8.352,33.269
3307,4.327,1.958,17.799,0.148,0.200,0.725,0.513,8.244,33.186
3308,5.389,1.585,22.192,0.143,0.177,0.002,0.525,8.662,38.711
3309,4.864,1.633,19.905,0.133,0.179,0.003,0.535,8.305,35.595
3310,4.915,1.800,17.264,0.135,0.189,0.002,0.506,8.394,33.212
3311,4.578,1.515,17.607,0.135,0.185,0.002,0.514,8.409,32.965
3312,4.981,2.173,20.212,0.138,0.195,0.002,0.497,8.202,36.386
3313,4.468,1.663,17.207,0.143,0.200,0.002,0.499,8.298,32.474
3314,4.358,1.419,17.492,0.137,0.182,0.002,0.531,8.511,32.670
3315,4.793,1.850,17.612,0.143,0.199,0.002,0.506,8.269,33.365
3316,4.862,1.709,20.483,0.143,0.199,0.002,0.521,8.687,36.600
3317,4.229,1.520,17.322,0.141,0.202,0.002,0.526,8.192,32.124
3318,4.837,1.750,17.601,0.136,0.187,0.002,0.502,8.348,33.375
3319,4.346,1.524,17.748,0.135,0.186,0.003,0.507,8.237,32.696
3320,5.536,1.515,19.509,0.133,0.181,0.002,0.542,8.467,35.926
3321,4.546,1.453,17.745,0.134,0.186,0.002,0.514,8.268,32.873
3322,4.927,2.327,18.311,0.132,0.186,0.002,0.529,8.322,34.751
3323,4.376,1.455,17.582,0.135,0.186,0.003,0.505,8.392,32.642
3324,4.518,1.503,19.067,0.141,0.202,0.003,0.530,8.648,34.623
3325,4.247,1.540,17.525,0.133,0.190,0.002,0.529,8.444,32.647
3326,5.056,1.980,18.017,0.143,0.194,0.864,0.491,8.348,34.228
3327,4.390,1.967,17.458,0.135,0.184,0.002,0.516,8.267,32.941
3328,5.002,1.575,20.948,0.135,0.183,0.002,0.545,8.536,36.946
3329,4.258,1.591,17.690,0.144,0.200,0.002,0.507,8.261,32.656
3330,5.159,1.949,17.652,0.134,0.185,0.002,0.522,8.199,33.822
3331,4.395,1.475,17.835,0.133,0.189,0.722,0.500,8.349,32.890
3332,5.178,1.775,18.498,0.134,0.187,0.002,0.541,8.210,34.560
3333,4.234,1.866,17.425,0.134,0.188,0.002,0.506,8.147,32.513
3334,4.276,1.698,17.349,0.140,0.195,0.003,0.508,8.307,32.481
3335,4.632,1.599,17.473,0.162,0.191,0.005,0.511,8.301,32.856
3336,4.992,1.592,18.021,0.132,0.194,0.818,0.514,8.629,34.086
3337,4.222,1.572,17.945,0.139,0.201,0.002,0.505,8.486,33.087
3338,4.457,1.432,17.597,0.137,0.195,0.002,0.515,8.256,32.596
3339,4.339,1.738,17.372,0.134,0.194,0.003,0.510,8.257,32.550
3340,4.481,1.775,17.769,0.148,0.191,0.805,0.522,8.448,33.349
3341,4.540,1.454,17.558,0.135,0.177,0.002,0.520,8.224,32.636
3342,4.771,1.498,17.376,0.145,0.199,0.003,0.503,8.472,32.954
3343,4.721,1.625,18.100,0.133,0.182,0.003,0.531,8.314,33.644
3344,4.563,1.716,18.398,0.138,0.183,0.002,0.540,8.218,33.788
3345,4.547,1.667,17.341,0.136,0.173,1.145,0.501,8.168,32.547
3346,4.242,1.416,17.231,0.132,0.186,0.663,0.510,8.433,32.165
3347,5.185,1.920,17.767,0.140,0.198,0.003,0.521,8.206,33.932
3348,4.657,1.460,21.321,0.133,0.173,0.002,0.500,8.325,36.598
3349,4.379,1.468,18.434,0.138,0.188,0.002,0.498,8.457,33.564
3350,4.810,1.407,17.674,0.134,0.180,0.002,0.527,8.449,33.223
3351,4.429,1.471,17.696,0.132,0.185,0.002,0.524,8.539,33.009
3352,4.182,1.439,18.844,0.138,0.189,0.002,0.575,8.902,34.299
3353,6.166,1.743,22.106,0.130,0.179,0.002,0.549,8.390,39.300
3354,6.133,1.680,17.626,0.140,0.185,0.002,0.537,8.619,34.928
3355,4.290,2.129,17.456,0.147,0.182,0.002,0.547,8.517,33.296
3356,4.431,1.462,20.220,0.132,0.179,0.002,0.547,8.655,35.671
3357,4.839,1.433,17.664,0.137,0.181,0.002,0.506,8.266,33.043
3358,4.376,1.640,17.406,0.138,0.181,0.002,0.517,8.220,32.499
3359,4.645,1.930,18.062,0.141,0.192,0.002,0.517,8.643,34.142
3360,5.041,1.465,17.453,0.147,0.195,0.003,0.494,8.098,32.884
3361,4.313,1.461,19.401,0.129,0.175,0.002,0.535,8.491,34.539
3362,4.454,1.586,17.992,0.132,0.181,0.003,0.557,8.342,33.279
3363,4.942,1.878,17.917,0.135,0.179,0.002,0.517,8.374,33.966
3364,5.468,1.482,18.645,0.137,0.179,0.002,0.503,8.272,34.709
3365,4.240,1.485,17.440,0.131,0.181,0.002,0.519,8.216,32.235
3366,4.266,1.454,17.712,0.130,0.181,0.002,0.515,8.165,32.447
3367,4.512,2.191,17.422,0.140,0.195,0.002,0.520,8.486,33.466
3368,4.965,1.680,20.090,0.141,0.177,0.002,0.506,8.193,35.767
3369,4.497,1.669,17.531,0.132,0.182,0.002,0.512,8.290,32.831
3370,4.684,1.446,17.734,0.140,0.185,0.003,0.545,8.203,32.951
3371,4.341,1.732,17.649,0.137,0.192,0.002,0.565,8.378,33.027
3372,4.282,1.470,19.707,0.126,0.170,0.002,0.537,8.247,34.599
3373,4.557,1.663,17.327,0.131,0.178,0.002,0.506,8.461,32.844
3374,4.309,1.447,17.605,0.131,0.181,0.002,0.535,8.261,32.493
3375,4.376,1.479,17.526,0.133,0.178,0.002,0.506,8.211,32.430
3376,4.511,1.964,20.896,0.127,0.173,0.002,0.527,8.171,36.416
3377,4.300,1.470,17.337,0.130,0.180,0.002,0.519,8.243,32.205
3378,5.240,1.624,17.606,0.132,0.177,0.002,0.508,8.233,33.543
3379,4.466,1.695,17.958,0.133,0.181,0.003,0.518,8.300,33.275
3380,4.466,1.489,19.639,0.133,0.182,0.002,0.513,8.202,34.658
3381,4.197,1.464,17.279,0.128,0.176,0.002,0.499,8.279,32.045
3382,4.284,1.383,17.356,0.132,0.181,0.002,0.539,8.455,32.372
3383,4.587,1.449,17.487,0.135,0.179,0.002,10.189,8.258,43.096
3384,4.169,1.454,17.729,0.130,0.181,0.002,0.493,8.159,32.313
3385,4.945,1.685,17.831,0.128,0.180,0.002,0.531,8.225,33.537
3386,4.781,1.615,17.889,0.135,0.182,0.002,0.504,8.275,33.383
3387,4.306,1.756,17.473,0.134,0.177,0.003,0.529,8.349,32.733
3388,4.945,1.483,20.557,0.132,0.179,0.002,0.501,8.109,35.925
3389,4.225,1.468,17.318,0.132,0.177,0.002,0.530,8.218,32.082
3390,4.360,1.425,17.289,0.131,0.181,0.002,0.515,8.181,32.092
3391,4.328,1.465,17.428,0.138,0.197,0.002,0.521,8.279,32.346
3392,4.704,1.607,18.915,0.132,0.182,0.002,0.507,8.211,34.275
3393,4.455,1.550,17.459,0.128,0.175,0.002,0.516,8.239,32.544
3394,4.410,1.426,17.689,0.131,0.186,0.007,0.507,8.585,32.940
3395,4.311,1.546,17.754,0.129,0.176,0.002,0.530,8.570,33.049
3396,4.913,1.618,23.491,0.129,0.190,0.002,0.494,8.195,39.027
3397,4.254,1.668,17.480,0.129,0.176,0.002,0.499,8.243,32.471
3398,4.714,1.458,17.375,0.135,0.195,0.002,0.498,8.279,32.658
3399,4.701,3.005,17.372,0.128,0.181,0.002,0.528,8.257,34.190
3400,4.534,1.513,18.441,0.138,0.192,0.002,0.531,8.228,33.574
3401,4.223,1.628,17.352,0.129,0.181,0.002,8.448,8.261,41.020
3402,4.219,1.433,18.543,0.137,0.180,0.002,0.515,8.347,33.392
3403,4.395,1.743,17.389,0.141,0.195,0.002,0.518,8.263,32.651
3404,4.747,1.611,18.120,0.138,0.187,0.002,0.502,8.195,33.515
3405,4.270,1.452,17.278,0.131,0.174,0.002,0.506,8.153,32.004
3406,4.361,1.386,17.231,0.135,0.182,0.002,0.497,8.209,32.018
3407,4.689,1.829,17.487,0.130,0.189,0.002,0.521,8.302,33.175
3408,4.211,1.585,17.865,0.136,0.181,0.002,0.537,8.610,33.170
3409,4.956,1.850,18.545,0.138,0.194,0.002,0.505,9.071,35.269
3410,4.865,2.536,17.991,0.131,0.183,0.002,0.510,8.295,34.538
3411,5.389,1.684,17.482,0.131,0.187,0.002,0.505,8.407,33.807
3412,4.599,1.616,18.167,0.131,0.187,0.002,0.515,8.258,33.494
3413,4.638,1.475,17.462,0.136,0.179,0.002,0.527,8.297,32.757
3414,4.273,1.572,17.616,0.127,0.179,0.002,0.522,8.210,32.527
3415,4.348,1.729,17.503,0.130,0.180,0.002,0.512,8.333,32.765
3416,4.999,1.869,20.105,0.131,0.186,0.002,0.518,8.267,36.100
3417,4.274,1.472,17.434,0.137,0.179,0.002,0.530,8.475,32.539
3418,4.301,1.578,17.567,0.131,0.184,0.002,0.518,8.506,32.799
3419,4.433,1.642,17.217,0.132,0.177,0.002,0.503,8.262,32.389
3420,4.232,1.455,18.945,0.131,0.177,0.002,0.631,8.455,34.092
3421,5.672,2.428,18.780,0.141,0.193,0.002,0.512,8.244,35.975
3422,4.381,1.618,17.441,0.125,0.178,0.002,0.507,8.195,32.480
3423,4.460,1.820,17.415,0.127,0.180,0.002,0.514,8.239,32.786
3424,4.771,1.951,18.984,0.127,0.182,0.002,0.557,8.432,35.055
3425,4.245,1.672,17.281,0.133,0.180,0.002,0.524,8.525,32.590
3426,4.285,1.631,17.378,0.135,0.177,0.002,0.504,8.175,32.307
3427,4.204,2.280,17.786,0.129,0.179,0.002,0.523,8.279,33.432
3428,4.487,1.748,17.671,0.132,0.181,0.003,0.511,8.325,33.077
3429,4.585,1.523,17.760,0.130,0.181,0.002,0.521,8.197,32.920
3430,4.730,1.882,17.587,0.136,0.187,0.002,0.515,8.266,33.320
3431,4.300,1.688,17.829,0.128,0.190,0.002,0.518,8.255,32.927
3432,4.796,1.524,18.661,0.134,0.179,0.002,0.520,8.407,34.244
3433,4.284,1.482,17.197,0.135,0.183,0.003,0.529,8.232,32.069
3434,4.273,1.423,17.431,0.131,0.180,0.002,0.506,8.234,32.205
3435,4.301,1.712,17.426,0.137,0.193,0.002,0.496,8.336,32.608
3436,5.466,1.456,18.358,0.133,0.179,0.002,0.536,8.627,34.775
3437,4.301,1.706,17.264,0.136,0.199,0.002,0.515,8.569,32.689
3438,4.423,1.409,17.508,0.138,0.199,0.002,0.511,8.224,32.409
3439,4.302,1.944,17.277,0.133,0.183,0.002,0.498,8.285,32.643
3440,4.353,1.512,18.689,0.137,0.198,0.002,0.539,8.453,33.904
3441,4.388,1.462,17.341,0.130,0.184,0.002,0.510,8.662,32.715
3442,4.285,1.513,17.353,0.128,0.185,0.003,0.528,8.265,32.280
3443,4.626,1.724,17.588,0.140,0.194,0.002,0.507,8.238,33.024
3444,4.935,1.711,18.497,0.130,0.188,0.002,0.529,8.164,34.192
3445,4.339,1.613,17.340,0.127,0.180,0.002,0.509,8.214,32.345
3446,4.402,1.460,17.286,0.125,0.177,0.003,0.499,8.278,32.260
3447,4.388,2.095,17.732,0.140,0.190,0.002,9.111,8.230,42.628
3448,4.622,1.762,20.379,0.135,0.180,0.002,0.522,8.223,35.830
3449,4.645,1.421,17.213,0.138,0.186,0.002,0.507,8.329,32.431
3450,4.435,1.427,17.228,0.135,0.190,0.002,0.511,8.363,32.290
3451,4.290,1.469,17.473,0.125,0.179,0.002,0.505,8.332,32.393
3452,5.005,1.462,19.366,0.129,0.180,0.003,0.527,8.675,35.372
3453,4.609,1.694,18.051,0.134,0.184,0.002,0.546,8.608,33.855
3454,4.752,1.440,17.506,0.142,0.193,0.002,0.529,8.303,32.851
3455,4.372,1.573,17.559,0.130,0.187,0.002,0.546,8.271,32.667
3456,4.621,1.478,25.431,0.137,0.195,0.002,0.535,8.546,40.956
3457,4.295,1.489,17.756,0.134,0.181,0.003,0.519,8.226,32.630
3458,4.606,1.661,17.463,0.132,0.183,0.003,0.515,8.661,33.232
3459,4.925,1.899,17.238,0.131,0.183,0.002,0.519,8.233,33.137
3460,4.356,1.441,23.803,0.129,0.182,0.002,0.488,8.226,38.632
3461,4.206,1.493,17.824,0.128,0.181,0.002,0.518,8.224,32.588
3462,5.036,1.502,17.532,0.137,0.195,0.002,0.498,8.216,33.105
3463,4.678,1.626,17.404,0.130,0.181,0.002,0.505,8.389,32.928
3464,4.698,1.472,18.102,0.132,0.183,0.002,0.550,8.519,33.687
3465,4.221,1.466,17.863,0.126,0.174,0.002,0.511,8.801,33.188
3466,4.676,1.636,17.771,0.132,0.186,0.002,8.633,8.263,42.181
3467,4.411,1.933,17.548,0.128,0.186,0.002,0.515,8.260,32.988
3468,4.703,1.903,19.091,0.137,0.206,0.003,0.511,8.533,35.062
3469,5.106,1.475,17.767,0.128,0.183,0.002,0.565,8.584,33.846
3470,4.720,1.448,18.045,0.130,0.186,0.002,0.507,8.237,33.279
3471,4.908,1.646,18.032,0.132,0.185,0.003,8.895,8.595,43.121
3472,5.366,1.508,18.799,0.130,0.188,0.002,0.511,8.246,34.754
3473,4.224,1.636,17.416,0.129,0.190,0.002,0.517,8.280,32.396
3474,4.712,1.587,17.695,0.140,0.197,0.002,0.526,8.376,33.234
3475,4.444,3.044,67.633,0.133,0.181,0.002,0.678,8.767,84.929
3476,8.623,1.796,21.304,0.129,0.182,0.002,8.224,8.261,49.354
3477,4.154,1.700,17.796,0.128,0.179,0.002,0.523,8.268,32.784
3478,4.757,1.487,17.597,0.131,0.184,0.002,0.528,8.618,33.322
3479,4.425,1.784,17.331,0.130,0.183,0.002,0.506,8.260,32.640
3480,4.203,1.583,19.022,0.137,0.195,0.002,8.630,8.261,42.844
3481,5.289,1.542,18.034,0.128,0.180,0.002,0.508,8.309,33.998
3482,5.157,1.861,18.007,0.130,0.190,0.002,0.545,8.554,34.472
3483,4.689,1.718,17.522,0.131,0.179,0.002,0.515,8.426,33.188
3484,4.289,1.621,18.164,0.129,0.178,0.002,0.546,8.808,33.753
3485,4.310,1.556,17.294,0.140,0.201,0.002,8.616,8.511,41.742
3486,4.634,1.805,17.963,0.139,0.193,0.003,9.455,8.202,43.040
3487,4.323,3.555,17.709,0.134,0.175,0.002,0.522,8.237,34.688
3488,4.200,1.473,19.008,0.138,0.193,0.002,0.501,8.256,33.746
3489,4.305,1.584,17.294,0.124,0.175,0.002,0.529,8.233,32.272
3490,4.692,1.638,18.011,0.131,0.193,0.002,0.519,8.347,33.524
3491,4.325,1.488,17.543,0.132,0.179,0.002,0.522,8.234,32.432
3492,6.634,1.528,20.140,0.138,0.197,0.002,0.555,8.398,37.584
3493,4.266,1.435,17.319,0.131,0.183,0.002,0.512,8.250,32.095
3494,4.294,1.526,19.676,0.132,0.196,0.002,0.518,8.604,34.948
3495,4.895,3.111,19.462,0.132,0.186,0.002,0.539,8.522,36.861
3496,4.694,1.755,20.587,0.122,0.171,0.002,0.518,8.308,36.177
3497,4.271,1.710,17.775,0.127,0.178,0.002,0.533,8.229,32.840
3498,4.435,1.794,18.086,0.133,0.178,0.002,0.540,8.256,33.433
3499,4.979,1.452,18.095,0.138,0.182,0.002,0.569,8.301,33.731
3500,4.969,1.525,18.354,0.139,0.190,0.002,0.557,8.554,34.304
3501,4.345,1.456,17.471,0.134,0.176,0.002,0.503,8.214,32.296
3502,4.680,1.673,17.316,0.154,0.186,0.002,0.556,8.631,33.173
3503,4.832,1.861,18.609,0.142,0.192,0.002,0.557,8.462,34.639
3504,5.542,1.767,19.898,0.129,0.174,0.002,0.533,8.910,36.970
3505,4.245,1.469,17.316,0.130,0.172,0.002,0.510,8.309,32.164
3506,4.563,1.524,17.375,0.131,0.179,0.002,0.532,8.255,32.564
3507,4.747,3.077,17.817,0.140,0.183,0.002,0.529,8.315,34.824
3508,4.322,1.485,18.267,0.131,0.174,0.002,0.524,8.216,33.135
3509,4.273,1.474,17.430,0.143,0.190,0.002,0.537,8.215,32.247
3510,4.383,1.682,17.360,0.138,0.196,0.002,0.538,8.378,32.671
3511,4.775,1.425,18.154,0.139,0.201,0.003,0.534,8.446,33.666
3512,5.335,1.526,22.784,0.134,0.182,0.002,0.512,8.184,38.642
3513,4.197,1.448,17.335,0.131,0.181,0.002,0.541,8.338,32.170
3514,4.671,1.471,17.865,0.128,0.176,0.002,0.513,8.244,33.079
3515,5.048,1.616,17.638,0.138,0.194,0.002,0.531,8.245,33.392
3516,4.409,1.506,21.226,0.152,0.183,0.002,0.507,8.224,36.175
3517,4.599,1.465,17.576,0.132,0.176,0.002,0.524,8.208,32.683
3518,4.661,1.472,17.310,0.134,0.181,0.002,0.510,8.192,32.458
3519,4.565,2.601,17.871,0.135,0.181,0.002,0.536,8.341,34.232
3520,4.647,1.713,19.079,0.141,0.176,0.002,0.531,8.148,34.436
3521,4.254,1.642,17.329,0.131,0.177,0.002,0.491,8.319,32.342
3522,4.971,1.631,17.546,0.131,0.193,0.002,0.529,8.257,33.249
3523,4.360,1.684,17.330,0.135,0.194,0.002,0.526,8.200,32.416
3524,4.640,1.549,18.973,0.137,0.200,0.002,0.505,8.406,34.388
3525,4.795,1.441,17.678,0.135,0.184,0.002,0.492,8.215,32.932
3526,4.280,1.386,17.823,0.135,0.179,0.002,0.542,8.246,32.597
3527,4.231,2.133,17.402,0.127,0.180,0.002,0.516,8.301,32.898
3528,4.837,1.522,20.104,0.131,0.184,0.002,0.515,8.709,36.002
3529,4.610,1.662,19.823,0.141,0.191,0.002,0.521,8.622,35.550
3530,5.102,1.723,18.033,0.130,0.185,0.002,0.530,8.266,33.969
3531,5.620,1.688,17.684,0.127,0.181,0.002,0.545,8.408,34.282
3532,4.812,1.447,18.525,0.137,0.201,0.002,0.528,8.544,34.172
3533,4.354,1.446,17.730,0.130,0.180,0.002,0.503,8.424,32.763
3534,4.932,1.583,17.624,0.138,0.197,0.002,0.518,8.313,33.295
3535,4.341,2.195,17.566,0.141,0.211,0.003,0.514,8.311,33.234
3536,4.624,1.570,24.732,0.126,0.181,0.002,0.513,8.269,40.028
3537,4.601,1.708,17.535,0.132,0.176,0.002,0.520,8.308,32.980
3538,4.688,1.438,18.381,0.144,0.191,0.002,0.538,8.651,34.029
3539,4.646,1.417,17.641,0.131,0.180,0.003,0.504,8.293,32.814
3540,4.530,1.459,18.475,0.128,0.183,0.002,0.541,8.470,33.808
3541,5.020,1.468,17.802,0.133,0.188,0.002,0.505,8.304,33.412
3542,4.636,1.576,20.858,0.129,0.186,0.002,0.528,8.667,36.585
3543,4.361,1.731,18.635,0.137,0.196,0.002,0.543,8.517,34.126
3544,5.152,1.640,18.336,0.135,0.187,0.002,0.501,8.366,34.325
3545,3.938,1.406,16.639,0.129,0.186,0.003,0.501,8.155,30.947
3546,4.214,1.595,17.852,0.128,0.181,0.002,0.509,8.327,32.816
3547,4.958,1.766,17.918,0.125,0.171,0.002,0.531,8.249,33.744
3548,4.272,1.475,17.692,0.134,0.177,0.002,0.532,8.217,32.508
3549,4.192,1.696,16.941,0.133,0.177,0.002,0.520,8.442,32.127
3550,4.248,1.459,17.529,0.129,0.182,0.002,0.517,8.213,32.281
3551,4.225,1.520,17.340,0.131,0.176,0.002,0.524,8.590,32.520
3552,4.244,1.447,17.268,0.130,0.173,0.002,0.523,8.263,32.068
3553,4.240,1.532,18.115,0.126,0.171,0.002,0.517,8.636,33.356
3554,5.010,1.471,17.603,0.143,0.180,0.002,0.499,8.295,33.188
3555,4.905,1.385,17.206,0.136,0.190,0.002,0.519,8.222,32.551
3556,4.366,2.950,18.026,0.133,0.187,0.002,0.525,8.300,34.487
3557,6.130,1.473,17.502,0.137,0.188,0.002,0.525,8.240,34.190
3558,4.597,1.522,17.901,0.137,0.184,0.003,0.550,8.230,33.118
3559,4.298,1.403,17.370,0.131,0.181,0.003,0.521,8.460,32.364
3560,4.883,1.476,18.110,0.139,0.198,0.002,0.548,8.282,33.611
3561,4.310,1.741,18.346,0.131,0.185,0.002,0.562,8.831,34.128
3562,4.509,1.503,18.616,0.141,0.194,0.002,0.501,8.141,33.575
3563,4.166,1.421,17.188,0.157,0.181,0.003,0.483,8.246,31.814
3564,4.315,1.468,22.976,0.128,0.178,0.002,0.500,8.249,37.819
3565,4.345,1.946,17.637,0.134,0.182,0.002,0.514,8.214,32.972
3566,4.767,1.727,17.773,0.132,0.189,0.002,0.514,8.252,33.348
3567,4.330,1.381,17.218,0.132,0.182,0.002,0.492,8.205,31.937
3568,4.448,1.451,17.454,0.139,0.195,0.002,0.507,8.401,32.578
3569,5.002,1.551,17.752,0.132,0.179,0.003,0.514,8.199,33.331
3570,4.316,1.504,17.682,0.142,0.198,0.002,0.519,8.503,32.850
3571,4.344,1.468,17.719,0.130,0.187,0.002,0.513,8.316,32.682
3572,5.066,1.516,22.588,0.131,0.184,0.002,0.512,8.370,38.369
3573,4.229,2.691,17.363,0.139,0.182,0.002,0.543,8.409,33.557
3574,4.795,1.475,17.470,0.131,0.184,0.002,0.512,8.280,32.846
3575,4.307,1.507,17.623,0.143,0.191,0.003,0.546,8.671,32.988
3576,4.503,1.732,17.808,0.142,0.202,0.002,0.522,8.287,33.167
3577,4.223,1.476,17.574,0.137,0.195,0.002,0.566,8.459,32.634
3578,4.310,1.422,17.640,0.133,0.178,0.003,0.548,8.319,32.579
3579,4.328,1.706,17.424,0.144,0.175,0.002,0.527,8.264,32.570
3580,4.884,1.721,17.689,0.135,0.185,0.002,0.539,8.556,33.727
3581,4.250,1.438,17.409,0.135,0.194,0.002,0.506,8.334,32.254
3582,4.974,1.600,17.469,0.130,0.182,0.002,0.531,8.624,33.515
3583,4.974,2.700,18.185,0.139,0.202,0.003,0.556,8.515,35.267
3584,4.259,1.450,20.661,0.128,0.188,0.002,0.522,8.250,35.463
3585,4.594,1.690,17.773,0.131,0.188,0.002,0.501,8.185,33.053
3586,4.284,1.406,17.579,0.134,0.183,0.002,0.523,8.478,32.574
3587,4.298,1.494,17.497,0.134,0.195,0.002,0.525,8.451,32.598
3588,4.354,1.457,25.393,0.142,0.183,0.002,0.511,8.312,40.345
3589,4.302,1.459,17.447,0.131,0.183,0.002,0.525,8.643,32.703
3590,4.714,1.695,17.642,0.139,0.197,0.002,0.565,8.336,33.282
3591,5.139,2.001,18.015,0.135,0.192,0.003,0.487,8.203,34.152
3592,4.181,1.655,18.097,0.129,0.182,0.002,0.508,8.609,33.363
3593,4.655,1.455,17.599,0.133,0.188,0.002,0.515,8.302,32.848
3594,4.605,1.476,17.513,0.132,0.188,0.002,0.550,8.422,32.904
3595,4.494,1.916,17.515,0.137,0.194,0.002,0.506,8.545,33.296
3596,4.814,1.511,23.383,0.139,0.199,0.002,0.539,8.211,38.792
3597,4.523,1.633,17.872,0.141,0.190,0.002,0.506,8.270,33.123
3598,4.663,1.448,17.285,0.258,0.182,0.002,0.517,8.213,32.444
3599,4.197,1.436,17.427,0.158,0.370,0.004,0.515,8.336,32.229
3600,4.208,1.615,17.237,0.131,0.191,0.002,0.484,8.230,32.089
3601,5.230,1.444,17.585,0.132,0.185,0.002,0.517,8.326,33.414
3602,4.695,1.467,17.778,0.131,0.188,0.002,0.539,8.384,33.198
3603,4.321,1.644,17.540,0.134,0.189,0.002,0.509,8.543,32.871
3604,4.355,1.491,19.646,0.143,0.189,0.002,0.551,8.382,34.748
3605,4.472,1.634,17.392,0.134,0.185,0.002,0.499,8.323,32.624
3606,4.704,1.431,17.928,0.138,0.185,0.002,0.527,8.508,33.418
3607,4.734,1.670,17.435,0.137,0.184,0.002,0.509,8.237,32.902
3608,4.281,1.485,23.192,0.137,0.190,0.002,0.569,8.243,38.118
3609,4.486,1.432,17.181,0.143,0.185,0.002,0.519,8.240,32.171
3610,4.800,1.665,17.284,0.131,0.194,0.002,0.506,8.562,33.136
3611,4.592,1.922,17.998,0.129,0.180,0.002,0.538,8.378,33.750
3612,4.650,1.484,20.600,0.130,0.177,0.002,0.511,8.224,35.790
3613,4.152,1.439,17.373,0.137,0.180,0.002,0.535,8.261,32.082
3614,4.798,1.401,17.865,0.131,0.182,0.002,0.538,8.579,33.521
3615,4.381,1.809,17.444,0.141,0.185,3.338,0.528,8.521,33.001
3616,4.662,1.478,23.827,0.133,0.178,0.002,0.503,8.120,38.904
3617,5.648,1.422,17.251,0.142,0.181,0.003,0.493,8.352,33.475
3618,4.326,1.716,17.610,0.141,0.198,0.003,0.517,8.277,32.765
3619,4.922,1.451,17.741,0.151,0.189,1.069,0.520,8.445,33.395
3620,4.228,1.516,18.335,0.179,0.181,0.003,0.568,8.583,33.566
3621,4.197,1.637,17.984,0.142,0.183,0.003,0.491,8.207,32.828
3622,4.721,1.474,17.829,0.141,0.181,0.003,0.518,8.260,33.126
3623,5.179,1.728,17.740,0.169,0.180,0.002,0.523,8.357,33.840
3624,4.353,1.458,18.449,0.131,0.174,0.002,0.521,8.376,33.467
3625,4.306,1.471,17.846,0.133,0.179,0.003,0.539,8.479,32.985
3626,4.792,1.410,18.033,0.131,0.188,0.002,0.553,8.786,33.910
3627,5.201,2.149,17.602,0.130,0.180,0.725,0.509,8.341,34.114
3628,4.446,1.494,21.175,0.132,0.169,0.002,0.558,8.572,36.579
3629,4.643,1.692,17.648,0.137,0.177,0.002,0.482,8.255,33.022
3630,4.629,1.438,17.420,0.133,0.175,0.002,0.521,8.217,32.553
3631,4.335,1.500,17.401,0.134,0.182,0.998,0.523,8.217,32.291
3632,4.373,1.796,17.946,0.186,0.183,0.003,0.550,8.477,33.480
3633,4.246,1.438,17.572,0.136,0.187,0.003,0.493,8.245,32.310
3634,4.617,1.445,17.760,0.136,0.185,0.002,0.531,8.271,32.954
3635,4.610,2.975,18.299,0.138,0.179,0.002,0.522,8.269,34.997
3636,5.144,1.503,21.085,0.133,0.186,0.002,0.503,8.254,36.785
3637,4.214,1.742,17.669,0.136,0.180,0.002,0.497,8.277,32.707
3638,4.651,1.433,17.889,0.134,0.179,0.003,0.516,8.290,33.095
3639,4.946,1.475,22.132,0.131,0.174,0.002,0.533,8.373,37.783
3640,4.412,1.734,20.448,0.133,0.181,0.002,0.563,8.431,35.920
3641,4.586,1.466,17.422,0.137,0.181,0.002,0.554,8.317,32.658
3642,4.362,1.450,17.658,0.136,0.181,0.002,0.546,8.449,32.808
3643,4.631,1.564,21.766,0.142,0.191,0.002,0.570,8.620,37.489
3644,4.445,1.541,17.343,0.137,0.181,0.717,0.511,8.223,32.369
3645,4.559,1.684,17.458,0.138,0.181,21.926,0.521,8.223,32.751
3646,4.388,1.439,17.454,0.138,0.181,0.003,0.527,8.303,32.425
3647,4.306,4.172,23.373,0.132,0.177,0.002,0.567,8.729,41.473
3648,5.087,1.454,18.798,0.136,0.182,0.002,0.554,8.258,34.461
3649,5.344,1.468,17.670,0.158,0.198,0.003,0.553,8.587,33.958
3650,5.048,1.491,18.081,0.136,0.179,0.002,0.553,8.893,34.405
3651,4.323,1.694,17.911,0.135,0.184,0.002,0.565,8.438,33.275
3652,5.770,1.450,17.870,0.141,0.179,0.002,0.513,8.306,34.228
3653,5.031,1.694,18.909,0.148,0.182,0.002,0.518,8.524,34.991
3654,4.728,1.713,18.324,0.137,0.181,0.002,0.511,8.325,33.908
3655,4.707,2.455,19.267,0.159,0.183,0.003,0.558,8.517,35.840
3656,4.625,2.070,17.802,0.138,0.186,0.004,0.519,8.192,33.547
3657,4.296,1.445,17.735,0.138,0.186,0.003,0.486,8.165,32.437
3658,4.440,1.450,17.519,0.138,0.159,1.072,0.505,8.672,32.905
3659,4.837,1.791,20.030,0.139,0.174,0.757,0.530,8.501,36.009
3660,4.190,1.700,17.513,0.143,0.190,0.017,0.531,8.232,32.493
3661,5.000,1.473,17.725,0.148,0.191,0.003,0.524,8.278,33.310
3662,4.564,1.752,17.806,0.143,0.175,0.003,0.517,8.251,33.217
3663,5.130,1.500,17.577,0.142,0.181,0.002,0.554,8.430,33.523
3664,4.184,1.458,17.533,0.141,0.183,0.002,0.547,8.241,32.302
3665,4.308,1.485,17.421,0.141,0.183,1.446,0.531,8.258,32.327
3666,4.466,2.628,17.730,0.142,0.180,0.002,0.509,8.288,33.938
3667,4.729,1.715,19.541,0.144,0.182,0.003,0.515,8.173,34.983
3668,4.249,1.656,17.193,0.146,0.204,0.003,0.516,8.642,32.574
3669,4.289,1.558,17.368,0.148,0.184,0.002,0.560,8.344,32.454
3670,4.617,1.467,17.296,0.145,0.190,0.003,0.513,8.717,32.928
3671,4.836,1.853,18.548,0.152,0.190,0.003,0.487,8.571,34.605
3672,4.496,1.633,18.228,0.151,0.209,1.925,0.535,8.277,33.511
3673,4.789,1.618,17.603,0.145,0.182,0.002,0.528,8.215,33.068
3674,4.380,2.408,17.747,0.153,0.169,0.686,0.567,8.514,33.953
3675,4.507,1.805,18.285,0.154,0.164,0.003,0.574,8.445,33.972
3676,4.326,1.647,17.912,0.146,0.163,0.002,0.503,8.222,32.919
3677,4.375,1.604,17.567,0.145,0.164,0.002,0.512,8.471,32.841
3678,4.319,1.576,17.643,0.145,0.157,0.002,0.553,8.273,32.701
3679,5.105,1.499,19.406,0.151,0.139,1.737,0.505,8.229,35.060
3680,4.156,1.394,17.351,0.144,0.136,0.002,0.525,8.586,32.326
3681,4.305,1.617,17.449,0.151,0.143,0.003,0.521,8.431,32.647
3682,4.276,1.430,17.308,0.148,0.146,0.003,0.531,8.225,32.089
3683,4.291,1.508,18.194,0.153,0.158,0.907,0.568,8.621,33.517
3684,4.529,1.662,17.778,0.155,0.159,0.002,0.507,8.218,33.018
3685,4.247,1.501,17.900,0.153,0.214,1.897,0.513,8.222,32.701
3686,4.415,2.050,18.185,0.153,0.208,0.002,0.500,8.272,33.734
3687,5.501,2.481,18.452,0.157,0.188,0.759,0.508,8.172,35.413
3688,4.257,1.481,17.287,0.147,0.183,0.003,0.528,8.193,32.059
3689,4.352,1.486,17.500,0.152,0.188,0.002,0.512,8.305,32.469
3690,4.681,1.445,17.313,0.156,0.190,0.002,0.518,8.429,32.701
3691,4.513,1.482,18.138,0.143,0.182,0.002,0.515,8.628,33.587
3692,4.243,1.419,17.283,0.152,0.180,0.713,0.503,8.403,32.157
3693,4.488,1.485,17.395,0.151,0.178,0.002,0.495,8.218,32.382
3694,4.412,1.513,17.612,0.151,0.177,0.002,0.523,8.525,32.911
3695,4.404,1.491,18.157,0.151,0.180,0.002,0.545,8.489,33.415
3696,4.160,1.618,17.732,0.153,0.173,0.002,0.525,8.712,33.071
3697,4.863,1.546,20.808,0.154,0.174,1.220,0.595,8.312,36.453
3698,4.349,2.099,17.867,0.157,0.176,0.704,0.545,8.228,33.414
3699,4.614,1.499,19.349,0.156,0.182,0.002,0.514,8.325,34.619
3700,4.288,1.443,17.700,0.154,0.166,0.672,0.553,8.272,32.597
3701,4.416,1.499,17.997,0.156,0.179,0.826,0.514,8.338,33.083
3702,4.484,1.492,17.662,0.151,0.174,0.002,0.553,8.569,33.098
3703,5.362,1.504,18.063,0.156,0.175,0.002,0.545,8.513,34.330
3704,4.237,1.670,17.293,0.161,0.186,0.003,0.512,8.319,32.339
3705,4.425,1.698,17.827,0.152,0.180,0.002,0.511,8.208,32.988
3706,4.426,1.448,17.692,0.156,0.179,0.002,0.530,8.222,32.641
3707,4.919,1.513,17.997,0.152,0.176,0.002,0.509,8.830,34.085
3708,5.050,1.460,21.746,0.152,0.173,0.002,0.562,8.327,37.484
3709,4.430,1.624,18.636,0.154,0.174,0.002,0.516,8.271,33.790
3710,4.702,1.748,17.738,0.153,0.175,0.002,0.566,8.261,33.360
3711,4.695,1.466,17.800,0.176,0.178,0.003,0.502,8.365,33.148
3712,4.433,1.460,17.937,0.160,0.173,0.002,0.522,8.253,32.922
3713,4.640,1.467,18.084,0.153,0.177,0.002,0.519,8.313,33.347
3714,4.401,1.760,17.553,0.155,0.178,0.002,0.514,8.454,33.001
3715,4.396,1.552,21.397,0.156,0.177,0.002,0.564,8.345,36.593
3716,4.176,1.431,17.782,0.153,0.176,0.002,0.569,8.430,32.737
3717,4.311,1.495,17.925,0.158,0.191,0.003,0.538,8.646,33.251
3718,4.521,1.923,17.470,0.150,0.178,0.002,0.516,7.825,32.570
3719,4.370,1.696,22.010,0.164,0.174,0.782,0.528,8.263,37.188
3720,4.026,1.439,17.673,0.153,0.158,0.002,0.519,8.212,32.192
3721,6.578,1.478,17.766,0.155,0.167,0.002,0.529,8.568,35.251
3722,4.281,1.705,17.816,0.160,0.168,0.002,0.506,8.363,32.985
3723,4.613,1.768,18.106,0.156,0.164,0.002,0.549,8.442,33.823
3724,4.934,1.437,17.665,0.157,0.159,0.002,0.515,8.272,33.142
3725,4.335,1.496,17.327,0.157,0.162,0.003,0.528,8.180,32.188
3726,4.456,1.840,17.627,0.164,0.167,0.002,0.518,8.422,33.184
3727,4.485,1.528,17.707,0.154,0.166,0.003,0.535,8.471,33.057
3728,4.154,1.478,19.461,0.156,0.162,0.002,0.547,8.301,34.268
3729,4.247,1.463,17.628,0.153,0.159,0.002,0.518,8.482,32.656
3730,4.360,1.425,17.876,0.150,0.162,0.002,0.554,8.504,33.058
3731,4.385,1.534,19.230,0.177,0.174,0.003,0.504,8.278,34.262
3732,5.330,1.637,17.706,0.158,0.162,0.003,0.524,8.177,33.687
3733,4.294,1.510,17.409,0.155,0.166,0.002,0.508,8.271,32.317
3734,4.860,1.744,17.923,0.154,0.164,0.002,0.535,8.234,33.618
3735,4.619,1.761,18.151,0.161,0.166,0.002,0.564,8.501,33.931
3736,4.221,1.420,17.891,0.160,0.160,0.002,0.553,8.306,32.733
3737,5.532,2.108,19.366,0.160,0.167,0.002,0.541,8.728,36.609
3738,4.572,1.899,25.394,0.157,0.174,0.002,0.537,8.424,41.268
3739,12.980,1.953,37.412,0.163,0.171,0.003,1.273,9.091,63.242
3740,4.336,2.069,18.867,0.162,0.169,0.002,0.515,8.269,34.381
3741,4.758,1.462,17.881,0.148,0.160,0.002,0.549,8.557,33.527
3742,4.706,1.724,17.898,0.156,0.161,0.002,0.563,8.549,33.763
3743,4.415,1.744,18.437,0.161,0.174,0.002,0.533,8.407,33.863
3744,4.339,1.646,33.097,0.167,0.174,0.002,0.548,9.126,49.091
3745,5.633,2.371,18.259,0.149,0.160,0.002,0.533,8.353,35.471
3746,4.304,2.338,17.639,0.148,0.185,0.801,0.528,8.406,33.540
3747,5.270,1.721,19.427,0.153,0.192,0.002,0.529,8.302,35.573
3748,4.243,1.692,18.442,0.156,0.191,0.003,0.536,8.512,33.756
3749,4.424,1.748,17.911,0.162,0.190,0.002,0.543,8.561,33.517
3750,4.836,1.989,17.379,0.178,0.196,0.005,0.517,8.285,33.333
3751,4.408,1.705,17.820,0.189,0.198,0.003,0.544,8.190,32.979
3752,4.185,1.470,17.927,0.180,0.209,0.003,0.513,8.839,33.244
3753,5.234,1.649,19.679,0.156,0.189,0.003,0.531,8.239,35.652
3754,4.460,1.920,19.250,0.167,0.192,0.002,0.514,8.287,34.746
3755,4.653,1.858,23.898,0.165,0.191,0.003,19.256,8.519,61.850
3756,4.291,2.283,19.571,0.162,0.159,1.401,0.548,8.762,35.771
3757,4.770,2.547,22.504,0.163,0.158,0.003,0.564,9.660,40.373
3758,4.740,2.359,23.431,0.173,0.208,0.989,0.535,8.249,39.656
3759,4.903,4.543,24.006,0.152,0.193,0.003,18.603,14.906,68.374
3760,5.393,4.834,21.657,0.162,0.191,0.002,0.602,8.242,41.093
3761,4.552,3.233,18.595,0.156,0.187,0.002,0.544,8.400,35.652
3762,4.665,2.673,17.661,0.155,0.186,0.002,0.539,8.581,34.444
3763,4.869,2.184,19.421,0.160,0.185,0.003,0.543,8.297,35.665
3764,4.497,1.843,17.543,0.162,0.201,0.002,0.555,8.367,33.113
3765,4.830,2.617,17.430,0.157,0.192,0.002,0.528,8.242,33.962
3766,4.909,3.323,17.729,0.159,0.189,0.003,0.546,8.387,35.215
3767,4.914,1.718,23.779,0.152,0.188,0.002,10.758,8.329,50.534
3768,4.949,1.765,18.802,0.166,0.203,0.003,0.551,8.401,34.773
3769,4.727,1.973,20.174,0.158,0.197,0.002,0.530,8.270,35.992
3770,5.036,1.666,18.236,0.157,0.186,0.003,0.535,8.501,34.285
3771,4.608,2.011,18.536,0.154,0.191,0.003,10.064,8.230,44.765
3772,5.784,2.295,18.802,0.167,0.209,0.003,0.518,8.417,36.189
3773,4.644,2.508,17.788,0.162,0.197,0.003,0.526,8.639,34.432
3774,4.739,1.832,17.823,0.158,0.203,0.003,0.523,8.613,33.855
3775,4.586,3.960,20.870,0.167,0.193,0.003,0.517,8.401,38.654
3776,5.101,1.892,17.602,0.150,0.159,1.264,0.549,8.364,33.830
3777,4.786,2.275,17.336,0.154,0.158,0.002,0.517,8.249,33.483
3778,4.443,2.089,17.736,0.156,0.159,0.002,0.529,8.259,33.373
3779,4.363,2.012,20.263,0.169,0.162,0.002,0.503,8.203,35.652
3780,3.929,1.936,18.162,0.162,0.197,0.744,0.524,8.306,33.173
3781,4.326,2.300,20.533,0.152,0.196,0.002,0.545,8.303,36.329
3782,4.764,2.108,18.127,0.153,0.194,0.002,0.520,8.253,34.092
3783,5.436,2.568,20.262,0.164,0.191,0.003,0.577,8.365,37.545
3784,5.063,1.705,17.711,0.153,0.192,0.003,10.271,8.285,44.070
3785,4.164,1.791,18.699,0.149,0.192,0.002,10.725,8.569,66.195
3786,4.554,1.880,17.038,0.152,0.191,0.002,0.535,8.259,32.589
3787,4.364,2.089,17.917,0.161,0.210,0.003,0.484,8.242,33.409
3788,4.547,1.638,17.820,0.154,0.195,0.002,0.529,8.249,33.105
3789,4.448,2.076,18.233,0.151,0.191,0.002,0.556,8.611,34.283
3790,4.325,2.166,17.851,0.163,0.207,0.003,0.507,8.292,33.460
3791,5.312,2.054,20.329,0.153,0.193,0.003,0.535,8.268,36.820
3792,4.364,1.812,18.875,0.157,0.195,0.003,0.530,8.411,34.317
3793,4.407,2.262,18.195,0.151,0.191,0.003,0.516,8.572,34.287
3794,4.699,1.810,19.624,0.163,0.176,0.979,0.523,8.514,35.491
3795,4.979,2.418,18.673,0.152,0.165,0.002,0.592,8.547,35.556
3796,4.794,2.652,28.214,0.160,0.176,0.003,0.540,8.600,45.129
3797,5.714,2.322,19.932,0.151,0.162,0.002,0.551,9.160,38.007
3798,4.751,2.566,18.319,0.159,0.174,0.002,10.159,8.266,45.431
3799,4.223,2.124,17.963,0.163,0.168,0.002,9.609,8.598,43.589
3800,4.185,2.000,19.011,0.151,0.181,1.399,0.542,8.302,34.390
3801,4.862,1.510,17.874,0.157,0.200,0.737,0.522,8.409,33.520
3802,4.457,1.674,19.101,0.168,0.196,0.003,0.546,8.706,34.805
3803,4.376,1.663,20.601,0.155,0.199,0.002,0.539,8.553,36.057
3804,4.427,2.007,24.792,0.158,0.211,0.004,0.540,8.273,40.366
3805,5.790,1.998,19.159,0.148,0.197,0.002,10.353,8.274,47.344
3806,4.368,2.626,17.590,0.152,0.198,0.006,0.524,8.273,33.706
3807,5.546,2.370,18.486,0.167,0.200,0.002,0.544,8.223,35.498
3808,4.321,1.883,18.441,0.153,0.196,0.002,0.575,8.398,33.973
3809,4.352,2.034,18.071,0.158,0.208,0.002,0.548,8.321,33.662
3810,5.050,1.484,17.620,0.157,0.198,0.002,0.541,8.621,33.655
3811,5.347,1.544,17.659,0.156,0.207,0.003,0.519,8.308,33.723
3812,4.777,1.493,20.992,0.150,0.193,0.002,9.145,8.254,46.946
3813,4.509,1.499,17.623,0.151,0.193,0.002,0.545,8.545,33.050
3814,5.019,1.592,72.603,0.169,0.206,0.003,0.657,16.125,97.006
3815,5.493,1.781,20.219,0.155,0.197,0.003,0.523,8.619,36.957
3816,4.878,1.501,19.003,0.158,0.205,0.002,0.501,8.239,34.434
3817,5.146,1.448,17.628,0.146,0.191,0.003,0.512,8.252,33.299
3818,4.844,1.706,18.363,0.157,0.207,0.002,0.528,8.589,34.334
3819,4.392,1.854,18.465,0.146,0.190,0.002,10.388,8.274,45.401
3820,4.350,1.438,18.860,0.152,0.193,0.003,0.496,8.224,33.651
3821,4.385,2.040,19.913,0.147,0.175,0.751,0.535,8.329,35.498
3822,5.171,1.552,18.130,0.152,0.179,0.002,0.540,8.256,33.949
3823,4.694,1.485,17.930,0.149,0.178,0.003,0.530,8.280,34.137
3824,4.570,1.535,19.657,0.153,0.182,0.002,0.538,8.370,34.988
3825,4.228,1.702,18.171,0.148,0.179,0.002,9.774,8.287,44.427
3826,4.290,1.430,17.614,0.148,0.179,0.002,0.497,8.354,32.550
3827,4.408,1.720,18.044,0.162,0.193,0.002,9.750,8.510,43.537
3828,4.241,2.044,17.960,0.150,0.179,0.002,0.523,8.561,33.665
3829,5.040,1.780,17.843,0.158,0.192,0.002,0.515,8.336,33.858
3830,4.607,1.858,18.243,0.157,0.190,0.002,0.511,8.270,33.838
3831,4.741,2.310,17.578,0.159,0.191,0.003,0.495,8.185,33.636
3832,4.605,1.675,19.000,0.147,0.180,0.003,8.929,8.274,43.529
3833,4.152,1.498,17.503,0.148,0.181,0.002,0.504,8.351,32.340
3834,4.328,1.871,17.763,0.152,0.178,0.002,0.511,8.520,33.324
3835,4.554,2.766,17.843,0.186,0.293,0.003,0.533,8.493,34.524
3836,4.583,1.548,22.207,0.156,0.184,0.003,0.501,8.256,37.424
3837,4.317,1.971,17.777,0.162,0.187,0.003,0.509,8.269,34.393
3838,5.003,2.049,18.237,0.204,0.198,0.934,0.520,8.367,35.214
3839,4.898,2.196,18.026,0.281,0.184,0.002,0.529,8.356,34.347
3840,4.412,1.933,19.645,0.159,0.185,0.003,0.522,8.231,35.737
3841,4.386,2.429,17.796,0.153,0.192,0.002,0.525,8.194,34.492
3842,4.468,1.467,18.186,0.182,0.243,0.004,0.523,8.287,33.260
3843,4.563,1.618,18.002,0.151,0.179,0.002,0.534,8.385,33.437
3844,4.616,1.619,22.095,0.155,0.182,0.002,0.545,8.406,37.632
3845,4.286,2.120,17.600,0.158,0.184,0.003,0.531,8.539,33.411
3846,4.692,1.882,18.133,0.149,0.181,0.002,0.517,8.253,33.815
3847,4.629,2.276,18.358,0.157,0.184,0.002,0.522,8.338,34.455
3848,4.663,1.539,23.853,0.159,0.182,0.003,0.520,8.310,39.212
3849,4.422,1.682,18.393,0.150,0.181,0.002,0.522,8.271,33.620
3850,4.838,1.539,17.868,0.154,0.185,0.003,0.551,8.219,33.346
3851,4.935,1.805,20.101,0.162,0.184,0.003,0.574,8.442,36.216
3852,4.621,1.571,18.540,0.162,0.186,0.003,0.530,8.324,33.922
3853,4.808,1.563,17.630,0.152,0.180,0.002,0.524,8.475,33.334
3854,4.347,1.450,18.234,0.159,0.185,0.003,0.526,8.341,33.234
3855,5.136,1.447,18.126,0.160,0.198,0.002,0.526,8.262,33.833
3856,5.075,2.650,25.213,0.160,0.204,0.003,0.519,8.449,42.238
3857,4.265,1.631,17.685,0.152,0.180,0.003,0.536,8.575,33.045
3858,4.735,1.767,18.208,0.151,0.184,0.002,0.517,8.325,33.886
3859,4.599,1.762,17.666,0.152,0.178,0.003,9.870,8.300,43.317
3860,4.780,1.453,17.703,0.151,0.183,0.003,0.510,8.187,32.948
3861,4.221,1.721,17.942,0.158,0.196,0.003,0.506,8.312,33.026
3862,5.334,1.422,19.529,0.152,0.184,0.003,0.536,8.484,35.637
3863,4.933,1.855,19.585,0.171,0.198,0.003,0.529,8.431,35.655
3864,6.203,2.542,21.899,0.150,0.182,0.002,0.536,8.632,40.132
3865,4.820,1.695,18.676,0.147,0.177,0.002,0.564,8.391,34.470
3866,4.466,2.042,19.564,0.159,0.185,0.003,0.532,8.344,35.284
3867,4.551,1.616,18.834,0.152,0.183,0.002,0.542,8.535,34.402
3868,5.536,1.693,22.534,0.149,0.182,0.002,0.547,8.682,39.313
3869,4.626,1.650,17.846,0.157,0.184,0.003,0.529,8.322,33.290
3870,4.746,1.770,17.496,0.157,0.198,0.002,0.515,8.502,33.345
3871,4.343,1.691,18.146,0.147,0.182,0.002,0.543,8.281,33.359
3872,4.973,1.852,19.832,0.148,0.177,0.002,0.550,8.667,36.196
3873,4.485,1.462,17.946,0.156,0.199,0.002,0.539,8.228,32.984
3874,5.043,2.139,19.541,0.150,0.176,0.002,0.534,8.446,36.025
3875,4.590,1.845,20.353,0.154,0.197,0.002,0.547,9.039,36.704
3876,5.304,1.566,21.765,0.155,0.197,0.002,0.534,8.699,38.191
3877,5.408,1.730,18.269,0.154,0.196,0.002,0.550,8.506,34.793
3878,4.947,1.709,17.583,0.153,0.187,0.003,0.565,8.845,33.984
3879,4.672,1.782,17.732,0.149,0.189,0.002,0.555,8.541,33.620
3880,4.402,1.726,21.685,0.147,0.180,0.003,0.559,8.590,37.297
3881,4.470,1.715,17.695,0.146,0.196,0.002,0.510,8.318,33.019
3882,4.797,1.495,18.431,0.149,0.178,0.002,0.528,8.599,34.171
3883,4.475,2.571,18.348,0.146,0.177,0.002,0.556,8.517,34.805
3884,5.390,1.573,21.921,0.164,0.193,0.003,0.535,8.542,38.305
3885,4.553,1.559,17.589,0.142,0.177,0.002,0.519,8.247,32.779
3886,4.496,1.492,17.528,0.164,0.204,0.003,9.919,8.222,42.792
3887,5.361,1.768,18.010,0.162,0.186,0.756,0.510,8.213,34.211
3888,5.053,1.755,22.251,0.147,0.169,0.002,0.507,8.921,38.838
3889,18.084,2.051,29.821,0.155,0.177,0.002,0.548,8.664,59.525
3890,4.653,2.072,22.332,0.202,0.176,0.011,1.136,8.457,39.032
3891,5.994,3.726,27.404,0.339,0.178,0.003,0.596,8.402,46.513
3892,6.314,2.214,25.605,0.150,0.171,0.002,0.563,8.411,43.499
3893,4.604,2.500,18.024,0.149,0.172,0.002,0.523,8.299,34.299
3894,4.412,3.038,18.422,0.154,0.172,0.003,0.572,8.625,35.433
3895,5.372,2.208,19.425,0.150,0.178,0.002,0.543,8.760,36.668
3896,4.934,2.771,22.794,0.148,0.179,0.002,10.066,8.176,50.464
3897,4.606,1.814,17.895,0.147,0.171,0.002,0.526,8.488,33.653
3898,5.036,2.661,19.103,0.157,0.166,0.003,10.575,8.366,47.112
3899,5.010,2.011,17.931,0.148,0.169,0.002,0.539,8.274,34.114
3900,4.000,3.819,19.717,0.155,0.184,0.003,0.568,8.302,36.764
3901,5.001,2.284,19.001,0.145,0.172,0.003,0.525,8.274,35.431
3902,4.765,1.655,18.732,0.157,0.179,0.003,0.534,8.476,34.505
3903,5.752,1.946,17.898,0.159,0.179,0.003,0.529,8.341,34.816
3904,4.724,1.958,22.374,0.159,0.173,0.002,0.544,8.668,38.634
3905,4.805,1.705,17.921,0.148,0.165,0.002,0.534,8.550,33.866
3906,4.447,2.060,17.710,0.144,0.165,0.002,0.528,8.622,33.719
3907,4.475,2.217,17.764,0.158,0.170,0.003,0.530,8.381,33.710
3908,5.695,2.405,21.071,0.157,0.172,0.003,0.613,8.705,38.863
3909,4.495,2.822,18.109,0.143,0.164,0.002,0.531,8.224,34.540
3910,4.810,4.672,17.781,0.150,0.172,0.002,0.517,8.574,36.701
3911,5.765,2.263,17.656,0.147,0.167,0.002,0.519,8.290,34.844
3912,4.511,2.573,20.209,0.149,0.170,0.003,0.535,8.597,36.804
3913,4.855,2.443,17.619,0.156,0.172,0.003,0.566,8.683,34.529
3914,5.364,2.291,17.799,0.164,0.169,0.002,0.559,8.471,34.848
3915,4.590,2.166,18.269,0.150,0.164,0.003,0.555,8.631,34.575
3916,4.359,2.250,19.121,0.151,0.165,0.003,9.950,8.262,45.516
3917,4.683,3.353,18.392,0.156,0.168,0.002,0.528,8.256,35.527
3918,4.404,1.580,18.449,0.151,0.170,0.002,0.521,9.986,35.258
3919,4.733,2.357,18.077,0.149,0.166,0.002,0.514,8.384,34.398
3920,6.325,2.115,21.422,0.157,0.185,0.003,10.086,9.296,50.351
3921,5.026,1.803,17.964,0.159,0.173,0.004,0.520,8.307,33.971
3922,4.633,2.185,17.717,0.155,0.169,0.002,0.503,8.651,34.040
3923,5.057,2.813,18.550,0.173,0.176,0.003,0.543,8.363,35.686
3924,5.269,1.744,18.666,0.157,0.168,0.002,0.524,8.288,34.838
3925,4.166,1.662,18.410,0.150,0.170,0.002,0.496,8.281,33.361
3926,4.725,2.481,18.495,0.150,0.166,0.002,0.502,8.285,34.835
3927,4.614,2.047,17.750,0.149,0.165,0.002,0.564,8.380,33.731
3928,4.400,1.604,22.588,0.149,0.166,0.003,0.521,8.450,37.917
3929,4.508,1.538,17.795,0.151,0.225,0.003,0.523,8.266,32.975
3930,4.689,2.280,18.071,0.151,0.166,0.003,0.560,8.412,34.387
3931,5.447,6.151,17.602,0.156,0.180,0.002,0.542,8.310,38.402
3932,4.657,2.038,22.285,0.146,0.169,0.002,0.543,8.228,38.107
3933,4.343,2.124,17.703,0.261,0.178,0.002,0.523,8.226,33.265
3934,4.633,2.156,17.981,0.150,0.176,0.002,11.381,8.477,45.945
3935,5.003,6.239,18.012,0.149,0.169,0.003,0.525,8.314,38.414
3936,4.169,2.343,18.187,0.155,0.181,0.002,0.562,8.533,34.132
3937,4.262,1.920,17.433,0.154,0.160,0.003,0.510,8.245,32.687
3938,4.620,1.969,18.443,0.150,0.167,0.003,0.556,8.234,34.157
3939,4.350,2.475,17.797,0.146,0.168,0.002,0.531,8.350,33.838
3940,4.305,1.600,18.139,0.161,0.168,0.003,10.551,8.196,44.522
3941,4.121,2.237,18.468,0.148,0.164,0.003,0.510,8.275,34.706
3942,4.620,1.990,20.555,0.151,0.164,0.002,0.542,8.466,36.541
3943,5.374,3.527,19.883,0.144,0.163,0.003,0.550,8.342,38.033
3944,5.546,1.856,21.561,0.163,0.169,0.003,0.574,8.362,38.273
3945,4.513,1.852,17.802,0.166,0.171,0.002,0.527,8.484,33.526
3946,4.251,2.244,17.475,0.149,0.164,0.002,0.538,8.225,33.089
3947,4.366,1.556,17.981,0.156,0.170,0.002,0.531,8.269,33.072
3948,4.287,1.782,20.607,0.156,0.180,0.002,0.517,8.254,35.799
3949,4.784,1.664,22.686,0.158,0.176,0.002,0.529,8.708,38.739
3950,4.512,1.513,17.852,0.174,0.183,0.003,0.528,8.517,33.281
3951,4.543,1.688,18.281,0.145,0.161,0.002,0.551,8.611,34.040
3952,4.782,1.530,24.466,0.148,0.172,0.002,0.520,8.586,40.231
3953,4.269,1.483,17.464,0.151,0.169,0.003,0.528,8.221,32.314
3954,5.027,1.805,17.701,0.149,0.172,0.002,0.563,8.557,34.031
3955,4.963,1.957,18.082,0.146,0.173,0.002,0.509,8.624,34.489
3956,4.700,1.882,19.752,0.154,0.172,0.002,0.559,8.690,35.948
3957,4.427,1.657,17.373,0.146,0.174,0.002,0.526,8.590,32.912
3958,4.575,1.889,18.095,0.157,0.187,0.002,0.548,8.672,34.146
3959,4.585,3.139,17.778,0.148,0.168,0.003,0.512,8.300,34.654
3960,4.359,1.726,19.418,0.157,0.173,0.002,0.537,8.363,34.750
3961,4.387,1.561,18.297,0.147,0.162,0.003,0.549,8.530,34.398
3962,4.768,2.164,18.772,0.159,0.180,0.003,0.523,8.216,34.777
3963,5.063,1.715,18.005,0.147,0.164,0.002,0.546,8.354,34.014
3964,5.524,1.873,24.044,0.148,0.162,0.002,0.506,8.771,41.055
3965,4.183,1.506,17.805,0.148,0.164,0.002,0.527,8.438,32.790
3966,4.754,1.510,17.601,0.148,0.161,0.003,0.532,8.247,32.975
3967,4.719,2.773,18.271,0.147,0.157,0.003,0.557,8.584,35.261
3968,4.768,1.772,22.394,0.147,0.160,0.003,0.500,8.336,38.103
3969,4.497,1.541,17.886,0.148,0.159,0.002,0.544,8.546,33.368
3970,4.723,1.439,19.245,0.149,0.170,0.003,0.547,8.536,34.841
3971,4.388,1.928,18.030,0.145,0.167,0.002,0.566,8.568,33.832
3972,4.787,1.830,24.736,0.147,0.170,0.002,0.509,8.341,40.534
3973,4.410,1.503,17.870,0.155,0.167,0.003,0.498,8.197,32.812
3974,4.700,1.503,17.633,0.147,0.169,0.002,0.522,8.231,32.923
3975,4.651,1.728,25.898,0.149,0.167,0.002,0.630,11.349,44.740
3976,5.802,1.804,27.813,0.151,0.163,0.002,0.603,8.332,44.698
3977,4.754,2.068,21.282,0.154,0.169,0.002,0.567,9.030,38.055
3978,6.630,3.373,45.059,0.154,0.166,0.003,18.461,10.023,84.885
3979,8.827,6.823,35.447,0.146,0.169,0.002,0.596,9.128,61.290
3980,5.870,1.793,32.665,0.142,0.165,0.002,0.556,8.926,50.158
3981,6.225,3.994,23.271,0.144,0.166,0.002,0.534,9.581,43.957
3982,4.975,1.696,25.711,0.143,0.165,0.002,0.617,9.711,43.142
3983,7.234,2.358,23.363,0.146,0.174,0.003,0.555,8.655,42.498
3984,5.313,1.880,40.635,0.145,0.166,0.002,0.556,8.789,57.513
3985,5.977,3.102,19.537,0.142,0.167,0.002,0.618,8.674,38.255
3986,5.532,2.092,21.378,0.140,0.163,0.002,0.542,8.710,38.588
3987,4.829,2.737,20.857,0.147,0.174,0.002,0.547,9.330,38.647
3988,4.869,1.883,31.142,0.156,0.178,0.003,0.566,8.373,47.178
3989,4.855,1.875,18.055,0.154,0.179,0.816,0.528,8.228,33.875
3990,5.579,1.676,17.777,0.143,0.164,0.002,0.552,8.345,34.273
3991,4.379,2.122,23.179,0.145,0.169,0.002,0.575,9.752,40.359
3992,4.712,1.545,29.671,0.152,0.171,0.003,0.580,8.714,45.574
3993,5.042,2.438,17.706,0.148,0.163,0.003,0.557,8.365,34.444
3994,5.074,1.920,22.535,0.148,0.167,0.003,0.570,8.429,38.877
3995,4.674,2.284,18.830,0.170,0.179,0.004,0.547,8.394,35.090
3996,4.532,1.931,26.620,0.150,0.165,0.002,0.582,8.559,42.591
3997,4.510,2.295,17.663,0.150,0.165,0.003,0.536,8.237,33.576
3998,4.836,2.001,18.143,0.145,0.165,0.002,0.525,8.601,34.443
3999,4.363,1.914,17.938,0.164,0.180,0.003,0.544,8.443,33.535
4000,4.380,2.166,19.189,0.145,0.162,0.723,0.548,8.625,35.245
4001,4.383,1.871,18.062,0.147,0.163,0.002,0.546,8.452,33.672
4002,8.931,2.243,18.297,0.146,0.162,0.002,0.534,8.723,39.067
4003,6.676,5.592,21.109,0.142,0.162,0.002,0.579,8.332,42.661
4004,5.126,2.307,17.636,0.149,0.168,0.003,0.529,8.364,34.296
4005,4.735,2.427,17.409,0.143,0.166,0.954,0.522,8.501,33.921
4006,5.275,6.345,17.900,0.176,0.170,0.005,0.521,8.337,38.724
4007,4.405,2.291,18.280,0.149,0.165,0.002,0.528,8.751,34.593
4008,5.676,2.057,21.087,0.145,0.166,0.003,0.530,8.773,38.458
4009,5.357,2.455,20.166,0.144,0.164,0.002,0.514,8.406,37.244
4010,5.485,2.208,17.848,0.157,0.175,0.003,0.562,8.521,34.982
4011,5.085,2.480,17.975,0.144,0.160,0.002,0.520,8.290,34.683
4012,5.078,2.017,19.446,0.160,0.174,0.003,0.531,8.514,35.915
4013,5.020,2.190,17.778,0.140,0.160,0.002,0.544,8.620,34.511
4014,4.673,1.959,17.584,0.144,0.159,0.002,0.523,8.287,33.355
4015,5.738,2.218,17.924,0.151,0.171,0.003,0.570,8.630,35.433
4016,5.002,1.972,18.933,0.149,0.158,0.003,0.545,8.624,35.431
4017,4.594,2.234,18.155,0.147,0.162,0.003,0.557,8.489,34.381
4018,4.675,2.122,18.037,0.145,0.163,0.002,0.525,8.272,33.976
4019,4.858,2.473,17.928,0.170,0.161,0.002,0.531,8.263,34.394
4020,4.407,2.430,20.277,0.147,0.160,0.003,0.513,8.593,36.550
4021,4.533,2.421,18.222,0.141,0.164,0.003,0.571,9.235,35.328
4022,4.839,1.949,18.015,0.146,0.161,0.002,0.525,8.230,33.890
4023,4.325,2.536,18.684,0.148,0.160,0.002,0.509,8.483,34.863
4024,4.862,2.643,18.046,0.152,0.172,0.002,0.577,8.734,35.225
4025,4.879,2.332,17.591,0.142,0.156,0.002,0.508,8.295,33.927
4026,4.267,2.747,18.326,0.152,0.171,0.002,0.588,8.314,34.616
4027,4.464,2.115,17.633,0.364,0.158,0.002,10.543,8.261,44.120
4028,4.298,1.666,18.190,0.149,0.159,0.002,0.512,8.293,33.278
4029,5.112,1.719,19.257,0.150,0.161,0.003,0.514,8.320,35.256
4030,8.982,2.448,76.786,0.160,0.176,0.003,0.773,8.540,97.923
4031,15.642,5.790,33.499,0.144,0.165,0.002,0.591,8.967,65.010
4032,5.197,1.928,29.173,0.148,0.159,0.002,0.531,8.518,45.670
4033,4.913,2.213,18.265,0.146,0.159,0.003,0.535,8.240,34.490
4034,5.052,1.826,18.549,0.153,0.161,0.002,0.566,8.401,34.722
4035,4.559,2.381,20.044,0.151,0.163,0.002,0.533,9.318,37.165
4036,6.001,1.954,20.892,0.143,0.165,0.003,0.528,8.374,38.080
4037,4.208,1.499,18.149,0.151,0.157,0.002,0.529,8.241,32.948
4038,4.968,5.121,18.597,0.144,0.159,0.002,0.553,8.369,37.936
4039,4.724,2.047,18.999,0.142,0.165,0.003,0.526,8.635,35.252
4040,4.673,2.150,18.934,0.153,0.170,0.002,0.588,8.484,35.170
4041,4.916,2.568,19.443,0.151,0.162,0.003,0.528,8.383,36.158
4042,4.740,1.950,19.570,0.151,0.153,0.805,0.563,8.461,35.624
4043,4.620,2.340,21.020,0.145,0.158,0.002,0.574,9.406,38.303
4044,5.103,18.302,18.494,0.150,0.155,0.003,0.563,8.489,51.287
4045,4.863,2.008,17.919,0.145,0.183,0.776,0.532,8.146,33.785
4046,4.609,2.665,19.049,0.144,0.180,0.002,0.513,8.807,35.957
4047,4.936,1.835,18.914,0.145,0.181,0.002,0.590,8.522,35.130
4048,5.943,1.565,21.165,0.144,0.179,0.003,0.576,8.524,38.107
4049,5.337,2.095,19.203,0.151,0.192,0.002,0.534,8.452,35.933
4050,5.039,1.773,20.557,0.158,0.178,0.002,0.540,8.239,36.473
4051,4.235,1.521,17.396,0.145,0.177,0.002,0.537,8.262,32.268
4052,5.025,1.552,17.869,0.145,0.180,0.002,0.541,8.251,33.561
4053,4.589,1.516,17.983,0.141,0.185,0.002,0.555,8.322,33.297
4054,4.359,1.511,18.663,0.140,0.179,0.002,0.555,9.030,34.455
4055,4.782,1.818,17.689,0.148,0.168,0.837,0.531,8.246,33.385
4056,4.343,1.856,18.488,0.147,0.159,0.003,0.556,9.048,34.612
4057,4.429,2.589,21.541,0.143,0.159,1.959,0.612,8.597,38.097
4058,5.373,1.917,20.486,0.143,0.158,0.002,0.536,8.467,37.103
4059,5.161,1.519,18.059,0.145,0.156,0.002,0.532,8.558,34.149
4060,4.732,1.612,19.209,0.144,0.158,0.002,0.590,8.530,35.019
4061,4.290,1.822,20.604,0.142,0.157,0.003,0.602,8.427,36.084
4062,5.519,1.810,24.057,0.152,0.175,0.002,0.539,8.536,40.789
4063,4.280,1.448,20.405,0.151,0.172,0.003,0.595,8.420,35.501
4064,5.419,2.226,37.045,0.140,0.165,0.003,0.610,10.389,56.019
4065,5.707,2.603,21.245,0.146,0.170,0.002,0.551,8.442,38.872
4066,4.797,1.639,18.981,0.147,0.161,0.003,0.541,8.719,34.996
4067,4.862,1.744,17.767,0.146,0.157,0.003,0.534,8.312,33.538
4068,4.352,2.308,19.154,0.142,0.155,0.002,0.595,8.621,35.349
4069,4.591,1.927,19.525,0.140,0.158,0.002,0.541,8.232,35.197
4070,5.023,1.680,19.954,0.269,0.163,0.003,0.548,9.078,36.605
4071,5.761,1.660,19.706,0.143,0.160,0.002,0.573,8.476,36.515
4072,4.667,1.852,23.555,0.146,0.162,0.003,0.541,8.319,39.252
4073,4.522,1.547,17.897,0.158,0.177,0.003,0.556,8.437,33.402
4074,4.544,1.807,19.219,0.145,0.158,0.002,0.516,10.344,36.759
4075,5.175,1.604,17.977,0.149,0.172,0.002,0.571,8.331,33.979
4076,4.610,1.519,19.641,0.152,0.177,0.003,0.571,8.415,35.095
4077,5.453,3.924,19.102,0.142,0.162,0.771,0.608,8.558,37.964
4078,5.020,1.880,25.121,0.142,0.149,0.002,0.567,8.782,41.692
4079,4.290,1.733,18.698,0.152,0.187,0.832,0.521,8.259,33.817
4080,4.213,1.674,20.565,0.182,0.194,0.008,0.563,8.374,35.722
4081,5.505,1.895,21.757,0.155,0.188,0.003,0.532,8.383,38.387
4082,5.439,2.099,21.327,0.153,0.187,0.003,0.536,8.412,38.132
4083,4.866,1.673,17.966,0.149,0.168,0.762,0.536,8.338,33.691
4084,4.459,1.732,21.689,0.146,0.161,0.891,0.597,8.328,37.141
4085,4.343,2.097,19.926,0.150,0.164,0.003,0.624,8.533,35.863
4086,5.508,2.437,22.873,0.152,0.165,0.002,0.524,8.878,40.536
4087,4.232,1.950,19.207,0.146,0.164,0.003,0.545,8.257,34.520
4088,4.412,1.776,20.598,0.147,0.163,0.002,0.566,8.548,36.239
4089,4.441,1.527,18.146,0.143,0.158,0.002,1.079,8.324,33.854
4090,5.578,1.961,17.918,0.150,0.162,0.003,0.567,8.358,34.743
4091,4.573,2.061,17.837,0.145,0.164,0.002,0.544,8.211,33.536
4092,4.355,1.889,18.297,0.152,0.173,0.002,0.542,8.285,33.690
4093,5.241,2.283,19.943,0.150,0.160,0.002,0.592,8.278,36.660
4094,5.641,2.114,18.979,0.146,0.160,0.002,0.524,8.289,35.872
4095,4.700,1.443,18.580,0.154,0.162,0.004,0.543,8.242,33.831
4096,5.384,2.225,19.052,0.146,0.164,0.006,0.528,8.323,35.847
4097,4.253,2.111,17.991,0.142,0.166,0.003,0.518,8.432,33.628
4098,4.465,2.486,19.715,0.162,0.171,0.002,0.571,8.365,35.949
4099,4.369,1.450,17.920,0.144,0.156,0.002,0.535,8.307,32.901
4100,4.575,1.623,18.751,0.152,0.177,0.002,0.566,8.413,34.260
4101,4.256,2.416,17.912,0.157,0.175,0.003,0.525,8.336,33.758
4102,4.352,2.485,21.013,0.150,0.165,0.002,0.557,8.206,36.955
4103,4.202,1.606,17.391,0.145,0.160,0.003,0.548,8.242,32.303
4104,4.344,2.223,17.483,0.141,0.154,0.002,0.522,8.248,33.133
4105,4.271,2.018,18.654,0.143,0.154,0.002,0.533,8.377,34.168
4106,4.928,2.013,18.932,0.144,0.158,0.002,0.535,8.279,34.999
4107,4.670,1.825,17.605,0.146,0.163,0.002,0.528,8.179,33.115
4108,4.335,1.914,18.801,0.144,0.155,0.002,0.528,8.313,34.200
4109,4.630,3.513,17.599,0.151,0.176,0.002,0.529,8.393,34.975
4110,5.439,2.498,19.896,0.153,0.180,0.002,0.539,8.555,37.249
4111,4.344,2.095,17.757,0.152,0.175,0.003,0.519,8.265,33.296
4112,4.180,2.148,20.073,0.153,0.177,0.002,0.547,8.284,35.552
4113,4.575,1.657,18.778,0.152,0.168,0.002,0.587,8.529,34.454
4114,4.609,2.081,19.080,0.153,0.162,0.003,0.524,8.287,34.901
4115,4.891,1.513,18.409,0.145,0.164,0.002,0.538,8.250,33.919
4116,4.232,1.785,20.026,0.148,0.165,0.003,0.525,8.711,35.596
4117,4.629,2.254,19.067,0.148,0.169,0.002,0.530,8.226,35.033
4118,4.357,1.898,23.281,0.147,0.159,0.003,0.568,8.303,38.732
4119,4.282,1.842,18.177,0.148,0.160,0.003,0.525,8.267,33.413
4120,4.935,1.884,21.839,0.161,0.177,0.003,0.522,8.518,38.009
4121,4.355,2.286,17.511,0.141,0.161,0.002,0.522,8.324,33.312
4122,4.675,1.508,17.293,0.145,0.161,0.003,0.520,8.267,32.574
4123,4.363,1.861,17.428,0.148,0.160,0.002,0.531,8.240,32.746
4124,4.213,1.892,18.082,0.152,0.170,0.002,0.516,8.368,33.386
4125,4.898,1.531,17.944,0.147,0.156,0.002,0.522,8.182,33.390
4126,4.419,1.937,17.818,0.140,0.158,0.002,0.535,8.196,33.211
4127,4.302,2.316,17.670,0.148,0.170,0.002,0.530,8.414,33.557
4128,5.178,1.618,20.297,0.167,0.169,0.004,0.563,8.586,36.579
4129,5.179,2.651,19.121,0.149,0.160,0.002,11.537,8.527,48.166
4130,4.335,1.697,17.919,0.146,0.163,0.002,0.512,8.205,32.978
4131,5.338,1.489,18.637,0.159,0.165,0.002,0.524,8.241,34.547
4132,5.485,1.870,20.214,0.141,0.159,0.003,0.540,8.342,36.779
4133,4.691,1.743,17.665,0.188,0.169,0.003,0.539,8.598,33.549
4134,5.388,1.584,18.739,0.147,0.158,0.003,0.517,8.453,34.999
4135,4.633,1.612,20.646,0.157,0.161,0.003,0.649,8.381,36.276
4136,4.318,1.842,18.108,0.146,0.156,0.003,0.538,8.317,33.442
4137,5.053,1.509,18.026,0.154,0.160,0.003,0.534,8.522,33.963
4138,4.456,1.936,18.568,0.150,0.161,0.002,0.558,8.479,34.311
4139,5.156,1.713,20.975,0.148,0.163,0.002,0.589,8.422,37.203
4140,4.289,1.482,18.558,0.155,0.160,0.003,10.311,8.152,43.822
4141,4.275,1.517,18.191,0.148,0.159,0.003,0.503,8.265,33.065
4142,4.545,1.645,17.967,0.145,0.160,0.002,0.520,8.346,33.332
4143,4.286,2.063,18.226,0.156,0.157,0.002,0.523,8.502,33.907
4144,5.018,1.690,18.659,0.142,0.166,0.003,0.536,8.561,34.784
4145,4.806,2.116,17.971,0.140,0.157,0.002,10.195,8.953,45.305
4146,6.323,2.340,25.210,0.143,0.162,0.002,0.573,8.733,43.533
4147,6.462,3.271,30.475,0.138,0.163,0.002,0.539,8.422,49.488
4148,4.312,2.243,21.371,0.153,0.172,0.002,0.520,8.247,37.009
4149,4.243,1.760,17.499,0.146,0.163,0.002,0.556,8.361,32.730
4150,4.624,1.503,18.043,0.142,0.164,0.002,0.554,8.254,33.315
4151,4.412,2.139,17.609,0.152,0.166,0.003,0.522,8.484,33.474
4152,5.176,1.775,18.683,0.164,0.167,0.003,0.611,8.567,35.149
4153,4.253,1.888,17.914,0.165,0.165,0.003,0.501,8.503,33.362
4154,4.369,2.014,17.903,0.146,0.166,0.003,0.524,8.407,33.523
4155,4.605,1.944,17.747,0.146,0.161,0.002,0.545,8.633,33.799
4156,4.944,1.533,26.811,0.146,0.160,0.002,0.527,8.411,42.537
4157,4.798,1.736,18.822,0.149,0.177,0.003,0.539,8.509,34.718
4158,4.861,1.997,19.375,0.143,0.161,0.003,0.538,8.556,35.639
4159,5.288,1.720,18.814,0.136,0.153,0.002,0.628,8.471,35.255
4160,4.582,1.825,22.576,0.143,0.162,0.002,0.537,8.306,38.136
4161,4.683,1.546,18.293,0.142,0.167,0.002,0.530,8.263,33.624
4162,4.585,1.517,18.121,0.141,0.162,0.002,0.537,8.273,33.344
4163,5.036,1.469,17.665,0.143,0.160,0.002,0.528,8.261,33.270
4164,4.951,1.510,19.073,0.152,0.171,0.003,0.571,8.423,34.855
4165,4.520,1.455,17.644,0.145,0.160,0.002,0.524,8.183,32.627
4166,4.665,1.457,18.296,0.148,0.175,0.002,0.551,8.222,33.517
4167,4.799,1.452,22.331,0.146,0.163,0.002,0.535,9.003,38.645
4168,5.437,1.757,32.192,0.143,0.164,0.002,0.562,9.046,49.306
4169,6.098,1.581,18.734,0.141,0.164,0.002,0.553,8.704,35.986
4170,4.782,2.045,20.148,0.140,0.163,0.002,0.569,8.595,36.479
4171,5.235,2.160,19.163,0.146,0.169,0.003,0.537,8.568,35.974
4172,5.608,1.799,31.829,0.149,0.176,0.003,0.550,8.303,48.400
4173,4.956,1.509,18.067,0.151,0.179,0.002,0.577,8.265,33.683
4174,4.491,1.487,19.023,0.139,0.164,0.002,0.578,8.673,34.570
4175,4.758,1.844,18.739,0.143,0.164,0.003,0.551,8.269,34.479
4176,4.916,1.545,24.231,0.139,0.162,0.002,0.532,8.571,40.107
4177,4.298,1.463,18.303,0.140,0.163,0.003,0.545,8.296,33.217
4178,4.617,1.727,17.864,0.148,0.170,0.003,0.541,8.355,33.411
4179,4.760,1.895,17.907,0.141,0.162,0.002,0.531,8.381,33.785
4180,4.980,1.472,19.885,0.150,0.169,0.002,0.541,9.043,36.247
4181,4.155,1.475,17.925,0.141,0.159,0.002,0.546,8.484,32.901
4182,4.589,1.712,18.430,0.140,0.156,0.003,11.171,8.356,45.368
4183,4.421,1.757,18.211,0.142,0.166,0.002,0.529,8.521,33.746
4184,4.205,1.493,18.808,0.155,0.158,0.003,0.559,8.691,34.065
4185,4.529,1.738,17.956,0.141,0.159,0.003,9.686,8.186,43.200
4186,4.229,1.699,18.092,0.163,0.168,0.003,0.534,8.268,33.150
4187,4.398,1.486,17.529,0.144,0.160,0.002,0.526,8.357,32.625
4188,4.865,1.807,22.337,0.164,0.166,0.004,0.527,8.304,38.167
4189,5.424,1.999,20.023,0.167,0.167,0.002,0.565,8.241,36.599
4190,4.586,1.677,18.254,0.143,0.162,0.003,0.516,8.342,33.715
4191,4.646,1.483,18.516,0.146,0.166,0.004,0.511,8.326,33.809
4192,5.158,1.490,21.119,0.146,0.172,0.869,0.558,8.487,37.141
4193,4.176,1.453,17.927,0.148,0.163,0.718,0.513,8.237,32.636
4194,4.695,1.520,17.857,0.160,0.223,0.003,0.510,8.321,33.226
4195,4.461,1.532,18.007,0.149,0.163,0.002,10.674,8.484,44.312
4196,4.387,1.570,84.349,0.148,0.165,0.002,0.568,8.189,99.372
4197,4.707,1.710,17.448,0.148,0.161,0.002,9.630,8.547,44.303
4198,4.261,1.724,17.741,0.148,0.166,0.859,0.533,8.395,32.958
4199,4.432,2.366,18.552,0.182,0.162,0.719,0.546,8.670,34.869
4200,4.244,1.689,19.441,0.149,0.153,0.002,0.561,7.552,33.792
4201,4.312,1.488,18.159,0.154,0.161,0.002,0.542,8.258,33.061
4202,5.644,1.468,17.745,0.151,0.155,0.004,0.582,8.597,34.366
4203,4.335,1.464,17.584,0.152,0.155,0.756,0.535,8.548,32.793
4204,4.378,1.617,17.885,0.143,0.168,0.717,0.527,8.752,33.468
4205,4.680,1.520,17.619,0.147,0.180,0.002,0.515,8.245,32.898
4206,5.272,1.433,17.841,0.147,0.174,0.002,0.530,8.330,33.716
4207,5.222,1.474,17.533,0.155,0.179,0.003,0.550,8.301,33.384
4208,4.674,1.714,19.485,0.150,0.157,0.747,0.537,8.503,35.214
4209,4.186,1.519,17.388,0.149,0.154,0.002,0.502,8.270,32.166
4210,5.335,1.435,20.144,0.162,0.170,0.002,0.524,8.332,36.208
4211,4.753,2.339,17.497,0.147,0.158,0.002,0.530,8.250,33.675
4212,4.275,1.731,18.858,0.163,0.169,0.002,0.527,8.303,34.006
4213,4.412,1.864,17.931,0.146,0.150,0.002,0.554,8.423,33.524
4214,4.610,1.492,17.584,0.145,0.153,0.002,0.506,8.299,32.799
4215,4.571,1.556,17.678,0.147,0.149,0.002,0.540,8.437,33.106
4216,6.723,2.364,18.311,0.144,0.146,0.002,0.564,8.563,36.858
4217,4.805,1.927,17.497,0.142,0.156,0.002,9.592,8.337,43.234
4218,4.307,1.927,17.764,0.154,0.170,0.002,0.520,8.463,33.277
4219,4.845,2.051,18.864,0.146,0.158,0.002,15.186,8.842,50.961
4220,7.261,2.979,33.216,0.147,0.154,0.003,0.644,8.981,53.467
4221,4.435,2.446,18.960,0.142,0.151,0.002,0.555,8.498,35.241
4222,4.779,2.699,18.387,0.144,0.154,0.002,0.565,8.469,35.244
4223,5.695,2.388,18.185,0.144,0.157,0.002,11.497,8.314,47.160
4224,5.934,2.081,18.981,0.145,0.159,0.002,10.440,8.524,47.159
4225,4.293,2.252,17.945,0.142,0.154,0.002,0.536,8.538,33.882
4226,4.898,1.974,18.026,0.145,0.155,0.003,0.515,8.448,34.182
4227,5.759,2.357,18.575,0.145,0.154,0.002,0.517,8.352,35.874
4228,4.660,5.057,19.298,0.145,0.154,0.002,0.511,8.252,38.090
4229,4.213,2.471,17.810,0.146,0.156,0.002,0.508,8.453,33.761
4230,5.554,2.208,18.061,0.361,0.171,0.002,0.507,8.256,34.901
4231,5.505,2.640,17.992,0.149,0.154,0.002,0.502,8.299,35.251
4232,4.787,2.975,19.090,0.212,0.154,0.004,0.550,8.824,36.555
4233,4.631,2.301,17.625,0.158,0.182,0.002,0.551,8.252,33.673
4234,5.336,2.240,17.794,0.152,0.178,0.711,0.512,8.276,34.467
4235,5.268,2.689,18.259,0.153,0.186,0.003,0.572,8.706,35.817
4236,4.521,2.253,20.882,0.153,0.176,0.003,0.527,8.614,37.114
4237,4.252,2.297,18.759,0.189,0.206,0.003,0.522,8.265,34.406
4238,4.885,2.247,18.396,0.153,0.209,0.003,0.557,8.604,35.025
4239,4.553,2.323,18.899,0.150,0.176,0.003,0.521,8.327,34.926
4240,4.393,2.346,22.147,0.146,0.171,0.002,0.570,8.524,38.313
4241,4.498,2.257,17.836,0.157,0.169,0.003,0.557,8.475,33.960
4242,4.617,2.271,17.496,0.145,0.166,0.003,0.519,8.610,33.832
4243,5.395,4.502,18.117,0.153,0.169,0.002,0.533,8.222,37.077
4244,4.249,2.287,21.009,0.144,0.173,0.002,0.502,8.275,36.620
4245,4.324,2.224,17.456,0.143,0.169,0.002,0.502,8.255,33.062
4246,4.674,2.170,18.907,0.154,0.177,0.002,0.543,8.308,34.908
4247,4.325,2.838,17.794,0.147,0.174,0.003,0.524,8.629,34.422
4248,4.427,2.431,17.762,0.145,0.170,0.002,0.519,8.269,33.710
4249,5.414,1.892,19.101,0.156,0.197,0.003,0.517,8.229,35.483
4250,4.739,2.225,18.398,0.148,0.167,0.003,0.557,8.545,34.800
4251,5.173,2.028,20.077,0.147,0.176,0.002,0.551,8.304,36.463
4252,5.128,2.253,22.292,0.156,0.174,0.003,0.544,8.298,38.849
4253,4.153,2.387,24.866,0.142,0.171,0.002,0.542,8.476,40.748
4254,7.501,2.808,25.136,0.141,0.173,0.002,0.651,8.480,44.896
4255,4.608,4.557,18.845,0.147,0.174,0.002,0.531,8.584,37.437
4256,5.093,2.337,18.478,0.165,0.189,0.003,0.531,8.541,35.296
4257,5.341,2.363,17.364,0.144,0.172,0.002,0.531,8.474,34.393
4258,4.744,2.202,18.029,0.145,0.175,0.002,0.526,8.443,34.255
4259,4.745,2.272,19.676,0.155,0.176,0.818,0.529,8.414,35.947
4260,4.874,2.154,19.325,0.154,0.184,1.115,0.612,8.837,36.144
4261,4.397,2.415,17.996,0.145,0.167,0.002,0.537,8.295,33.946
4262,5.396,2.293,18.257,0.144,0.159,0.684,0.504,8.314,35.073
4263,4.588,2.470,17.783,0.140,0.157,0.003,0.537,8.304,33.994
4264,4.573,1.803,22.008,1.089,0.162,0.002,0.538,8.326,37.573
4265,4.165,1.831,17.319,0.141,0.156,0.002,0.539,8.227,32.387
4266,4.769,1.890,17.679,0.162,0.160,0.002,0.508,8.245,33.392
4267,4.732,1.697,17.480,0.145,0.160,0.002,0.566,8.649,33.445
4268,7.003,2.306,54.504,0.319,0.166,0.004,0.688,11.184,76.027
4269,6.508,2.803,22.565,0.218,0.155,0.002,0.622,8.425,41.235
4270,4.862,2.171,23.188,0.140,0.153,0.003,0.601,8.351,39.486
4271,5.143,2.093,18.852,0.146,0.154,0.003,0.534,8.337,35.286
4272,6.112,1.864,18.322,0.145,0.167,0.003,0.521,8.805,35.927
4273,5.588,1.704,18.775,0.158,0.161,0.004,0.583,8.560,35.571
4274,5.263,2.323,18.240,0.145,0.161,0.002,0.548,8.639,35.324
4275,6.135,2.792,20.051,0.159,0.177,0.003,0.792,10.006,40.098
4276,5.720,2.501,33.111,0.143,0.162,0.003,0.539,8.375,50.552
4277,5.396,2.098,19.833,0.141,0.155,0.002,0.573,8.484,36.701
4278,4.646,2.202,20.056,0.143,0.154,0.002,0.556,8.599,36.372
4279,4.714,2.318,19.393,0.146,0.152,0.003,0.551,8.685,35.977
4280,4.638,1.937,30.835,0.155,0.167,0.003,0.564,8.375,46.669
4281,4.414,1.875,19.620,0.143,0.159,0.002,0.542,8.396,35.158
4282,4.182,2.727,18.473,0.144,0.163,0.002,0.534,8.306,34.531
4283,5.432,1.659,18.162,0.156,0.160,0.002,0.542,8.352,34.462
4284,4.561,2.764,20.432,0.147,0.162,0.002,0.530,8.326,36.925
4285,4.167,1.615,18.192,0.138,0.157,0.002,0.518,8.262,33.055
4286,4.570,1.950,17.612,0.146,0.159,0.002,0.527,8.247,33.215
4287,4.551,2.251,17.839,0.154,0.155,0.002,0.509,8.407,33.861
4288,4.419,1.700,20.758,0.150,0.170,0.002,0.567,8.288,36.061
4289,5.117,1.682,20.040,0.140,0.159,0.002,0.546,8.621,36.318
4290,5.423,3.298,20.945,0.156,0.177,0.002,0.575,8.350,38.900
4291,5.306,1.831,22.371,0.159,0.173,0.003,0.541,8.578,38.949
4292,4.532,2.209,28.083,0.142,0.157,0.002,0.568,8.651,44.380
4293,4.689,3.849,23.823,0.139,0.154,0.002,0.596,8.588,41.880
4294,4.945,2.135,18.144,0.144,0.156,0.002,0.554,8.379,34.472
4295,4.297,1.980,17.361,0.148,0.170,0.002,0.542,8.260,32.750
4296,4.295,2.305,18.360,0.147,0.154,0.002,0.504,8.643,34.416
4297,5.308,2.295,17.907,0.347,0.171,0.006,0.531,8.450,34.820
4298,4.595,1.956,18.035,0.151,0.160,0.004,0.542,8.306,33.742
4299,4.302,2.265,16.916,0.156,0.210,0.003,0.487,8.197,32.459
4300,4.189,1.628,19.892,0.146,0.162,0.003,0.524,8.204,34.746
4301,4.803,1.657,17.602,0.146,0.157,0.002,0.496,8.226,33.096
4302,4.603,2.836,17.291,0.150,0.155,0.002,0.510,8.544,34.091
4303,4.425,1.671,18.149,0.147,0.159,0.002,0.540,8.552,33.642
4304,4.979,1.750,20.427,0.142,0.164,0.002,0.540,8.296,36.319
4305,4.269,1.960,17.641,0.140,0.164,0.002,0.507,8.215,32.901
4306,4.777,3.222,17.691,0.142,0.159,0.002,0.553,8.194,34.764
4307,4.921,1.927,17.598,0.147,0.151,0.002,0.539,8.491,33.788
4308,4.702,1.689,22.408,0.143,0.150,0.003,0.514,8.520,38.144
4309,4.869,1.790,17.755,0.148,0.164,0.003,0.517,8.696,33.935
4310,4.727,2.321,17.698,0.143,0.150,0.003,0.509,8.245,33.806
4311,5.200,1.873,17.654,0.141,0.153,0.002,0.588,8.935,34.570
4312,5.094,1.637,20.946,0.152,0.154,0.003,0.549,8.393,36.949
4313,4.149,1.820,17.598,0.142,0.180,1.308,0.544,8.468,32.913
4314,4.578,1.835,17.462,0.154,0.180,0.002,0.515,8.251,32.947
4315,4.763,5.560,17.515,0.142,0.180,0.002,0.523,8.289,36.960
4316,4.245,1.677,18.155,0.147,0.185,0.003,0.522,8.223,33.125
4317,4.202,1.637,17.286,0.146,0.185,0.003,0.516,8.296,32.243
4318,4.416,1.596,17.943,0.145,0.183,0.002,0.527,8.620,33.424
4319,4.322,1.640,17.497,0.160,0.189,0.003,0.513,8.614,32.894
4320,4.561,1.637,17.922,0.143,0.181,0.002,0.517,8.279,33.239
4321,4.974,1.446,17.992,0.142,0.159,1.663,0.521,8.189,33.426
4322,4.573,1.843,18.037,0.156,0.158,0.006,0.528,8.533,33.814
4323,4.377,1.925,17.464,0.161,0.155,0.002,0.519,8.707,33.303
4324,4.670,1.567,19.335,0.147,0.153,0.002,0.554,9.187,35.631
4325,5.022,1.519,17.447,0.141,0.150,0.002,0.507,8.292,33.092
4326,4.569,1.566,17.905,0.142,0.153,0.002,0.523,7.918,32.815
4327,4.292,1.509,17.575,0.138,0.153,0.002,0.508,8.490,32.681
4328,5.094,1.531,28.335,0.140,0.149,0.002,0.600,8.751,44.646
4329,4.618,1.756,18.771,0.141,0.154,0.002,0.603,8.386,34.472
4330,4.724,1.437,17.471,0.140,0.162,0.002,0.543,8.327,32.811
4331,4.460,1.739,17.731,0.151,0.148,0.002,0.536,8.386,33.168
4332,4.823,1.581,17.625,0.155,0.154,0.003,11.724,8.202,45.143
4333,4.160,1.647,17.685,0.147,0.155,0.003,10.319,8.396,43.237
4334,4.645,2.710,23.554,0.142,0.151,0.002,0.599,9.189,41.084
4335,5.847,2.577,22.223,0.151,0.165,0.003,0.543,8.504,40.010
4336,4.525,1.763,20.029,0.139,0.156,0.757,0.556,8.369,35.559
4337,4.392,1.823,18.252,0.140,0.160,0.003,0.540,8.323,33.643
4338,4.828,1.462,18.042,0.143,0.152,0.002,11.614,8.730,45.851
4339,4.720,1.747,101.636,0.152,0.170,0.002,13.046,15.583,137.796
4340,4.997,1.526,22.864,0.164,0.158,0.004,0.595,8.308,38.596
4341,4.478,1.887,18.409,0.142,0.155,0.002,0.517,8.256,33.864
4342,4.962,1.817,18.431,0.141,0.157,0.002,0.527,8.326,34.375
4343,4.387,1.875,18.848,0.140,0.156,0.002,10.953,8.418,45.545
4344,4.733,1.492,18.935,0.145,0.152,0.002,0.495,8.330,35.015
4345,4.321,1.461,17.371,0.141,0.154,0.002,0.532,8.242,32.257
4346,5.453,1.887,17.876,0.152,0.156,0.002,0.521,8.290,34.352
4347,4.410,2.041,17.687,0.140,0.156,0.002,0.534,8.374,33.382
4348,4.604,1.482,19.712,0.144,0.184,0.003,0.543,8.451,35.847
4349,4.442,1.616,17.427,0.138,0.156,0.002,0.534,8.471,32.796
4350,4.384,1.457,18.237,0.140,0.164,0.003,0.560,8.228,33.199
4351,4.286,1.714,17.615,0.150,0.172,0.002,0.524,8.327,32.773
4352,4.327,1.469,18.618,0.138,0.154,0.002,0.554,8.312,33.615
4353,4.599,1.465,17.275,0.141,0.162,0.002,0.523,8.548,32.709
4354,4.893,1.437,17.581,0.144,0.149,0.002,0.538,8.310,33.060
4355,4.699,1.471,17.538,0.138,0.159,0.002,0.515,8.383,32.905
4356,4.906,1.479,18.286,0.140,0.161,0.002,0.528,8.725,34.218
4357,4.150,1.487,17.447,0.140,0.167,0.002,0.503,8.276,32.165
4358,4.602,1.446,18.143,0.140,0.162,0.002,0.543,8.443,33.504
4359,4.545,5.279,17.531,0.146,0.173,0.003,0.536,8.344,36.543
4360,4.827,1.602,20.879,0.146,0.164,0.002,0.515,8.313,36.443
4361,4.572,1.797,17.607,0.141,0.162,0.002,0.479,8.430,33.181
4362,4.601,1.634,17.741,0.140,0.151,0.855,0.532,8.266,33.075
4363,5.162,1.498,17.599,0.150,0.169,0.002,0.523,8.731,33.817
4364,4.466,1.500,19.113,0.149,0.151,0.002,0.534,8.322,34.243
4365,4.198,1.451,17.745,0.147,0.156,0.003,0.515,8.277,32.486
4366,4.615,1.424,17.412,0.145,0.153,0.002,0.522,8.291,32.568
4367,4.366,1.488,17.414,0.144,0.154,0.002,0.532,8.413,32.515
4368,4.604,1.489,18.351,0.162,0.159,0.003,0.515,8.315,33.575
4369,6.224,1.507,21.387,0.146,0.167,0.002,0.525,8.488,38.437
4370,4.621,1.697,23.200,0.151,0.155,0.003,0.554,8.633,39.241
4371,4.450,2.323,21.690,0.143,0.158,0.002,0.598,8.481,37.849
4372,4.790,1.577,28.925,0.147,0.167,0.002,0.564,8.851,45.078
4373,5.189,1.704,19.974,0.141,0.154,0.002,0.545,9.239,36.994
4374,4.653,1.494,17.983,0.138,0.149,0.002,0.545,8.258,33.974
4375,4.429,1.918,18.371,0.141,0.148,0.003,0.551,8.304,33.917
4376,4.356,1.651,21.839,0.139,0.180,0.948,0.536,8.456,37.171
4377,4.367,1.578,21.099,0.144,0.182,0.002,0.601,8.536,36.582
4378,6.093,2.325,22.837,0.140,0.182,0.002,0.595,8.941,41.157
4379,5.429,2.206,20.940,0.145,0.184,0.003,0.541,8.411,37.858
4380,4.308,1.962,25.416,0.147,0.183,0.002,0.530,8.333,40.870
4381,4.314,1.980,22.241,0.138,0.182,0.002,0.538,8.753,38.156
4382,5.624,2.446,20.857,0.143,0.187,0.002,0.536,8.358,38.137
4383,4.671,2.362,19.973,0.144,0.184,0.002,0.532,8.593,36.456
4384,5.071,2.311,27.571,0.142,0.182,0.002,0.532,8.620,44.426
4385,4.899,2.469,18.385,0.136,0.159,0.848,0.522,8.287,34.877
4386,4.846,2.076,20.288,0.144,0.156,0.003,0.548,8.592,36.685
4387,4.415,2.057,19.643,0.147,0.167,0.002,0.548,8.657,35.645
4388,6.133,3.733,30.182,0.147,0.153,0.002,0.582,8.478,49.428
4389,4.772,2.606,20.886,0.140,0.152,0.002,0.574,8.312,37.506
4390,4.466,2.045,18.586,0.140,0.160,0.002,0.536,8.347,34.299
4391,4.434,2.613,18.382,0.143,0.155,0.005,0.553,8.293,34.601
4392,4.385,2.535,19.956,0.139,0.158,0.002,0.526,9.302,37.039
4393,4.851,2.282,17.907,0.137,0.157,0.002,0.531,8.324,34.212
4394,4.633,1.940,17.540,0.142,0.160,0.002,0.532,8.355,33.317
4395,4.873,2.295,17.577,0.140,0.159,0.002,0.536,8.518,34.124
4396,4.532,2.067,29.630,0.150,0.161,0.002,0.584,8.681,45.851
4397,4.835,2.506,17.737,0.140,0.164,0.002,0.527,8.343,34.266
4398,4.595,2.324,18.056,0.138,0.168,0.002,0.548,9.509,35.356
4399,4.879,2.445,18.628,0.142,0.156,0.002,0.537,8.349,35.988
4400,5.287,4.471,18.903,0.144,0.157,0.003,11.541,8.253,49.907
4401,4.351,2.512,17.570,0.145,0.175,0.831,0.517,8.577,33.842
4402,4.863,2.091,22.408,0.145,0.171,0.003,44.631,8.128,83.110
4403,4.447,2.398,16.741,0.144,0.173,0.002,0.469,8.270,32.625
4404,4.175,2.104,18.927,0.139,0.166,0.002,0.536,8.525,35.522
4405,4.416,2.198,17.274,0.140,0.170,0.002,0.497,8.304,32.989
4406,5.078,2.295,19.229,0.146,0.175,0.003,0.531,10.239,37.697
4407,5.016,2.308,17.614,0.145,0.171,0.002,0.542,8.442,34.231
4408,5.042,4.105,93.055,0.140,0.176,1.023,0.643,8.354,111.690
4409,4.269,2.818,17.723,0.146,0.175,0.003,0.593,8.407,34.187
4410,4.459,2.253,17.355,0.140,0.178,0.002,0.508,8.652,33.524
4411,5.145,2.444,17.622,0.139,0.178,0.002,0.526,8.256,34.297
4412,5.084,2.248,27.084,0.141,0.178,0.002,0.525,9.449,44.707
4413,11.566,3.258,28.306,0.138,0.184,0.003,0.737,8.580,52.769
4414,4.383,2.519,20.154,0.136,0.179,0.002,0.547,8.262,36.173
4415,4.446,2.510,17.987,0.140,0.183,0.002,0.564,8.382,34.229
4416,5.746,2.545,19.774,0.192,0.192,0.003,0.550,8.420,37.343
4417,4.323,3.529,17.427,0.140,0.183,0.002,0.542,7.635,33.755
4418,4.466,2.324,17.584,0.142,0.164,0.741,0.527,8.217,33.416
4419,4.338,2.258,17.355,0.141,0.163,0.002,0.528,8.459,33.239
4420,5.129,2.319,21.560,0.143,0.161,0.002,0.553,9.049,38.939
4421,6.369,2.343,18.119,0.137,0.156,0.002,0.508,8.492,36.136
4422,4.381,2.527,17.592,0.136,0.160,0.002,0.558,8.318,33.685
4423,4.525,2.473,18.066,0.133,0.159,0.002,0.562,8.295,34.240
4424,5.356,2.941,63.894,0.136,0.175,1.354,0.546,8.556,81.605
4425,4.212,2.295,17.378,0.141,0.173,0.002,0.481,8.543,33.207
4426,4.359,2.218,17.370,0.148,0.191,0.002,0.524,8.279,33.057
4427,5.430,2.623,17.838,0.137,0.195,0.002,0.529,8.310,35.043
4428,4.324,2.710,24.000,0.137,0.174,0.002,0.542,8.454,40.353
4429,4.224,2.235,19.076,0.141,0.178,0.003,0.501,8.241,34.579
4430,4.781,2.232,17.565,0.145,0.181,0.002,0.538,8.445,33.897
4431,5.172,5.413,17.979,0.142,0.188,0.002,0.593,8.695,38.190
4432,4.880,2.197,18.679,0.136,0.173,0.002,0.533,8.467,35.059
4433,4.399,2.213,17.289,0.144,0.194,0.002,0.514,8.416,33.127
4434,4.281,2.287,18.423,0.141,0.180,0.002,0.508,8.368,34.170
4435,4.435,4.890,17.559,0.153,0.190,0.004,0.568,8.476,36.249
4436,4.303,2.312,17.944,0.142,0.173,0.002,0.513,8.818,34.194
4437,9.071,7.024,92.234,0.143,0.179,0.002,1.030,10.279,120.168
4438,6.458,5.590,26.736,0.149,0.174,0.003,0.553,9.102,48.756
4439,6.046,3.136,28.032,0.139,0.184,0.002,0.586,9.102,47.273
4440,4.323,2.776,24.616,0.138,0.193,0.002,0.571,8.875,41.474
4441,7.529,2.930,18.796,0.144,0.197,1.104,0.526,8.498,38.587
4442,5.690,2.393,18.651,0.144,0.209,0.003,0.564,8.543,36.149
4443,7.870,3.297,19.163,0.145,0.167,1.089,0.538,8.671,39.848
4444,7.949,3.104,27.775,0.140,0.158,0.742,0.542,7.635,47.313
4445,4.376,2.840,17.498,0.139,0.161,0.718,0.530,8.473,34.025
4446,5.318,2.325,18.082,0.135,0.154,0.002,0.516,8.407,34.952
4447,5.091,2.689,18.194,0.138,0.155,0.002,0.550,8.556,35.382
4448,4.986,2.243,19.035,0.139,0.159,0.002,0.538,8.846,35.945
4449,5.474,2.436,17.774,0.141,0.159,0.002,0.572,8.525,35.097
4450,5.015,5.526,17.677,0.145,0.167,0.003,0.541,8.287,37.343
4451,5.018,2.710,17.782,0.143,0.161,0.002,0.540,8.304,34.651
4452,4.936,2.578,26.221,0.136,0.150,0.003,0.569,8.269,42.883
4453,4.416,4.942,18.074,0.142,0.163,0.002,11.553,8.231,48.848
4454,4.554,3.844,19.179,0.140,0.154,0.002,0.519,8.301,36.734
4455,4.974,2.422,18.773,0.149,0.175,0.003,0.514,8.537,35.546
4456,5.990,2.881,24.858,0.137,0.164,0.002,0.538,8.805,43.408
4457,4.548,2.479,18.873,0.133,0.157,0.002,0.510,8.336,35.081
4458,4.562,2.731,19.758,0.137,0.158,0.002,0.560,8.520,36.465
4459,5.303,2.396,20.282,0.135,0.154,0.002,0.552,8.465,37.351
4460,5.056,2.235,22.217,0.140,0.152,0.003,0.528,8.946,39.310
4461,5.408,2.525,20.399,0.133,0.155,0.002,11.631,8.492,50.420
4462,5.509,5.635,30.870,0.150,0.170,0.002,0.640,8.499,51.476
4463,5.890,4.246,28.654,0.136,0.153,0.002,0.587,8.823,48.519
4464,6.406,3.923,23.388,0.140,0.188,0.784,0.557,8.891,43.467
4465,4.244,3.014,18.307,0.137,0.196,0.002,0.529,8.368,34.758
4466,4.389,2.411,17.605,0.136,0.192,0.002,0.544,8.711,33.957
4467,4.547,2.313,17.849,0.150,0.211,0.003,0.851,8.372,34.226
4468,4.972,2.369,18.537,0.146,0.194,0.003,0.528,8.352,35.052
4469,4.235,2.356,17.519,0.138,0.188,0.002,0.538,8.317,33.263
4470,4.545,2.211,17.858,0.139,0.196,0.002,0.563,8.761,34.243
4471,5.020,2.197,19.420,0.139,0.195,0.002,0.537,8.261,35.738
4472,5.248,4.592,21.622,0.137,0.194,0.002,0.540,8.361,40.676
4473,4.996,2.453,17.525,0.137,0.196,0.002,0.535,8.283,34.098
4474,4.870,2.201,17.471,0.136,0.195,0.002,0.537,8.501,33.876
4475,5.013,2.500,18.015,0.144,0.206,0.003,0.553,8.533,34.934
4476,7.263,2.548,18.719,0.138,0.190,0.002,9.538,8.173,47.294
4477,4.250,2.540,17.786,0.138,0.203,0.002,0.522,8.274,33.675
4478,4.743,2.248,18.073,0.134,0.191,0.003,0.522,8.284,34.168
4479,4.982,2.988,18.360,0.139,0.191,0.002,0.564,8.406,35.626
4480,4.610,2.240,18.121,0.138,0.186,0.002,0.550,8.239,34.086
4481,4.223,2.359,17.442,0.148,0.190,0.003,0.524,8.233,33.081
4482,4.796,2.333,17.728,0.142,0.198,0.003,0.523,8.340,34.021
4483,4.404,4.758,18.021,0.146,0.192,0.002,0.529,8.297,36.308
4484,5.469,1.953,18.363,0.140,0.194,0.003,0.519,8.150,34.753
4485,4.310,2.280,17.398,0.136,0.171,0.799,0.511,8.238,33.035
4486,4.412,2.445,17.636,0.138,0.158,0.002,0.514,8.715,34.034
4487,4.700,2.242,17.788,0.144,0.174,0.003,0.534,8.342,33.906
4488,4.579,1.923,18.553,0.136,0.162,0.002,0.535,8.313,34.236
4489,5.314,2.039,18.312,0.137,0.164,0.003,0.502,8.319,34.783
4490,4.577,2.121,17.823,0.137,0.159,0.002,0.543,8.649,34.021
4491,5.000,2.226,17.992,0.136,0.157,0.002,0.536,8.294,34.373
4492,4.945,1.919,19.634,0.142,0.190,0.824,0.530,8.379,35.702
4493,4.166,2.221,17.618,0.147,0.191,0.002,0.538,8.240,33.090
4494,4.307,1.852,17.728,0.142,0.207,0.003,0.501,8.315,32.999
4495,4.305,2.354,17.533,0.142,0.195,0.002,0.516,8.314,33.322
4496,4.316,1.489,17.620,0.144,0.201,0.002,0.521,8.236,32.486
4497,4.634,1.574,17.351,0.138,0.197,0.002,0.528,8.678,33.075
4498,4.359,1.451,17.264,0.135,0.193,0.002,0.527,8.192,32.099
4499,4.278,1.482,17.605,0.136,0.192,0.003,0.549,8.300,32.537
4500,4.532,1.471,19.381,0.147,0.193,0.002,0.516,8.289,34.502
4501,4.199,1.519,17.237,0.149,0.195,0.002,0.516,8.462,32.240
4502,4.387,1.447,17.642,0.136,0.193,0.002,10.992,8.514,44.130
4503,5.290,2.084,18.426,0.177,0.211,0.003,0.631,8.504,35.256
4504,4.590,1.496,18.931,0.144,0.198,0.002,0.518,8.546,34.384
4505,4.358,1.489,17.410,0.140,0.196,0.002,0.541,8.246,32.350
4506,4.293,1.481,18.188,0.142,0.196,0.002,0.507,8.266,33.037
4507,4.558,1.503,17.357,0.175,0.208,0.002,0.520,8.361,32.600
4508,5.665,1.471,18.153,0.135,0.186,0.002,0.580,8.729,34.925
4509,4.564,1.498,17.443,0.140,0.187,0.003,0.535,8.482,32.837
4510,5.023,1.438,17.464,0.150,0.210,0.002,0.544,8.309,33.089
4511,4.442,2.591,18.320,0.142,0.190,0.003,0.511,8.616,34.784
4512,5.350,1.532,23.575,0.138,0.191,0.002,0.545,8.618,39.937
4513,4.184,1.482,17.725,0.148,0.196,0.003,0.523,8.329,32.540
4514,4.714,1.698,17.960,0.142,0.191,0.002,0.534,8.617,33.814
4515,4.375,1.481,17.609,0.138,0.196,0.002,0.510,8.230,32.499
4516,5.120,1.464,17.704,0.140,0.192,0.002,10.128,8.212,43.897
4517,4.262,1.470,17.305,0.142,0.194,0.002,0.497,8.206,32.069
4518,5.318,1.477,17.854,0.137,0.191,0.002,0.528,8.372,33.874
4519,4.364,1.537,17.808,0.148,0.196,0.003,0.506,8.475,33.022
4520,4.819,1.478,17.823,0.144,0.208,0.002,0.519,8.743,33.715
4521,4.537,1.708,17.604,0.137,0.191,0.002,0.509,8.266,32.947
4522,4.309,1.455,17.326,0.136,0.195,0.002,0.518,8.225,32.166
4523,4.274,2.829,17.765,0.138,0.188,0.002,0.562,8.353,34.114
4524,4.760,1.483,17.791,0.143,0.188,0.002,0.516,8.280,33.157
4525,4.245,1.686,17.913,0.137,0.191,0.003,10.488,8.501,43.977
4526,4.454,1.486,17.658,0.138,0.192,0.002,0.525,8.318,32.747
4527,4.601,1.442,17.508,0.137,0.191,0.002,0.548,8.403,32.818
4528,4.334,1.495,19.815,0.138,0.193,0.002,0.510,8.287,34.743
4529,4.341,1.439,17.921,0.139,0.191,0.002,0.533,8.268,32.797
4530,4.769,1.446,17.375,0.142,0.196,0.002,0.521,8.306,32.720
4531,4.636,1.675,17.747,0.144,0.206,0.002,0.546,8.690,33.598
4532,4.340,2.263,17.356,0.139,0.196,0.003,0.522,8.454,33.235
4533,4.605,1.700,17.656,0.138,0.192,0.003,0.491,8.278,33.028
4534,4.665,1.443,17.271,0.136,0.197,0.002,0.505,8.266,32.453
4535,4.597,1.717,17.540,0.139,0.198,0.003,0.515,8.257,32.930
4536,4.396,1.483,17.626,0.140,0.192,0.003,0.497,8.391,32.706
4537,4.253,1.510,17.290,0.135,0.186,0.002,0.540,8.621,32.521
4538,4.621,1.429,18.407,0.136,0.191,0.002,0.495,8.359,33.621
4539,4.317,1.671,17.572,0.138,0.192,0.002,0.503,8.640,33.005
4540,4.937,1.459,17.754,0.145,0.192,0.002,0.514,8.256,33.225
4541,4.152,1.469,18.564,0.134,0.186,0.871,0.515,8.474,34.327
4542,5.232,1.478,19.294,0.142,0.186,0.004,0.516,8.278,35.118
4543,6.355,1.917,22.528,0.138,0.179,0.003,0.531,8.634,40.285
4544,5.177,8.192,17.704,0.138,0.177,0.002,0.504,8.579,40.462
4545,4.004,1.793,17.344,0.135,0.184,0.002,0.512,8.225,32.191
4546,4.216,1.482,21.888,0.135,0.180,0.002,0.525,8.360,36.796
4547,6.125,1.945,19.046,0.137,0.182,0.003,0.539,8.264,36.238
4548,5.992,1.635,21.543,0.136,0.181,0.002,10.353,8.237,49.100
4549,4.960,1.668,17.373,0.156,0.183,0.003,0.517,8.303,33.146
4550,4.313,1.912,18.258,0.143,0.182,0.003,0.526,8.423,33.752
4551,4.209,1.449,17.514,0.140,0.178,0.640,0.502,8.242,32.238
4552,6.452,1.659,19.859,0.175,0.174,0.002,0.500,8.277,37.068
4553,4.692,1.509,17.708,0.316,0.198,0.003,0.540,8.267,33.043
4554,4.597,1.741,17.907,0.143,0.182,0.004,0.518,8.247,33.329
4555,4.239,1.413,17.328,0.138,0.174,0.002,0.534,8.236,32.074
4556,4.352,2.011,20.506,0.133,0.172,0.003,0.609,8.679,36.545
4557,4.723,1.860,18.012,0.135,0.182,0.002,0.508,8.616,34.044
4558,5.803,1.529,19.145,0.135,0.171,0.003,0.517,8.399,36.441
4559,4.683,1.457,17.292,0.145,0.187,0.002,0.540,8.185,32.464
4560,4.048,1.419,17.601,0.136,0.176,0.002,0.543,8.602,32.521
4561,4.376,1.505,19.931,0.150,0.178,0.002,0.517,8.423,35.049
4562,4.405,1.475,18.304,0.135,0.204,1.600,0.502,8.365,33.351
4563,4.197,1.511,17.541,0.136,0.200,0.002,0.505,8.177,32.226
4564,6.398,1.506,18.648,0.136,0.196,0.003,0.536,8.262,37.014
4565,4.383,3.284,17.677,0.143,0.217,0.002,0.539,8.508,34.709
4566,4.961,1.691,19.094,0.146,0.217,0.003,0.547,8.640,35.277
4567,4.316,1.599,17.357,0.135,0.204,0.002,0.507,8.284,32.398
4568,4.607,1.469,18.030,0.138,0.201,0.002,0.512,8.330,33.261
4569,4.424,1.606,18.764,0.156,0.210,0.003,0.539,8.343,33.999
4570,4.295,1.496,17.852,0.150,0.211,0.003,0.526,8.359,32.856
4571,4.319,1.434,17.518,0.136,0.203,0.003,0.532,8.464,32.601
4572,4.371,1.447,17.362,0.141,0.205,0.002,0.507,8.390,32.389
4573,4.360,2.438,18.277,0.150,0.207,0.002,0.539,8.418,34.374
4574,4.586,1.542,19.905,0.137,0.202,0.002,0.520,8.751,35.629
4575,4.457,1.430,18.566,0.141,0.198,0.003,0.567,8.693,34.062
4576,5.235,1.581,20.925,0.137,0.203,0.002,0.544,9.001,37.604
4577,4.310,1.520,18.264,0.159,0.206,0.003,0.552,8.436,33.406
4578,4.862,1.758,18.771,0.136,0.209,0.004,0.537,8.259,34.513
4579,4.442,1.447,17.850,0.141,0.205,0.002,0.514,8.377,32.956
4580,4.596,1.499,18.413,0.138,0.203,0.002,0.544,8.316,33.702
4581,4.811,1.523,17.387,0.202,0.206,0.002,10.667,8.356,44.191
4582,4.468,1.720,18.172,0.153,0.206,0.003,0.541,8.421,33.680
4583,4.301,1.425,18.362,0.134,0.206,0.002,0.638,9.604,35.733
4584,4.513,1.447,17.995,0.145,0.222,0.003,10.371,8.240,43.607
4585,6.356,2.067,17.621,0.152,0.209,0.003,10.614,8.320,45.998
4586,4.300,1.477,17.693,0.137,0.217,0.002,0.489,8.180,32.431
4587,4.570,1.400,17.705,0.136,0.202,0.002,0.520,8.201,32.692
4588,4.334,1.450,17.404,0.137,0.203,0.002,0.508,8.349,32.348
4589,4.531,1.496,17.558,0.137,0.217,0.003,0.511,8.254,32.654
4590,4.319,1.575,17.590,0.135,0.203,0.002,0.558,8.346,32.703
4591,4.487,1.623,17.731,0.136,0.210,0.003,0.510,8.274,32.932
4592,4.749,1.491,20.968,0.141,0.226,0.003,0.514,8.272,36.283
4593,4.305,1.933,18.265,0.139,0.208,0.003,0.516,8.792,34.119
4594,4.760,1.470,17.657,0.147,0.210,0.003,0.510,8.640,33.334
4595,4.543,1.736,18.407,0.137,0.209,0.002,0.545,8.503,34.062
4596,4.331,1.476,21.462,0.141,0.209,0.002,0.524,8.257,36.356
4597,5.034,1.507,17.338,0.134,0.213,0.002,0.512,8.313,32.996
4598,4.711,1.461,17.725,0.135,0.213,0.002,0.519,8.360,33.074
4599,4.877,1.462,17.494,0.142,0.214,0.002,0.502,8.251,32.878
4600,4.268,1.472,17.705,0.138,0.210,0.002,0.528,8.257,32.526
4601,4.620,1.477,17.280,0.140,0.212,0.002,0.502,8.245,32.416
4602,4.721,1.494,18.014,0.135,0.214,0.002,0.544,8.617,33.713
4603,4.988,3.744,17.517,0.145,0.214,0.003,0.517,8.263,35.320
4604,4.567,1.496,21.801,0.146,0.214,0.002,8.980,8.201,46.157
4605,4.241,1.488,17.670,0.140,0.207,0.003,0.518,8.305,32.557
4606,4.870,1.431,17.438,0.137,0.210,0.003,0.509,8.196,32.776
4607,4.315,1.532,17.639,0.134,0.212,0.002,0.529,8.239,32.619
4608,4.652,1.850,24.271,0.135,0.208,0.003,0.506,8.318,39.940
4609,4.594,1.530,17.649,0.141,0.205,0.002,0.518,8.473,33.093
4610,4.675,1.716,17.620,0.143,0.225,0.002,0.490,8.227,33.066
4611,5.053,3.093,18.240,0.138,0.209,0.003,0.503,8.358,35.585
4612,4.314,1.883,18.262,0.138,0.208,0.003,0.495,8.757,34.046
4613,4.448,1.675,17.369,0.136,0.209,0.003,0.515,8.463,32.805
4614,4.255,1.485,17.321,0.142,0.213,0.002,0.506,8.274,32.174
4615,4.571,1.666,17.680,0.144,0.216,0.003,0.522,8.355,33.148
4616,4.324,1.474,17.758,0.146,0.226,0.003,0.501,8.316,32.705
4617,4.303,1.851,17.676,0.135,0.209,0.002,0.523,8.506,33.204
4618,4.667,1.614,17.404,0.134,0.204,0.003,0.503,8.215,32.731
4619,4.890,1.893,17.905,0.134,0.174,0.862,0.505,8.278,33.804
4620,4.306,2.018,21.773,0.142,0.180,0.003,0.534,8.328,37.288
4621,4.389,1.677,22.402,0.144,0.176,0.002,0.586,8.456,37.853
4622,4.896,1.833,20.036,0.140,0.179,0.003,0.531,8.317,35.957
4623,4.585,1.697,17.943,0.136,0.180,0.002,0.512,8.341,33.420
4624,5.013,1.535,24.482,0.138,0.145,0.682,0.524,8.405,40.297
4625,4.669,1.899,17.725,0.144,0.145,0.003,0.505,8.250,34.156
4626,4.765,1.651,17.827,0.134,0.148,0.002,0.525,8.266,33.334
4627,4.600,1.895,18.940,0.236,0.139,0.002,0.557,8.275,34.588
4628,4.524,1.493,17.816,0.136,0.184,0.806,0.527,8.308,32.971
4629,4.233,1.478,17.732,0.147,0.177,0.003,0.518,8.238,32.505
4630,4.700,1.495,17.697,0.133,0.181,0.002,0.506,8.337,33.036
4631,4.548,2.579,17.417,0.132,0.180,0.002,0.524,8.592,33.958
4632,4.937,1.491,18.162,0.138,0.180,0.003,0.521,8.349,34.617
4633,4.407,1.479,17.889,0.143,0.194,0.003,0.511,8.370,32.997
4634,4.572,1.493,17.942,0.137,0.184,0.002,0.516,8.583,33.460
4635,4.801,1.517,19.039,0.139,0.181,0.002,0.529,8.291,34.517
4636,4.320,1.513,25.183,0.135,0.181,0.002,0.533,8.365,40.262
4637,4.735,1.713,17.993,0.136,0.184,0.002,0.538,8.466,33.783
4638,4.593,1.439,18.232,0.133,0.174,0.002,0.509,8.272,33.377
4639,4.564,2.354,17.622,0.142,0.182,0.002,0.520,8.303,33.694
4640,5.018,1.507,20.573,0.135,0.171,0.002,0.544,8.503,36.487
4641,4.274,1.657,17.895,0.141,0.173,0.002,0.551,8.238,32.962
4642,5.202,1.476,17.959,0.136,0.179,0.003,0.522,8.235,33.726
4643,4.715,1.735,18.575,0.139,0.190,0.003,0.533,8.548,34.498
4644,4.912,1.624,22.300,0.143,0.198,0.002,0.522,8.276,37.979
4645,4.283,1.692,17.606,0.133,0.182,0.002,0.524,8.288,32.731
4646,4.647,1.810,18.351,0.135,0.181,0.002,0.518,8.643,34.311
4647,4.393,1.667,18.467,0.131,0.183,0.002,0.552,8.744,34.209
4648,4.252,1.640,24.498,0.139,0.207,0.733,0.496,8.325,39.536
4649,4.815,1.686,17.651,0.141,0.226,0.002,0.524,8.266,33.271
4650,4.805,4.325,18.115,0.144,0.226,0.002,0.544,8.355,36.507
4651,4.248,1.806,17.942,0.142,0.218,0.002,0.502,8.327,33.162
4652,4.549,1.485,18.638,0.141,0.206,0.002,0.523,8.685,34.212
4653,4.930,1.536,19.013,0.134,0.205,0.003,0.632,8.658,35.121
4654,4.794,1.814,17.916,0.133,0.203,0.002,0.520,8.390,33.771
4655,5.011,2.032,19.802,0.131,0.202,0.002,0.537,8.636,36.356
4656,4.927,1.571,23.834,0.133,0.202,0.002,0.525,8.463,39.655
4657,4.716,1.708,17.606,0.133,0.208,0.003,0.524,8.291,33.184
4658,4.885,1.962,17.687,0.133,0.209,0.002,0.500,8.418,33.782
4659,5.329,2.309,18.263,0.126,0.202,0.003,0.555,8.521,35.325
4660,4.335,1.924,18.277,0.131,0.171,0.941,0.528,8.476,33.894
4661,4.795,1.702,17.752,0.131,0.206,0.832,0.520,8.268,33.368
4662,4.804,1.712,18.197,0.133,0.207,0.002,0.580,8.317,33.946
4663,5.769,1.975,18.776,0.135,0.178,0.735,0.513,8.431,35.794
4664,4.412,2.141,26.230,0.140,0.187,0.003,0.519,8.582,42.220
4665,4.542,1.683,18.646,0.132,0.178,0.002,0.547,8.258,34.007
4666,5.200,1.692,18.890,0.131,0.168,0.002,0.512,8.419,35.046
4667,4.336,1.773,17.969,0.140,0.166,0.006,0.525,8.382,33.315
4668,4.976,1.529,20.164,0.137,0.175,0.003,0.518,8.250,35.771
4669,4.682,1.744,19.550,0.139,0.182,0.003,0.522,8.448,35.279
4670,4.676,1.473,17.639,0.145,0.181,0.002,0.527,8.636,33.292
4671,4.769,4.558,18.336,0.134,0.169,0.003,0.546,8.451,37.014
4672,4.898,1.650,20.657,0.132,0.168,0.003,0.536,8.489,36.569
4673,4.203,1.940,17.623,0.130,0.163,0.002,0.517,8.215,32.832
4674,4.624,1.514,18.285,0.129,0.169,0.002,0.514,8.326,33.599
4675,4.490,1.764,18.579,0.130,0.162,0.002,0.521,8.817,34.514
4676,4.312,1.548,20.687,0.138,0.177,0.003,0.523,8.957,36.364
4677,4.627,2.167,18.023,0.130,0.163,0.002,0.514,8.194,33.849
4678,4.562,1.453,18.019,0.131,0.166,0.003,0.515,8.208,33.087
4679,4.333,7.330,17.588,0.137,0.178,0.002,0.512,8.301,38.399
4680,4.242,1.504,20.296,0.132,0.177,0.002,0.514,8.398,35.295
4681,4.384,1.926,18.164,0.139,0.169,0.002,10.652,8.442,44.760
4682,4.982,1.427,17.886,0.134,0.167,0.003,0.561,8.324,33.513
4683,4.823,1.581,18.528,0.139,0.179,0.003,0.541,8.339,34.132
4684,4.665,2.293,26.123,0.132,0.171,0.003,0.526,8.193,42.118
4685,4.190,1.953,17.949,0.130,0.167,0.002,0.532,7.654,32.600
4686,4.734,1.710,17.811,0.137,0.174,0.002,0.504,8.659,33.737
4687,4.924,2.226,18.645,0.133,0.166,0.002,0.521,8.268,34.906
4688,5.459,2.170,23.583,0.132,0.166,0.003,0.531,8.432,40.496
4689,4.623,1.977,22.244,0.129,0.170,0.002,0.579,8.336,38.102
4690,5.277,2.503,21.247,0.138,0.170,0.002,0.526,8.359,38.240
4691,4.884,4.440,20.043,0.130,0.171,0.003,10.811,8.296,49.432
4692,5.665,5.918,68.908,0.129,0.167,0.002,0.604,9.231,90.681
4693,8.381,4.136,81.614,0.126,0.170,0.002,0.691,13.629,108.971
4694,7.568,2.041,18.910,0.136,0.167,0.002,0.536,9.837,39.222
4695,5.409,2.141,17.392,0.134,0.208,0.807,0.525,8.639,34.421
4696,5.390,2.333,19.099,0.138,0.200,0.003,0.513,8.613,36.256
4697,5.422,2.223,18.254,0.132,0.204,0.003,0.539,8.254,35.014
4698,5.031,3.752,18.164,0.136,0.209,0.003,0.529,8.652,36.438
4699,4.493,7.507,18.727,0.137,0.202,0.002,0.570,8.669,40.302
4700,4.583,2.197,22.631,0.144,0.185,0.811,0.543,8.327,38.596
4701,4.564,2.472,20.128,0.134,0.169,0.002,0.554,8.414,36.466
4702,5.778,2.293,21.752,0.145,0.143,0.824,10.995,8.318,51.076
4703,4.496,2.069,18.470,0.133,0.167,0.781,0.526,8.699,34.600
4704,4.341,1.724,20.406,0.138,0.196,0.911,0.536,8.327,35.671
4705,4.458,2.331,17.401,0.138,0.199,0.002,0.570,8.499,33.622
4706,5.685,2.108,18.430,0.141,0.200,0.002,0.557,8.874,36.020
4707,5.446,2.475,17.742,0.133,0.165,0.830,0.518,8.445,34.968
4708,6.550,1.539,21.907,0.141,0.196,0.918,0.532,8.521,39.392
4709,4.729,4.182,20.103,0.138,0.163,0.738,0.583,8.645,38.612
4710,6.019,5.338,20.674,0.139,0.164,0.002,0.788,8.873,42.056
4711,5.806,3.304,24.339,0.137,0.164,0.003,0.538,8.572,42.902
4712,6.433,1.608,23.301,0.134,0.167,0.002,0.543,8.367,40.601
4713,5.131,2.207,18.211,0.135,0.166,0.002,0.616,8.290,34.815
4714,4.587,1.887,17.752,0.144,0.147,0.747,0.542,8.654,33.763
4715,4.904,3.008,18.016,0.136,0.174,0.651,0.530,8.289,35.089
4716,4.922,2.321,25.287,0.146,0.174,0.003,0.541,8.623,42.037
4717,4.770,2.157,18.257,0.135,0.175,0.002,0.709,8.718,34.981
4718,5.197,2.140,21.227,0.138,0.173,0.002,0.568,8.407,37.890
4719,5.296,2.346,20.860,0.140,0.176,0.002,0.531,8.319,37.701
4720,4.526,1.970,20.353,0.143,0.177,0.002,0.550,8.293,36.036
4721,4.453,5.218,18.333,0.139,0.174,0.003,0.547,8.520,37.483
4722,4.806,2.226,18.552,0.141,0.174,0.003,0.582,8.314,34.842
4723,4.700,2.512,18.615,0.141,0.179,0.002,0.512,8.276,34.959
4724,4.584,2.562,21.911,0.150,0.187,0.002,0.556,8.454,38.438
4725,4.272,2.404,18.779,0.132,0.137,0.796,0.532,8.710,35.063
4726,4.600,2.334,18.504,0.139,0.167,0.700,0.542,8.374,34.710
4727,5.325,2.518,18.650,0.135,0.174,0.002,0.546,8.336,35.715
4728,4.745,2.514,20.269,0.139,0.181,0.002,0.540,8.577,36.988
4729,4.802,2.461,19.845,0.136,0.169,0.003,0.529,8.617,36.611
4730,4.534,2.258,18.372,0.132,0.170,0.002,0.519,8.296,34.320
4731,5.244,3.518,20.213,0.131,0.171,0.002,0.529,8.389,38.242
4732,4.279,2.370,22.120,0.144,0.183,0.003,0.561,8.453,38.154
4733,4.775,2.420,18.171,0.133,0.168,0.002,0.539,8.440,34.696
4734,5.049,2.365,19.625,0.133,0.168,0.002,0.586,8.376,36.362
4735,5.646,2.564,30.656,0.135,0.166,0.003,0.562,8.309,48.086
4736,4.456,2.410,21.870,0.142,0.184,0.002,0.519,8.621,38.228
4737,5.067,2.890,17.606,0.129,0.170,0.002,0.533,8.246,34.692
4738,4.971,2.363,17.849,0.131,0.160,0.002,0.548,8.335,34.416
4739,5.361,2.302,23.912,0.141,0.172,0.003,0.541,8.393,40.867
4740,4.972,2.452,21.852,0.137,0.171,0.002,0.598,8.424,38.650
4741,4.537,2.337,18.911,0.133,0.160,0.002,0.526,8.327,34.994
4742,4.490,2.341,18.351,0.129,0.158,0.002,0.543,8.621,34.699
4743,4.546,2.474,22.103,0.131,0.160,0.003,0.607,8.630,38.723
4744,7.913,3.718,25.292,0.139,0.172,0.002,0.594,8.530,46.412
4745,5.043,2.763,18.635,0.131,0.164,0.002,0.533,8.288,35.614
4746,4.787,2.230,17.665,0.135,0.162,0.002,0.561,8.374,33.970
4747,5.177,9.889,17.707,0.138,0.165,0.002,0.533,8.285,41.941
4748,4.236,1.819,19.696,0.135,0.166,0.002,0.533,8.363,34.994
4749,4.341,2.352,17.461,0.131,0.168,0.002,0.507,8.298,33.309
4750,4.909,2.219,17.590,0.129,0.162,0.002,0.552,8.419,34.060
4751,4.911,2.021,17.934,0.133,0.165,0.003,0.547,8.331,34.095
4752,4.629,2.064,21.645,0.137,0.171,0.003,0.552,8.193,37.433
4753,4.871,1.866,18.046,0.131,0.167,0.002,0.506,8.549,34.187
4754,4.734,1.733,18.554,0.131,0.165,0.002,0.527,8.205,34.112
4755,4.879,1.919,19.356,0.130,0.164,0.003,0.554,8.597,35.669
4756,5.107,1.844,20.270,0.137,0.171,0.002,0.563,8.486,36.646
4757,4.283,2.269,17.641,0.125,0.157,0.002,0.539,8.338,33.417
4758,4.580,1.823,17.929,0.130,0.160,0.003,0.526,8.373,33.571
4759,4.991,1.803,17.745,0.130,0.160,0.002,13.200,8.398,47.310
4760,4.875,1.755,18.314,0.140,0.172,0.003,0.539,8.393,34.201
4761,4.255,2.136,19.330,0.136,0.170,0.002,0.630,8.408,35.084
4762,4.721,1.691,17.932,0.132,0.162,0.002,0.521,8.259,33.446
4763,4.452,1.821,20.178,0.173,0.199,0.679,0.535,8.949,36.253
4764,5.481,2.200,34.524,0.137,0.200,0.003,0.623,8.501,52.296
4765,4.537,2.261,17.665,0.129,0.202,0.002,0.560,8.212,33.528
4766,4.810,1.854,17.705,0.133,0.203,0.003,0.533,8.367,33.553
4767,4.685,2.239,17.581,0.146,0.205,0.003,0.528,8.312,33.723
4768,5.147,1.494,18.449,0.133,0.200,0.639,0.527,8.896,35.640
4769,4.626,2.713,17.743,0.131,0.201,0.745,0.541,8.371,34.321
4770,4.566,1.675,17.573,0.142,0.238,0.003,0.530,8.272,32.934
4771,5.611,1.975,17.574,0.134,0.202,0.003,0.528,8.294,34.297
4772,4.373,1.488,20.426,0.134,0.213,0.002,0.562,8.545,35.717
4773,4.863,1.935,18.001,0.135,0.203,0.003,0.566,8.605,34.310
4774,5.054,1.473,17.604,0.133,0.204,0.003,0.537,8.236,33.228
4775,5.633,1.553,18.103,0.147,0.223,0.002,0.545,8.326,34.482
4776,4.522,1.523,19.026,0.136,0.204,0.002,0.533,8.615,34.538
4777,4.611,1.683,17.443,0.128,0.209,0.002,0.504,8.256,32.819
4778,4.743,1.466,17.408,0.138,0.220,0.002,0.524,8.223,32.673
4779,4.633,2.005,17.878,0.139,0.225,0.003,0.556,8.373,33.772
4780,4.694,1.481,20.076,0.138,0.206,0.002,0.526,8.445,35.531
4781,4.640,1.690,18.866,0.131,0.205,0.002,0.514,8.286,34.314
4782,4.690,1.469,17.451,0.134,0.210,0.002,0.523,8.332,32.783
4783,4.495,1.795,18.002,0.137,0.210,0.002,0.533,8.556,33.714
4784,4.980,1.554,18.060,0.144,0.225,0.002,0.555,8.525,34.018
4785,4.298,1.676,17.649,0.137,0.209,0.002,0.517,8.161,32.620
4786,4.497,1.449,17.234,0.132,0.204,0.002,0.519,8.249,32.267
4787,4.495,1.448,17.273,0.141,0.221,0.002,0.505,8.208,32.247
4788,4.956,2.254,18.116,0.131,0.203,0.002,11.242,8.304,45.951
4789,5.093,1.474,18.147,0.132,0.209,0.003,0.530,8.226,33.839
4790,4.477,1.428,17.935,0.133,0.210,0.002,0.523,9.030,33.765
4791,5.084,1.529,20.801,0.133,0.211,0.003,0.543,8.438,36.759
4792,4.896,1.676,19.998,0.134,0.209,1.625,0.549,8.209,35.678
4793,4.182,1.474,17.387,0.133,0.209,0.002,0.521,8.263,32.170
4794,4.580,1.430,17.197,0.133,0.209,0.707,0.507,8.294,32.348
4795,4.230,1.509,17.308,0.132,0.210,0.002,0.501,8.178,32.062
4796,4.229,1.434,19.814,0.132,0.208,0.002,0.516,8.276,34.608
4797,4.563,1.496,18.402,0.130,0.208,0.002,0.512,8.723,34.040
4798,4.567,1.469,17.448,0.132,0.207,0.002,0.510,8.560,32.901
4799,4.258,2.555,16.673,0.134,0.213,1.513,0.497,8.218,32.533
4800,3.955,1.434,18.129,0.133,0.208,0.003,0.521,8.206,33.488
4801,4.902,1.455,17.648,0.131,0.209,0.002,9.585,8.193,42.953
4802,4.678,1.457,18.023,0.131,0.209,0.002,0.514,8.227,33.243
4803,4.571,1.481,17.821,0.139,0.224,1.177,0.516,8.526,33.963
4804,4.304,1.510,18.289,0.131,0.210,0.002,0.546,8.422,33.403
4805,4.218,1.693,17.802,0.135,0.210,0.003,0.512,8.197,32.735
4806,5.332,2.830,17.923,0.154,0.213,0.003,0.514,8.279,35.181
4807,4.448,1.662,18.327,0.135,0.212,0.002,0.531,8.321,33.603
4808,4.636,1.514,22.415,0.142,0.225,0.003,0.531,8.291,37.703
4809,4.231,1.872,17.489,0.134,0.208,0.002,0.577,8.483,32.978
4810,4.654,1.592,17.597,0.134,0.207,0.003,0.580,8.313,33.064
4811,5.232,2.160,17.461,0.133,0.209,0.002,0.521,8.222,33.901
4812,4.353,1.773,19.346,0.137,0.224,0.002,0.515,8.756,35.047
4813,4.250,1.584,17.268,0.131,0.212,0.002,0.502,8.158,32.058
4814,4.585,2.451,17.553,0.133,0.211,0.002,0.488,8.309,33.688
4815,4.397,1.927,17.890,0.133,0.213,0.002,0.488,8.256,33.253
4816,5.337,1.718,17.913,0.139,0.224,0.002,0.537,8.712,34.535
4817,4.636,1.730,17.754,0.129,0.208,0.002,0.500,8.337,33.253
4818,4.682,1.515,17.492,0.133,0.207,0.002,0.504,8.238,32.733
4819,5.011,1.516,17.499,0.131,0.212,0.002,0.524,8.287,33.155
4820,4.787,1.487,18.005,0.139,0.227,0.002,0.534,8.694,33.820
4821,4.268,1.797,17.594,0.133,0.210,0.002,0.524,8.292,32.788
4822,4.804,1.442,17.611,0.136,0.210,1.337,0.514,8.305,32.981
4823,4.992,2.815,17.699,0.136,0.207,0.003,0.535,8.542,34.906
4824,5.232,1.718,19.837,0.134,0.209,0.002,0.526,8.361,35.981
4825,5.714,1.448,17.472,0.138,0.212,0.003,0.502,8.337,33.772
4826,4.806,1.857,18.005,0.134,0.211,0.003,0.540,8.282,33.804
4827,4.993,1.456,17.346,0.132,0.208,0.002,0.514,8.262,32.873
4828,4.330,1.485,24.719,0.134,0.207,0.002,0.517,8.244,39.597
4829,4.242,1.485,17.411,0.132,0.208,0.003,0.508,8.529,32.478
4830,4.629,1.597,17.781,0.145,0.232,0.003,0.500,8.874,33.692
4831,4.412,1.737,18.737,0.144,0.223,0.002,0.506,8.310,34.008
4832,4.177,1.514,18.193,0.132,0.209,0.002,0.511,8.493,33.186
4833,4.240,1.584,17.601,0.133,0.208,0.002,0.508,8.188,32.421
4834,4.660,1.482,17.364,0.132,0.202,0.002,0.510,8.373,32.695
4835,4.693,2.862,17.786,0.131,0.201,0.002,0.498,8.239,35.228
4836,4.527,1.523,17.987,0.130,0.196,0.002,0.518,8.289,33.186
4837,4.234,1.493,17.271,0.132,0.202,0.002,0.522,8.235,32.094
4838,4.600,1.563,17.533,0.131,0.201,0.002,0.525,8.341,32.911
4839,5.060,1.789,17.418,0.133,0.202,0.002,0.506,8.835,33.950
4840,4.451,1.491,17.894,0.137,0.216,0.002,9.990,8.401,43.369
4841,4.289,1.491,17.667,0.135,0.203,0.002,0.522,8.234,32.510
4842,4.460,1.601,17.570,0.136,0.203,1.133,0.562,8.364,33.670
4843,5.842,1.601,18.496,0.144,0.215,0.003,10.169,8.232,45.424
4844,4.226,2.631,20.077,0.142,0.206,0.003,0.513,8.237,36.930
4845,4.216,1.495,17.615,0.134,0.201,0.003,0.566,8.295,32.526
4846,4.584,1.539,17.678,0.133,0.204,0.002,0.520,8.405,33.068
4847,4.357,1.533,17.358,0.140,0.208,0.003,0.518,8.481,33.378
4848,4.404,1.511,22.834,0.135,0.204,0.002,0.576,8.239,38.820
4849,6.878,1.576,23.617,0.133,0.204,0.002,0.566,8.557,42.235
4850,4.570,1.486,17.530,0.134,0.206,0.002,0.538,8.524,32.954
4851,4.346,1.896,18.384,0.142,0.209,0.003,0.539,8.324,33.792
4852,5.237,1.726,28.077,0.136,0.206,0.003,0.537,8.261,44.144
4853,4.274,1.487,18.227,0.130,0.205,0.003,0.547,8.292,33.131
4854,4.533,1.555,18.522,0.132,0.206,0.002,10.894,8.553,45.097
4855,4.389,1.799,17.723,0.134,0.204,0.002,9.958,8.633,43.465
4856,4.588,1.748,19.034,0.152,0.216,0.005,0.549,8.711,34.953
4857,4.339,1.638,17.724,0.133,0.205,0.003,0.508,8.304,32.826
4858,4.731,1.526,17.538,0.135,0.223,0.003,0.497,8.314,32.919
4859,4.437,1.529,17.625,0.138,0.205,0.002,0.527,8.330,32.767
4860,4.202,1.510,18.261,0.137,0.202,0.002,0.549,8.386,33.231
4861,4.406,1.779,19.614,0.133,0.169,0.761,0.531,8.499,35.147
4862,5.282,1.596,25.504,0.137,0.170,0.003,0.519,8.277,41.498
4863,4.448,2.439,20.520,0.136,0.171,0.002,0.534,8.555,36.818
4864,4.315,1.623,21.452,0.137,0.170,0.003,0.569,8.390,36.688
4865,4.243,1.474,17.635,0.137,0.177,0.003,0.515,8.412,33.345
4866,4.720,1.453,17.793,0.141,0.182,0.003,9.793,8.328,43.093
4867,4.303,1.475,17.573,0.142,0.183,0.002,0.515,9.092,33.271
4868,4.502,1.489,18.452,0.140,0.179,0.748,0.554,8.597,33.917
4869,4.115,1.450,17.297,0.139,0.177,0.002,0.513,8.486,32.170
4870,4.628,1.476,18.035,0.139,0.183,0.002,0.529,8.310,33.282
4871,5.237,1.516,17.398,0.141,0.182,0.002,0.517,8.435,33.408
4872,4.280,1.526,18.316,0.139,0.175,0.727,0.547,8.460,33.460
4873,4.413,3.055,17.737,0.148,0.174,0.002,0.512,8.220,34.242
4874,4.558,1.464,17.707,0.160,0.194,0.003,0.508,8.208,32.750
4875,4.371,1.481,17.504,0.140,0.207,0.644,0.508,8.213,32.382
4876,4.374,1.478,18.842,0.142,0.209,0.002,0.550,8.416,33.990
4877,4.305,1.760,17.661,0.140,0.204,0.002,0.500,8.242,32.771
4878,4.760,1.450,17.355,0.145,0.212,0.002,0.507,8.225,32.591
4879,5.089,1.482,17.952,0.139,0.201,0.003,0.549,8.375,33.764
4880,4.485,1.518,19.312,0.149,0.221,0.002,0.537,8.376,34.539
4881,4.152,1.473,17.992,0.134,0.192,1.284,0.502,8.180,32.596
4882,4.561,1.667,17.669,0.143,0.194,0.002,0.474,8.326,32.987
4883,4.288,1.817,17.448,0.140,0.196,0.003,0.505,8.249,32.602
4884,6.893,1.491,19.179,0.139,0.193,0.003,0.536,8.366,36.780
4885,4.576,1.623,17.636,0.136,0.161,0.623,0.514,8.254,32.902
4886,4.583,1.472,17.728,0.134,0.164,0.002,0.555,8.453,33.094
4887,5.009,1.610,17.438,0.137,0.165,0.003,0.503,8.641,33.508
4888,4.370,1.827,18.310,0.137,0.162,0.002,0.515,8.767,34.092
4889,4.454,1.620,17.916,0.146,0.165,0.002,0.522,8.211,33.026
4890,4.567,1.733,17.847,0.137,0.165,0.002,0.499,8.230,33.170
4891,4.617,1.641,17.829,0.144,0.178,0.003,0.522,8.506,33.416
4892,5.192,1.612,18.421,0.132,0.162,0.002,0.518,8.517,34.572
4893,4.144,1.814,17.295,0.141,0.168,0.003,0.509,8.192,32.256
4894,4.674,1.828,18.095,0.135,0.163,0.002,0.517,8.247,33.660
4895,4.983,1.835,17.962,0.133,0.163,0.002,0.507,8.512,34.097
4896,4.658,1.872,18.311,0.133,0.161,0.002,0.522,8.607,34.282
4897,4.140,1.605,17.358,0.132,0.163,0.002,0.470,8.429,32.285
4898,4.655,1.584,17.564,0.140,0.161,0.002,0.494,8.444,33.034
4899,4.748,1.668,17.702,0.139,0.198,0.705,0.514,8.690,33.615
4900,4.294,1.623,17.477,0.134,0.196,0.002,0.530,8.333,32.573
4901,4.324,1.803,17.651,0.140,0.196,0.002,0.517,8.221,32.824
4902,4.613,1.582,17.606,0.138,0.162,0.722,0.515,8.505,33.119
4903,8.039,1.779,19.430,0.138,0.161,0.002,0.564,8.258,39.121
4904,4.884,2.496,17.871,0.137,0.162,0.002,0.520,8.310,34.422
4905,4.395,1.692,17.364,0.134,0.192,0.766,0.496,8.251,32.533
4906,4.553,1.601,17.384,0.138,0.199,0.002,0.520,8.462,32.860
4907,5.072,1.660,17.958,0.141,0.195,0.002,0.542,8.345,33.931
4908,4.602,1.657,18.058,0.144,0.194,0.002,10.043,8.250,43.583
4909,4.945,1.798,17.949,0.135,0.188,0.002,9.349,8.178,43.298
4910,4.247,1.541,17.594,0.136,0.187,0.002,0.529,8.304,32.599
4911,4.298,2.203,17.542,0.134,0.184,0.002,0.517,8.527,33.427
4912,5.115,1.621,28.224,0.134,0.187,0.003,0.522,8.231,44.063
4913,4.142,1.590,18.904,0.138,0.196,0.002,0.521,8.205,33.705
4914,4.517,1.662,18.079,0.137,0.189,0.003,0.501,8.763,33.863
4915,5.079,5.018,18.419,0.141,0.187,0.002,0.570,9.206,38.666
4916,5.027,1.767,19.552,0.140,0.153,0.723,0.517,8.447,35.653
4917,4.164,1.510,17.336,0.137,0.153,0.002,0.491,8.584,32.425
4918,4.677,1.727,17.821,0.149,0.167,0.002,0.518,8.262,33.368
4919,5.033,1.854,18.037,0.136,0.148,0.002,0.556,8.567,34.416
4920,4.190,1.607,18.435,0.135,0.152,0.003,0.517,8.739,33.834
4921,4.979,1.607,17.333,0.147,0.165,0.002,0.510,8.241,33.009
4922,5.184,1.569,18.492,0.139,0.157,0.002,0.503,8.222,34.318
4923,5.133,1.499,18.243,0.144,0.170,0.002,0.497,8.361,34.083
4924,4.548,3.132,18.096,0.146,0.169,0.002,0.553,8.826,35.526
4925,4.258,1.466,17.738,0.134,0.155,0.003,0.510,8.495,32.817
4926,4.573,1.462,17.361,0.134,0.161,0.002,0.517,8.198,32.451
4927,4.346,1.438,17.606,0.137,0.163,0.003,0.543,8.349,32.648
4928,4.922,1.473,18.258,0.139,0.161,0.002,0.488,8.735,34.212
4929,4.148,1.693,17.632,0.134,0.164,0.002,0.522,8.405,32.745
4930,4.287,1.425,17.330,0.134,0.159,0.002,0.506,8.355,32.250
4931,4.385,1.449,17.400,0.138,0.160,0.002,0.508,8.223,32.313
4932,4.278,1.592,18.690,0.136,0.157,0.002,9.372,8.294,44.194
4933,4.495,1.702,17.645,0.135,0.155,0.002,0.508,8.183,32.877
4934,4.597,1.435,17.453,0.136,0.159,0.002,9.298,8.361,42.194
4935,4.254,2.235,17.432,0.131,0.158,0.002,0.511,8.548,33.326
4936,4.152,1.467,17.770,0.142,0.168,0.002,0.494,8.320,32.546
4937,4.150,1.669,17.688,0.132,0.160,0.002,0.507,8.553,32.907
4938,4.573,1.530,18.077,0.138,0.161,0.002,0.513,8.297,33.332
4939,5.153,1.699,17.541,0.137,0.158,0.002,8.879,8.313,43.446
4940,4.595,1.507,18.021,0.140,0.165,0.002,0.501,8.216,33.186
4941,4.172,1.426,17.534,0.136,0.159,0.002,0.502,8.215,32.193
4942,4.572,1.818,17.742,0.134,0.159,0.002,0.501,8.213,33.188
4943,4.579,1.641,18.731,0.139,0.161,0.003,8.965,8.214,43.669
4944,4.192,1.644,19.166,0.138,0.147,0.736,0.494,8.130,33.970
4945,4.191,1.436,17.300,0.137,0.152,0.002,0.529,8.645,32.450
4946,5.220,1.832,17.903,0.138,0.168,0.761,0.560,8.261,34.148
4947,4.541,2.137,18.116,0.139,0.164,0.002,0.509,8.290,33.943
4948,4.306,1.492,20.716,0.140,0.161,0.002,0.547,8.193,35.623
4949,4.210,1.467,17.569,0.141,0.181,1.324,0.511,8.208,32.310
4950,4.556,1.428,17.354,0.148,0.188,0.003,0.519,8.355,32.557
4951,4.324,1.483,17.613,0.145,0.187,0.002,0.515,8.299,32.579
4952,5.229,1.712,20.045,0.142,0.176,0.003,0.540,8.374,36.265
4953,4.191,1.471,17.605,0.141,0.177,0.002,0.499,8.211,32.322
4954,4.581,1.629,17.243,0.153,0.185,0.003,0.515,8.222,32.537
4955,4.245,1.433,17.324,0.133,0.177,0.002,0.500,8.174,32.027
4956,4.566,1.469,17.493,0.136,0.179,0.002,0.536,8.422,32.853
4957,4.599,1.470,17.374,0.138,0.182,0.003,0.498,8.201,32.482
4958,4.775,3.083,17.702,0.146,0.193,0.002,0.515,8.222,34.640
4959,4.267,1.444,17.499,0.145,0.170,0.808,0.522,8.214,32.292
4960,4.286,1.473,18.486,0.139,0.161,0.002,0.541,8.508,33.664
4961,4.147,1.437,17.361,0.141,0.169,0.002,0.529,8.211,32.031
4962,4.577,1.376,17.349,0.139,0.163,0.003,8.510,8.202,41.698
4963,4.367,1.716,17.533,0.142,0.164,0.002,0.517,8.425,32.904
4964,4.544,1.498,17.758,0.140,0.164,0.002,0.511,8.334,32.991
4965,4.636,1.671,17.583,0.140,0.168,0.002,0.522,8.290,33.054
4966,4.607,1.447,17.281,0.152,0.178,0.003,0.509,8.238,32.432
4967,4.700,1.693,17.325,0.137,0.163,0.002,0.508,8.528,33.097
4968,4.465,1.685,20.094,0.140,0.183,1.554,0.499,8.865,35.953
4969,4.392,1.841,19.622,0.141,0.182,0.002,0.550,8.818,35.566
4970,5.217,1.412,17.900,0.146,0.182,0.003,0.573,8.493,33.976
4971,4.559,1.707,17.503,0.134,0.176,0.002,0.566,8.758,33.463
4972,4.554,1.476,17.526,0.142,0.184,0.002,0.498,8.257,32.656
4973,4.775,1.501,17.175,0.144,0.187,0.002,0.534,8.252,32.582
4974,4.567,1.449,17.450,0.139,0.183,0.002,0.513,8.229,32.546
4975,4.364,1.542,17.706,0.153,0.198,0.002,0.497,8.607,33.051
4976,5.618,1.484,23.316,0.138,0.169,0.664,0.487,8.245,39.478
4977,4.142,1.653,17.564,0.150,0.172,0.003,0.516,8.445,32.658
4978,4.608,1.461,17.599,0.138,0.159,0.002,0.501,8.275,32.779
4979,5.066,2.263,17.444,0.135,0.157,0.002,0.505,8.306,33.923
4980,4.209,1.477,17.700,0.138,0.161,0.003,0.528,8.644,32.914
4981,4.175,1.443,17.365,0.138,0.163,0.002,0.509,8.197,32.030
4982,4.540,1.425,17.362,0.141,0.166,0.003,8.695,8.189,41.685
4983,4.534,1.450,18.676,0.134,0.163,0.002,0.535,8.732,34.291
4984,36.398,6.139,74.356,0.136,0.159,0.002,0.609,8.490,126.347
4985,4.273,1.605,17.804,0.135,0.166,0.002,0.528,8.356,32.904
4986,5.333,1.799,17.582,0.137,0.164,0.002,0.500,8.402,33.956
4987,4.585,1.609,18.667,0.146,0.168,0.002,0.536,8.416,34.164
4988,4.749,1.971,26.877,0.137,0.181,0.767,0.546,8.539,43.025
4989,4.777,1.680,17.458,0.137,0.181,0.002,0.519,8.235,33.011
4990,4.602,1.635,17.209,0.138,0.177,0.002,0.531,8.243,32.565
4991,4.534,3.907,17.462,0.137,0.175,0.003,0.535,8.389,35.182
4992,4.567,1.699,18.288,0.139,0.177,0.002,0.524,8.507,33.931
4993,4.120,1.905,17.555,0.138,0.159,1.335,0.502,8.215,32.636
4994,4.596,1.740,17.530,0.139,0.163,0.002,0.509,8.367,33.083
4995,4.468,1.942,17.557,0.131,0.165,0.002,0.514,8.452,33.274
4996,4.610,1.585,27.419,0.136,0.160,0.002,1.242,13.828,49.058
4997,47.569,2.279,27.619,0.147,0.158,0.003,0.592,8.307,86.708
4998,4.297,1.609,17.382,0.137,0.160,0.002,0.533,8.296,32.480
4999,4.332,1.833,17.572,0.137,0.165,0.003,0.526,8.423,33.032
5000,4.253,1.537,19.384,0.133,0.162,0.002,0.517,8.465,34.498
5001,4.300,1.622,17.515,0.136,0.169,0.002,8.242,8.222,40.966
5002,4.587,1.601,18.051,0.149,0.186,0.003,0.510,8.268,33.328
5003,4.931,2.042,17.341,0.143,0.152,0.767,0.509,8.321,33.454
5004,4.321,1.860,19.022,0.131,0.154,0.002,0.533,8.211,34.258
5005,4.493,2.000,17.676,0.130,0.150,0.002,0.529,8.627,33.642
5006,4.956,1.608,17.462,0.129,0.147,0.002,0.543,8.278,33.173
5007,4.299,2.174,17.515,0.128,0.150,0.002,0.547,8.234,33.097
5008,4.595,1.500,17.692,0.130,0.150,0.002,8.330,8.144,41.328
5009,4.189,1.533,17.272,0.143,0.171,0.002,0.524,8.425,32.263
5010,4.643,1.486,17.505,0.127,0.148,0.002,0.531,8.438,32.929
5011,4.295,1.534,17.400,0.125,0.143,0.002,0.517,8.319,32.392
5012,4.537,1.703,17.680,0.129,0.145,0.002,8.557,8.255,41.775
5013,4.249,1.489,17.480,0.128,0.152,0.002,0.498,8.230,32.271
5014,4.782,1.454,17.517,0.128,0.144,0.002,0.537,8.529,33.177
5015,4.984,3.015,17.830,0.134,0.154,0.003,8.722,8.223,43.766
5016,5.037,1.603,18.689,0.126,0.149,0.002,0.511,8.304,34.497
5017,4.245,1.577,17.358,0.124,0.148,0.002,0.516,8.263,32.306
5018,4.678,1.451,17.422,0.124,0.148,0.002,0.522,8.259,32.693
5019,4.384,1.938,18.179,0.126,0.154,0.002,0.527,8.346,33.717
5020,5.376,1.747,17.662,0.134,0.157,0.002,0.541,8.273,33.974
5021,4.149,1.697,17.504,0.125,0.143,0.694,0.521,8.204,33.686
5022,4.671,1.451,18.487,0.133,0.157,0.002,0.505,8.316,33.770
5023,4.444,1.573,17.738,0.125,0.141,0.002,0.529,8.322,32.945
5024,4.490,1.521,17.640,0.128,0.174,1.389,0.510,8.307,32.803
5025,4.157,1.768,17.633,0.135,0.183,0.002,0.514,8.201,33.194
5026,4.140,1.504,17.560,0.129,0.173,0.002,0.517,8.247,32.269
5027,4.273,1.495,17.567,0.124,0.166,0.002,0.515,8.232,32.388
5028,4.260,1.690,24.327,0.126,0.170,0.002,0.506,8.330,39.416
5029,4.718,1.490,20.621,0.125,0.171,0.002,0.530,8.519,36.193
5030,4.780,1.476,17.931,0.123,0.171,0.002,0.515,8.212,33.218
5031,5.355,1.685,18.061,0.126,0.168,0.002,0.545,8.342,34.314
5032,4.909,1.451,20.006,0.127,0.169,0.002,0.493,8.303,35.459
5033,4.156,1.450,17.293,0.133,0.185,0.002,0.515,8.238,31.964
5034,4.583,1.907,17.520,0.127,0.139,0.714,0.498,8.566,33.374
5035,4.243,2.918,17.481,0.127,0.141,0.002,0.496,8.214,33.651
5036,4.338,1.553,18.079,0.132,0.151,0.002,0.487,8.631,33.384
5037,4.186,1.485,17.524,0.128,0.139,0.003,0.495,8.492,32.480
5038,4.274,1.651,17.784,0.129,0.143,0.002,0.520,8.262,32.795
5039,4.405,1.538,17.618,0.123,0.140,0.002,0.517,8.480,33.600
5040,4.211,1.457,18.781,0.127,0.141,0.002,0.508,8.285,33.575
5041,4.210,1.457,19.147,0.125,0.141,0.002,0.509,8.426,34.090
5042,4.966,1.538,17.764,0.126,0.139,0.002,0.501,8.790,34.583
5043,5.044,1.508,18.701,0.125,0.141,0.002,0.499,8.880,34.935
5044,4.962,27.380,16.693,0.128,0.140,0.002,0.504,8.252,58.092
5045,4.144,1.461,17.356,0.125,0.139,0.002,8.022,8.212,40.289
5046,4.146,1.710,18.719,0.129,0.140,0.002,0.508,8.274,33.698
5047,4.572,4.252,17.313,0.125,0.140,0.002,0.508,8.518,35.501
5048,4.558,1.673,21.178,0.125,0.142,0.002,0.527,8.255,36.532
5049,5.052,1.563,17.693,0.121,0.141,0.003,0.512,8.277,33.423
5050,4.179,1.456,17.918,0.128,0.143,0.002,0.501,8.130,32.510
5051,4.171,1.742,17.349,0.124,0.140,0.002,0.474,8.451,32.509
5052,4.854,1.454,17.349,0.126,0.143,0.002,0.493,8.355,32.830
5053,4.316,1.518,17.969,0.133,0.151,0.002,0.511,8.302,32.954
5054,4.311,1.618,18.666,0.126,0.143,0.002,0.503,8.616,34.043
5055,4.897,1.405,17.152,0.121,0.138,0.002,0.523,8.228,32.537
5056,4.561,2.110,18.877,0.130,0.141,0.002,0.527,8.323,35.416
5057,4.598,1.505,18.044,0.136,0.153,0.002,0.518,8.506,33.463
5058,4.994,1.763,21.300,0.129,0.140,0.002,0.542,8.417,37.336
5059,4.150,1.446,17.544,0.124,0.141,0.002,0.509,8.246,32.184
5060,4.260,2.995,17.496,0.126,0.143,0.002,0.510,8.288,33.840
5061,4.227,1.517,17.644,0.125,0.142,0.002,0.552,8.362,32.617
5062,4.576,1.663,17.772,0.127,0.139,0.002,0.506,8.254,33.070
5063,4.298,1.371,17.465,0.125,0.140,0.003,0.539,8.213,32.203
5064,4.237,1.452,17.513,0.132,0.183,0.768,0.557,8.358,32.435
5065,4.250,1.495,17.493,0.124,0.171,0.002,0.511,8.626,32.668
5066,4.566,1.810,18.689,0.124,0.171,0.002,0.500,8.302,34.165
5067,4.324,1.557,17.267,0.126,0.171,0.002,0.507,7.555,31.514
5068,4.587,1.485,17.793,0.126,0.174,0.002,0.513,8.274,32.956
5069,4.318,5.776,17.997,0.123,0.174,0.002,0.512,8.582,37.488
5070,5.178,1.508,17.955,0.127,0.172,0.002,0.515,8.214,33.666
5071,4.215,1.550,17.323,0.125,0.173,0.002,0.541,8.269,32.199
5072,4.306,1.618,17.762,0.127,0.171,0.002,0.515,8.240,32.738
5073,4.356,1.661,17.517,0.120,0.178,0.002,0.492,8.351,32.670
5074,4.854,1.475,17.751,0.123,0.173,0.002,0.507,8.344,33.229
5075,4.174,1.714,17.502,0.124,0.174,0.002,0.484,8.198,32.363
5076,4.293,1.422,17.855,0.121,0.169,0.002,0.539,8.772,33.194
5077,4.234,1.511,17.903,0.133,0.192,0.002,0.494,8.378,32.815
5078,4.384,2.078,17.935,0.122,0.142,0.713,0.512,8.328,33.540
5079,4.782,1.388,17.227,0.125,0.139,0.002,0.498,8.219,32.413
5080,4.187,1.428,17.983,0.125,0.142,0.002,0.526,8.480,32.912
5081,4.940,1.460,17.506,0.151,0.158,0.002,0.513,8.390,33.107
5082,4.955,1.471,17.638,0.124,0.144,0.002,0.512,8.545,33.417
5083,4.525,1.375,17.467,0.126,0.141,0.002,0.528,8.226,32.425
5084,4.521,1.422,17.479,0.126,0.139,0.002,9.321,8.338,42.104
5085,4.546,1.725,17.653,0.122,0.141,0.002,0.502,8.282,33.000
5086,4.206,1.481,17.869,0.129,0.149,0.002,8.456,8.214,41.294
5087,4.159,1.450,17.188,0.131,0.147,0.002,0.516,8.490,32.109
5088,4.940,1.699,17.776,0.127,0.145,0.002,0.543,8.266,33.528
5089,4.621,4.291,18.257,0.123,0.145,0.002,0.526,8.198,37.541
5090,4.448,1.483,18.224,0.123,0.143,0.002,0.541,8.333,33.368
5091,5.155,1.468,17.352,0.132,0.147,0.002,0.530,8.530,33.370
5092,4.604,1.433,17.566,0.121,0.146,0.002,0.507,8.614,33.045
5093,4.483,1.471,18.263,0.123,0.158,1.231,0.508,8.255,33.300
5094,4.299,1.523,20.972,0.126,0.149,0.002,0.551,8.611,36.298
5095,4.215,1.477,17.325,0.130,0.152,0.002,0.482,8.485,32.297
5096,4.318,1.457,17.494,0.124,0.152,0.002,0.502,8.255,32.344
5097,4.778,1.752,17.616,0.124,0.151,0.766,0.514,8.281,33.265
5098,4.597,1.844,26.351,0.124,0.141,0.002,0.542,8.396,42.073
5099,4.174,1.461,17.465,0.124,0.149,0.002,0.487,8.170,32.881
5100,4.193,1.452,17.549,0.121,0.146,0.002,0.514,8.548,32.559
5101,4.633,1.529,21.978,0.122,0.145,0.002,0.514,8.489,37.455
5102,4.484,1.542,17.859,0.128,0.144,0.002,0.514,8.382,33.086
5103,4.341,1.466,17.215,0.122,0.145,0.002,0.516,8.238,32.086
5104,4.703,1.438,17.455,0.120,0.136,0.002,0.526,8.248,32.677
5105,4.694,1.759,17.763,0.121,0.156,0.002,0.511,8.259,33.299
5106,4.644,1.466,20.191,0.127,0.157,0.002,0.539,8.295,35.468
5107,4.154,1.429,17.658,0.126,0.149,0.002,0.516,8.199,32.258
5108,4.291,1.476,18.529,0.126,0.145,0.002,9.728,8.489,44.391
5109,4.286,3.556,17.290,0.127,0.147,0.002,0.510,8.332,34.301
5110,5.105,1.713,17.843,0.125,0.144,0.002,0.534,8.264,33.791
5111,4.146,1.424,17.273,0.126,0.140,0.002,0.490,8.204,31.848
5112,4.301,1.459,17.858,0.125,0.142,0.002,0.513,8.338,32.799
5113,4.265,1.788,18.257,0.119,0.139,0.002,0.513,8.365,33.523
5114,4.311,1.526,17.462,0.123,0.141,0.002,0.506,8.273,32.404
5115,5.226,1.383,17.215,0.134,0.145,0.002,0.572,8.478,33.227
5116,4.220,1.681,17.911,0.128,0.138,0.002,0.506,8.253,33.544
5117,4.516,2.737,17.994,0.126,0.140,0.002,0.544,8.332,34.449
5118,4.323,1.711,19.439,0.129,0.137,0.002,0.509,8.688,34.971
5119,4.462,1.639,17.645,0.124,0.141,0.002,0.509,8.208,32.758
5120,4.281,1.497,17.537,0.124,0.142,0.003,0.515,8.301,32.433
5121,4.589,1.477,17.859,0.125,0.144,0.002,0.529,8.315,33.073
5122,4.981,1.499,17.466,0.125,0.152,0.002,0.514,8.426,33.198
5123,4.579,1.405,17.307,0.122,0.147,0.002,0.511,8.260,32.362
5124,4.342,1.449,17.438,0.133,0.153,0.002,0.512,8.304,32.343
5125,4.421,1.507,17.379,0.122,0.141,0.002,0.505,8.953,33.069
5126,4.352,3.009,17.729,0.130,0.148,0.002,0.518,8.557,34.468
5127,4.527,1.671,17.524,0.124,0.143,0.002,0.512,8.253,32.804
5128,4.542,1.501,17.378,0.123,0.141,0.002,8.866,8.247,41.619
5129,4.341,1.520,17.517,0.127,0.142,0.002,0.510,8.292,32.501
5130,4.631,1.616,18.199,0.128,0.143,0.002,0.525,8.385,33.675
5131,4.160,1.437,17.237,0.133,0.142,0.002,0.499,8.480,32.129
5132,4.570,1.661,18.200,0.127,0.144,0.002,0.502,8.297,33.549
5133,4.587,1.566,17.624,0.123,0.144,0.002,0.603,8.288,34.303
5134,4.621,1.646,17.982,0.128,0.140,0.002,0.512,8.322,33.388
5135,4.595,1.415,17.468,0.128,0.140,0.002,0.504,8.226,32.507
5136,4.222,4.907,18.052,0.129,0.171,0.745,0.508,8.534,36.521
5137,4.388,1.674,17.631,0.131,0.170,0.002,0.529,8.282,32.812
5138,4.724,1.874,19.954,0.131,0.174,0.002,0.513,7.832,35.198
5139,4.299,1.651,17.258,0.145,0.176,0.002,0.512,8.253,32.277
5140,4.592,1.601,18.667,0.126,0.177,0.002,0.504,8.226,33.889
5141,4.479,1.836,17.502,0.126,0.168,0.002,0.495,8.382,33.003
5142,4.554,1.661,22.130,0.128,0.167,0.003,0.547,8.302,37.532
5143,4.215,1.658,17.252,0.127,0.170,0.002,0.507,8.193,32.887
5144,4.920,1.442,17.435,0.265,0.169,0.002,0.501,8.187,32.774
5145,4.994,2.085,17.710,0.127,0.170,0.002,0.521,8.328,33.922
5146,4.683,1.514,18.148,0.125,0.170,0.002,0.516,8.310,33.451
5147,4.148,1.404,17.182,0.136,0.168,0.002,0.501,8.141,31.659
5148,4.987,1.465,18.513,0.125,0.172,0.002,0.530,8.242,34.020
5149,4.302,1.518,18.084,0.122,0.172,0.002,0.544,8.746,33.511
5150,4.656,1.750,20.118,0.136,0.173,0.002,0.510,8.718,36.029
5151,4.832,1.465,18.177,0.127,0.171,0.002,0.485,8.364,33.596
5152,4.722,1.450,18.601,0.126,0.177,0.002,0.488,8.753,34.291
5153,4.272,2.424,17.935,0.128,0.180,0.002,0.516,8.330,33.761
5154,4.237,1.508,18.145,0.127,0.166,0.002,0.502,8.338,33.003
5155,4.242,1.367,17.643,0.123,0.165,0.002,0.553,8.314,32.410
5156,4.540,1.475,17.785,0.129,0.170,0.002,0.505,8.546,33.128
5157,4.257,1.735,17.533,0.128,0.169,0.002,0.493,8.625,32.920
5158,4.987,1.475,17.840,0.121,0.136,2.095,0.490,8.199,33.266
5159,5.166,1.464,17.743,0.122,0.139,0.002,0.513,8.318,33.486
5160,4.456,1.633,17.654,0.131,0.142,0.003,0.541,8.381,32.958
5161,4.330,4.124,17.347,0.130,0.149,0.002,9.456,8.331,44.552
5162,4.292,1.712,18.808,0.131,0.149,0.002,0.546,8.452,34.104
5163,4.171,1.433,17.600,0.127,0.144,0.002,0.535,8.213,32.222
5164,5.599,1.446,17.688,0.125,0.144,0.002,9.374,8.215,44.015
5165,4.365,1.521,17.911,0.127,0.146,0.002,0.530,8.565,33.213
5166,4.584,1.664,18.541,0.126,0.142,0.003,0.510,8.529,34.132
5167,4.164,1.423,17.467,0.125,0.140,0.002,0.487,8.285,32.120
5168,4.437,1.439,17.989,0.128,0.140,0.002,0.510,7.552,32.227
5169,4.473,3.244,17.899,0.125,0.141,0.002,0.506,8.324,34.744
5170,4.409,1.582,18.132,0.127,0.140,0.002,0.502,8.387,33.310
5171,4.830,1.684,17.601,0.124,0.144,0.002,0.513,8.187,33.113
5172,4.232,1.437,17.387,0.129,0.144,0.003,0.521,8.283,32.161
5173,5.096,1.930,17.912,0.124,0.148,0.002,0.533,8.451,34.243
5174,4.601,1.846,17.825,0.133,0.147,0.002,9.569,8.172,42.994
5175,4.160,1.525,17.455,0.125,0.144,0.002,0.509,8.193,32.111
5176,4.880,1.504,17.833,0.126,0.141,0.002,0.529,8.840,33.871
5177,4.301,1.468,17.834,0.127,0.138,0.002,0.558,8.262,32.695
5178,4.680,2.519,20.795,0.125,0.143,0.002,0.520,8.588,37.377
5179,4.185,1.409,17.327,0.125,0.143,0.002,0.507,8.220,31.914
5180,4.576,1.444,17.299,0.125,0.141,0.002,0.515,8.243,32.348
5181,4.629,1.746,18.408,0.135,0.145,0.002,0.494,8.399,33.944
5182,4.328,1.743,20.560,0.127,0.140,0.002,0.510,8.146,35.555
5183,4.161,1.415,17.227,0.131,0.143,0.002,0.500,8.227,31.799
5184,7.788,1.531,17.625,0.124,0.134,0.002,0.519,8.310,36.043
5185,4.442,1.827,17.579,0.123,0.140,0.002,0.510,8.237,32.861
5186,4.308,1.710,18.184,0.137,0.154,0.002,0.528,8.290,33.291
5187,4.169,1.388,17.239,0.123,0.145,0.002,0.502,8.178,31.742
5188,4.474,1.589,17.317,0.123,0.138,0.002,0.515,8.475,32.641
5189,4.341,1.505,17.704,0.131,0.154,0.002,0.498,8.352,32.664
5190,4.393,1.499,17.879,0.126,0.139,0.002,0.505,8.514,33.064
5191,4.167,1.381,17.253,0.125,0.139,0.002,0.509,8.253,31.832
5192,4.248,1.761,21.780,0.129,0.141,0.002,0.512,8.207,36.781
5193,4.253,1.635,18.221,0.123,0.137,0.002,0.540,8.314,33.250
5194,4.354,1.531,19.643,0.127,0.139,0.002,0.528,8.119,34.446
5195,4.302,1.391,17.199,0.124,0.144,0.002,0.475,8.258,31.886
5196,4.203,1.492,18.769,0.125,0.151,0.002,0.504,8.372,33.614
5197,4.791,1.890,18.173,0.128,0.143,0.002,0.551,8.521,34.220
5198,4.584,1.670,17.587,0.124,0.141,0.002,0.521,8.599,33.234
5199,4.525,1.616,17.930,0.125,0.140,0.002,0.536,8.597,33.473
5200,4.907,1.447,17.904,0.126,0.142,0.002,0.507,8.500,33.537
5201,4.199,1.658,17.442,0.131,0.140,0.002,0.510,8.444,32.522
5202,5.193,1.596,17.401,0.128,0.141,0.002,0.515,8.206,33.179
5203,4.846,1.802,17.609,0.125,0.140,0.002,0.532,7.624,32.682
5204,4.728,1.622,18.252,0.129,0.145,0.003,9.259,8.194,43.138
5205,4.514,2.572,17.206,0.122,0.148,0.002,0.494,8.209,33.294
5206,4.616,1.750,17.657,0.132,0.156,0.002,0.513,8.254,33.089
5207,4.357,1.504,17.468,0.127,0.142,0.002,0.530,8.405,32.565
5208,4.937,1.648,19.246,0.129,0.142,0.002,0.509,8.209,34.852
5209,4.977,1.688,17.375,0.125,0.145,0.002,0.507,8.225,33.071
5210,4.555,1.535,17.393,0.137,0.143,0.003,0.512,8.236,32.533
5211,4.973,1.527,17.272,0.124,0.139,0.002,0.517,8.445,33.036
5212,4.494,1.707,17.690,0.126,0.142,0.002,0.510,8.359,33.061
5213,4.134,1.695,17.573,0.124,0.140,0.002,0.503,8.214,32.421
5214,4.563,1.476,17.465,0.128,0.141,0.002,0.507,8.257,32.567
5215,4.871,2.013,17.473,0.125,0.141,0.002,0.516,8.325,33.500
5216,4.279,1.480,23.486,0.125,0.142,0.002,0.492,8.243,38.273
5217,4.177,1.445,17.511,0.123,0.142,0.002,0.536,8.276,32.271
5218,4.575,1.421,17.360,0.123,0.140,0.002,9.704,8.287,42.325
5219,4.617,1.699,17.551,0.127,0.144,0.002,0.509,8.309,32.952
5220,3.992,1.443,18.471,0.126,0.146,0.002,0.504,8.272,32.953
5221,4.392,1.467,18.878,0.120,0.139,0.002,0.584,8.316,33.950
5222,4.613,1.471,18.230,0.128,0.147,0.002,0.529,8.306,33.419
5223,5.154,5.920,17.692,0.129,0.144,0.002,0.494,8.233,37.762
5224,4.303,1.500,20.074,0.128,0.147,0.002,0.529,8.433,35.109
5225,4.245,1.689,17.688,0.128,0.151,0.002,0.513,8.351,32.753
5226,28.686,1.622,22.234,0.124,0.139,0.002,0.524,8.238,61.585
5227,5.032,1.489,17.555,0.130,0.151,0.002,0.517,8.391,33.264
5228,4.275,1.514,19.180,0.133,0.155,0.002,0.518,8.388,34.151
5229,4.852,1.447,17.248,0.124,0.140,0.003,0.509,8.216,32.544
5230,4.971,1.403,17.431,0.123,0.141,0.002,0.515,8.353,32.942
5231,4.227,1.494,17.556,0.122,0.139,0.002,0.554,8.391,32.505
5232,4.576,1.479,23.832,0.132,0.141,0.002,0.525,8.537,39.218
5233,4.521,1.692,17.491,0.137,0.144,0.002,9.184,8.257,42.659
5234,4.392,1.481,17.498,0.123,0.151,0.002,0.504,8.465,32.619
5235,4.688,2.221,17.706,0.135,0.142,0.002,0.508,8.293,33.700
5236,4.391,1.459,20.928,0.131,0.145,0.002,0.518,8.116,35.691
5237,4.408,1.465,17.481,0.125,0.141,0.002,9.730,8.278,42.403
5238,4.273,1.446,17.305,0.128,0.143,0.002,0.507,8.213,32.013
5239,4.317,1.491,17.539,0.124,0.142,0.002,0.524,8.599,32.745
5240,5.517,1.722,22.378,0.123,0.140,0.002,0.505,8.166,38.559
5241,4.155,1.447,17.462,0.126,0.141,0.002,0.535,8.189,32.058
5242,4.615,1.440,17.646,0.126,0.143,0.002,0.517,8.362,32.855
5243,4.644,1.452,17.424,0.125,0.144,0.002,0.512,8.515,32.816
5244,6.222,1.511,20.151,0.120,0.143,0.002,0.499,8.234,36.876
5245,4.186,1.468,17.507,0.124,0.141,0.002,0.499,8.204,32.144
5246,4.846,1.438,17.473,0.125,0.143,0.002,0.508,8.402,32.954
5247,4.338,2.817,18.047,0.129,0.140,0.002,0.508,8.525,34.512
5248,5.113,1.470,18.756,0.121,0.138,0.002,0.526,8.187,34.325
5249,4.364,1.702,17.330,0.121,0.141,0.002,0.505,8.210,32.388
5250,4.618,1.979,17.824,0.126,0.151,0.002,0.534,8.363,33.591
5251,4.268,1.477,17.639,0.123,0.141,0.002,0.518,8.196,32.368
5252,4.255,1.509,17.664,0.122,0.144,0.002,0.500,8.222,32.419
5253,4.184,1.448,17.498,0.119,0.139,0.002,0.483,8.235,32.109
5254,4.616,1.659,17.479,0.131,0.145,0.002,0.527,8.259,32.807
5255,4.663,1.700,17.436,0.123,0.147,0.002,0.523,8.343,32.947
5256,4.969,1.968,17.946,0.126,0.143,0.002,0.497,8.256,33.904
5257,4.212,1.471,17.479,0.121,0.140,0.002,0.526,8.284,32.240
5258,4.652,1.479,17.215,0.126,0.143,0.002,0.492,8.228,32.335
5259,5.466,1.749,18.086,0.127,0.138,0.002,0.509,8.280,34.358
5260,5.322,1.678,17.337,0.133,0.143,0.002,0.500,8.541,33.647
5261,4.539,1.436,17.239,0.124,0.151,0.002,0.509,8.212,32.208
5262,4.594,1.692,17.527,0.121,0.140,0.002,0.528,8.504,33.125
5263,4.418,1.549,17.389,0.125,0.142,0.002,0.524,8.293,32.447
5264,4.558,1.502,18.284,0.127,0.140,0.002,0.546,8.570,33.749
5265,4.215,1.685,17.728,0.123,0.139,0.002,0.485,8.243,32.622
5266,4.621,1.412,17.498,0.138,0.142,0.002,0.522,8.312,32.646
5267,4.357,2.300,17.448,0.131,0.143,0.002,0.519,8.227,33.120
5268,4.817,1.505,20.830,0.122,0.139,0.002,0.510,8.239,36.168
5269,4.781,1.469,19.160,0.126,0.144,0.002,0.503,8.202,34.385
5270,4.655,1.466,19.805,0.129,0.140,0.002,0.540,8.573,35.315
5271,5.223,1.576,21.931,0.124,0.141,0.002,0.549,8.541,38.098
5272,5.407,1.781,27.046,0.123,0.138,0.002,0.523,8.276,43.307
5273,4.328,1.465,17.317,0.125,0.139,0.002,0.504,8.208,32.092
5274,4.605,1.473,17.384,0.125,0.142,0.002,0.543,8.271,32.549
5275,5.035,1.491,17.622,0.128,0.140,0.002,0.549,8.260,33.229
5276,4.832,1.610,18.723,0.124,0.142,0.002,9.972,8.252,44.434
5277,4.208,1.640,18.908,0.127,0.142,0.002,0.497,8.236,33.792
5278,4.559,1.669,18.928,0.128,0.143,0.002,0.535,8.585,34.585
5279,5.257,3.329,18.408,0.126,0.142,0.002,0.600,8.656,36.576
5280,4.280,1.515,18.701,0.123,0.146,0.002,0.504,8.123,33.429
5281,4.383,1.476,17.451,0.127,0.142,0.002,0.491,8.214,32.313
5282,4.698,1.774,17.842,0.124,0.143,0.002,0.524,8.284,33.420
5283,4.286,1.479,17.906,0.133,0.143,0.002,0.528,8.333,32.831
5284,5.700,1.490,17.603,0.127,0.147,0.002,0.517,8.346,34.093
5285,4.278,1.466,17.445,0.121,0.141,0.002,0.521,7.642,31.652
5286,4.589,1.464,17.763,0.128,0.140,0.002,0.534,8.271,32.919
5287,4.281,1.486,18.671,0.126,0.142,0.002,0.510,8.355,33.609
5288,4.377,1.989,18.659,0.126,0.139,0.002,0.507,8.160,33.992
5289,4.816,1.797,17.746,0.126,0.139,0.002,0.495,8.487,33.637
5290,4.913,1.471,17.352,0.126,0.140,0.002,0.547,8.257,32.853
5291,4.848,1.459,20.199,0.123,0.142,0.002,0.509,8.706,36.022
5292,5.039,1.485,19.098,0.127,0.138,0.002,0.502,8.189,34.620
5293,4.267,1.723,17.850,0.129,0.152,0.002,0.510,8.474,33.135
5294,4.189,1.404,17.573,0.127,0.147,0.002,0.504,8.287,32.253
5295,4.595,1.685,17.148,0.128,0.148,0.002,0.508,8.148,32.375
5296,4.141,1.451,18.069,0.135,0.143,0.002,0.514,8.384,32.861
5297,4.613,1.444,18.092,0.131,0.144,0.002,0.498,9.271,34.218
5298,4.644,1.455,17.395,0.131,0.155,0.948,10.169,8.422,44.439
5299,4.060,3.745,16.843,0.127,0.152,0.002,0.509,8.261,33.682
5300,4.911,1.486,17.781,0.130,0.157,0.002,0.528,8.690,33.676
5301,4.331,1.834,18.568,0.129,0.146,0.002,0.561,8.322,33.898
5302,4.737,1.475,17.812,0.126,0.146,0.002,0.532,8.267,33.107
5303,4.324,1.475,17.429,0.130,0.148,0.002,0.526,8.331,32.361
5304,4.559,1.491,17.624,0.125,0.142,0.002,0.547,8.376,32.869
5305,4.265,1.481,17.470,0.126,0.146,0.002,0.525,8.285,32.302
5306,4.772,2.015,17.550,0.126,0.148,0.002,0.508,8.208,33.323
5307,4.670,1.450,17.422,0.132,0.152,0.002,0.513,8.254,32.577
5308,4.291,1.519,17.760,0.129,0.151,0.002,0.547,8.590,32.979
5309,5.871,1.474,17.276,0.131,0.150,0.002,0.506,8.413,33.810
5310,4.264,1.558,17.826,0.134,0.148,0.002,0.512,8.303,32.734
5311,4.405,1.478,17.868,0.134,0.148,0.002,0.511,8.314,32.846
5312,4.316,1.728,18.183,0.128,0.144,0.002,0.536,8.285,33.325
5313,4.206,1.459,17.632,0.130,0.150,0.002,0.519,8.301,32.392
5314,4.712,1.443,17.269,0.130,0.146,0.002,0.528,8.291,32.526
5315,4.271,2.080,17.902,0.128,0.148,0.002,0.520,8.288,33.333
5316,4.415,1.471,19.280,0.130,0.149,0.002,0.527,8.178,34.140
5317,4.192,1.596,17.388,0.131,0.153,0.002,0.485,8.189,32.117
5318,4.569,1.434,17.638,0.129,0.152,0.002,0.518,8.302,32.732
5319,4.290,1.478,17.252,0.128,0.149,0.002,0.520,8.227,32.037
5320,4.643,1.485,18.405,0.129,0.151,0.002,0.519,8.604,33.924
5321,4.293,1.808,17.259,0.131,0.148,0.002,0.543,8.270,32.456
5322,4.596,1.633,17.506,0.128,0.149,0.002,0.508,8.301,32.813
5323,4.486,1.847,17.381,0.127,0.146,0.002,0.501,8.221,32.712
5324,4.276,1.595,22.854,0.130,0.144,0.002,0.506,8.218,37.709
5325,4.239,3.348,17.227,0.137,0.151,0.002,0.487,8.330,33.896
5326,4.598,1.415,17.560,0.126,0.150,0.002,0.534,8.397,32.799
5327,4.716,1.452,17.302,0.131,0.150,0.002,0.528,8.357,32.626
5328,4.267,1.616,18.120,0.135,0.148,0.002,0.484,8.530,33.281
5329,5.100,1.468,17.440,0.133,0.155,0.002,0.551,8.272,33.117
5330,4.759,1.570,17.335,0.131,0.154,0.002,0.507,8.462,32.900
5331,4.486,1.473,17.377,0.134,0.150,0.002,0.505,8.562,32.669
5332,4.994,1.644,20.709,0.129,0.150,0.002,0.513,8.520,36.654
5333,4.501,1.489,17.414,0.129,0.148,0.002,0.494,8.276,32.437
5334,4.754,1.713,17.991,0.133,0.153,0.002,0.510,8.480,33.717
5335,4.559,1.682,17.428,0.131,0.145,0.002,0.515,8.262,32.717
5336,4.272,1.519,17.613,0.129,0.146,0.002,0.520,8.177,32.379
5337,4.194,1.730,17.589,0.132,0.148,0.002,0.538,8.237,32.562
5338,4.672,1.690,17.718,0.131,0.148,0.002,0.510,8.486,33.344
5339,4.337,1.688,17.432,0.133,0.146,0.002,0.494,8.331,32.551
5340,4.265,1.504,18.894,0.131,0.146,0.002,0.504,8.231,33.670
5341,4.272,1.475,17.673,0.131,0.153,0.002,0.511,8.274,32.479
5342,4.630,1.595,17.447,0.138,0.147,0.002,0.517,8.583,33.044
5343,4.366,1.470,17.310,0.135,0.150,0.002,0.502,8.200,32.114
5344,4.542,1.465,17.798,0.127,0.150,0.002,0.527,8.242,32.852
5345,4.173,1.477,17.374,0.131,0.150,0.002,0.483,8.310,32.089
5346,4.655,1.438,17.460,0.132,0.148,0.002,0.545,8.443,32.833
5347,4.412,1.587,17.582,0.131,0.145,0.002,0.521,8.320,32.693
5348,4.558,1.507,17.666,0.130,0.148,0.002,0.521,8.370,32.897
5349,4.220,1.461,17.501,0.133,0.158,0.002,0.522,8.235,32.212
5350,4.787,1.382,17.362,0.131,0.144,0.002,0.500,8.257,32.572
5351,4.333,1.494,17.484,0.137,0.146,0.002,0.522,8.297,32.395
5352,4.955,1.699,17.746,0.133,0.150,0.002,0.495,8.223,33.388
5353,4.867,1.427,17.254,0.135,0.148,0.002,0.505,8.257,32.577
5354,4.553,1.438,17.301,0.137,0.149,0.002,0.529,8.470,32.562
5355,4.997,1.463,17.256,0.142,0.161,0.002,0.533,8.410,32.928
5356,4.949,1.493,17.631,0.132,0.151,0.002,0.500,8.493,33.337
5357,4.161,1.446,17.283,0.137,0.146,0.002,0.496,8.233,31.887
5358,4.633,1.869,17.765,0.134,0.146,0.002,0.517,8.295,33.344
5359,4.978,1.461,17.504,0.139,0.152,0.002,0.520,8.548,33.285
5360,4.965,1.734,17.604,0.134,0.148,0.002,0.532,8.493,33.602
5361,4.172,1.434,17.649,0.135,0.152,0.002,0.496,8.177,32.191
5362,4.606,1.704,17.411,0.138,0.151,0.002,0.503,8.218,32.721
5363,5.041,1.444,17.360,0.141,0.160,0.002,0.516,8.277,32.913
5364,4.486,1.719,18.348,0.137,0.147,0.002,0.516,8.566,33.912
5365,4.528,1.678,17.808,0.134,0.151,0.002,0.516,7.727,32.540
5366,4.607,1.427,17.340,0.136,0.150,0.002,0.527,8.334,32.501
5367,4.257,1.740,17.646,0.144,0.160,0.002,0.542,8.728,33.196
5368,4.966,1.526,17.707,0.149,0.151,0.002,0.554,8.495,33.540
5369,4.618,1.445,17.264,0.161,0.156,0.005,0.505,8.203,32.303
5370,4.358,1.939,17.702,0.135,0.146,0.002,0.501,8.470,33.236
5371,4.438,1.474,17.404,0.137,0.149,0.002,0.523,8.588,32.691
5372,4.819,1.722,17.790,0.135,0.151,0.002,0.530,8.254,33.392
5373,4.233,1.505,17.501,0.139,0.148,0.002,0.510,8.302,32.337
5374,4.590,1.450,17.429,0.139,0.152,0.002,0.504,8.307,32.558
5375,4.369,1.529,17.497,0.135,0.150,0.002,0.512,8.335,32.522
5376,4.667,1.506,18.684,0.138,0.150,0.002,0.502,8.208,33.848
5377,5.147,1.450,17.269,0.155,0.176,1.077,0.505,8.185,32.825
5378,4.604,1.670,17.492,0.188,0.183,0.003,0.510,8.301,32.851
5379,4.264,1.485,17.683,0.148,0.174,0.002,0.511,8.571,32.784
5380,4.845,2.453,18.970,0.140,0.179,0.003,0.508,8.266,35.309
5381,4.206,1.694,17.575,0.142,0.172,1.597,0.504,8.240,32.490
5382,4.566,1.490,17.357,0.143,0.170,0.002,0.521,8.289,32.495
5383,4.577,1.478,17.477,0.141,0.174,0.002,0.492,8.366,32.663
5384,4.578,1.489,18.002,0.141,0.170,0.002,0.485,8.242,33.062
5385,4.201,1.544,17.157,0.142,0.176,0.002,0.509,8.248,31.926
5386,4.242,1.414,17.345,0.139,0.169,0.002,0.507,8.250,32.029
5387,4.285,1.750,17.391,0.139,0.172,0.003,0.511,8.280,32.488
5388,5.108,1.496,18.453,0.137,0.172,0.002,0.511,8.206,34.036
5389,4.335,1.500,17.503,0.142,0.167,0.002,0.501,8.368,32.470
5390,4.617,1.474,17.719,0.141,0.167,0.002,0.527,8.253,32.870
5391,4.507,1.769,17.578,0.140,0.171,0.003,0.515,8.278,32.915
5392,4.130,1.720,21.301,0.135,0.172,0.002,0.515,8.314,36.249
5393,4.158,1.559,17.533,0.141,0.172,0.002,0.489,8.264,32.264
5394,4.608,1.467,17.340,0.137,0.170,0.002,0.512,8.198,32.405
5395,5.201,1.490,17.506,0.142,0.172,0.002,0.499,8.262,33.232
5396,4.374,1.518,17.559,0.135,0.177,0.002,0.522,8.260,32.504
5397,4.169,1.675,17.681,0.141,0.176,0.002,0.481,8.226,32.496
5398,4.582,1.433,17.255,0.138,0.161,0.002,0.521,8.259,32.323
5399,4.361,1.716,17.587,0.135,0.167,0.002,0.492,8.340,32.764
5400,4.242,1.452,17.882,0.138,0.170,0.002,0.532,8.577,32.963
5401,4.209,1.421,17.812,0.155,0.181,0.002,0.506,8.235,32.460
5402,4.593,1.441,17.903,0.141,0.171,0.002,0.497,8.304,33.000
5403,4.324,1.882,17.518,0.136,0.171,0.002,0.515,8.299,32.808
5404,4.691,1.499,17.797,0.136,0.174,0.002,0.500,8.377,33.134
5405,4.375,1.661,17.539,0.132,0.171,0.003,0.516,8.286,32.643
5406,4.618,1.429,17.642,0.135,0.166,0.003,0.515,8.563,33.052
5407,4.383,1.653,17.514,0.139,0.199,0.711,0.539,8.358,32.724
5408,4.280,1.500,18.261,0.133,0.194,0.002,0.516,8.374,33.195
5409,4.174,1.486,17.395,0.146,0.167,0.942,0.494,8.241,32.063
5410,4.281,1.440,17.529,0.134,0.164,0.002,0.517,8.227,32.266
5411,4.150,1.453,17.523,0.134,0.170,0.002,0.519,8.252,32.164
5412,4.964,1.470,17.610,0.137,0.172,0.002,0.521,8.147,32.976
5413,4.544,1.479,17.274,0.138,0.182,0.002,0.511,7.519,31.595
5414,4.591,1.414,17.177,0.140,0.175,0.002,0.517,8.223,32.191
5415,4.401,2.662,17.712,0.135,0.175,0.002,0.519,8.196,33.761
5416,4.669,1.476,17.637,0.144,0.180,0.003,0.524,8.372,32.946
5417,4.555,1.465,22.536,0.140,0.180,0.724,0.515,8.345,37.689
5418,5.055,1.706,19.902,0.142,0.176,0.002,0.537,8.286,35.761
5419,4.447,1.533,18.200,0.141,0.173,0.002,0.527,8.310,33.286
5420,6.360,1.490,19.656,0.138,0.182,0.002,0.498,8.214,36.488
5421,4.285,1.456,17.632,0.138,0.179,0.002,0.540,8.232,32.417
5422,4.533,1.448,17.643,0.142,0.177,0.003,0.530,8.198,32.622
5423,4.347,1.756,17.760,0.139,0.168,0.002,0.520,8.362,33.023
5424,4.973,1.508,19.405,0.146,0.176,0.002,0.498,8.204,34.866
5425,4.248,1.520,17.279,0.137,0.179,0.002,0.496,8.330,32.138
5426,4.747,1.536,17.524,0.139,0.160,0.834,0.531,8.319,32.927
5427,4.633,2.024,17.960,0.143,0.165,0.002,0.524,8.317,33.730
5428,4.988,1.741,17.499,0.138,0.156,0.687,0.525,8.325,33.346
5429,4.189,1.737,17.502,0.139,0.168,0.002,0.534,8.228,32.458
5430,4.623,1.382,17.890,0.138,0.159,0.002,0.521,8.258,32.943
5431,4.274,1.683,17.737,0.140,0.158,0.002,0.521,8.341,32.824
5432,4.272,1.501,17.417,0.143,0.164,0.002,0.519,8.608,32.587
5433,4.205,1.657,17.505,0.141,0.167,0.002,0.557,8.465,32.673
5434,4.604,1.418,17.343,0.140,0.161,0.002,0.499,8.503,32.644
5435,4.643,1.492,17.565,0.139,0.162,0.002,0.521,8.367,32.865
5436,4.668,1.727,17.689,0.148,0.166,0.002,0.518,8.417,33.300
5437,4.213,1.482,17.266,0.138,0.160,0.002,0.492,8.246,31.977
5438,4.673,1.434,17.659,0.140,0.163,0.003,10.363,8.224,43.590
5439,4.479,2.723,17.478,0.136,0.161,0.002,0.507,8.255,33.725
5440,4.126,1.637,17.883,0.143,0.158,0.002,0.537,8.302,32.775
5441,4.204,1.508,17.346,0.141,0.162,0.002,0.514,8.200,32.049
5442,4.613,1.486,17.566,0.141,0.160,0.002,0.507,8.374,32.821
5443,4.576,1.438,18.268,0.135,0.155,0.002,0.533,8.586,33.683
5444,4.587,1.496,17.248,0.138,0.157,0.002,0.487,8.203,32.291
5445,4.213,1.737,17.569,0.139,0.154,0.002,0.517,8.226,32.537
5446,4.260,1.599,17.209,0.138,0.146,0.002,0.514,8.520,32.379
5447,5.248,1.490,18.616,0.136,0.178,1.625,0.522,8.256,34.419
5448,4.368,1.664,19.039,0.137,0.181,0.002,0.505,8.812,34.671
5449,5.131,1.463,17.841,0.140,0.181,0.002,0.506,8.327,33.552
5450,4.572,1.699,17.767,0.138,0.186,0.003,0.515,8.487,33.325
5451,4.153,2.590,18.209,0.140,0.188,0.002,0.529,8.235,34.002
5452,4.178,1.454,17.683,0.146,0.185,0.002,0.516,8.323,32.429
5453,4.612,1.497,17.291,0.140,0.190,0.002,0.530,8.254,32.466
5454,4.435,1.447,17.620,0.138,0.187,0.002,0.523,8.469,32.773
5455,4.906,1.678,17.387,0.131,0.184,0.002,0.492,8.409,33.151
5456,4.195,1.425,17.381,0.139,0.187,0.002,0.544,8.295,32.122
5457,4.345,1.509,17.643,0.140,0.186,0.002,0.494,8.339,32.618
5458,4.196,1.452,17.370,0.142,0.188,0.003,0.516,8.243,32.062
5459,4.336,2.661,20.147,0.138,0.187,0.002,0.514,8.295,36.233
5460,3.991,1.415,17.152,0.137,0.192,0.002,0.507,8.306,31.655
5461,4.876,1.728,17.516,0.135,0.189,0.002,0.521,8.252,33.177
5462,4.567,1.753,17.327,0.135,0.187,0.002,0.519,8.235,32.680
5463,4.328,1.488,19.248,0.140,0.189,0.002,0.506,8.135,33.980
5464,4.341,1.429,17.400,0.138,0.187,0.002,0.551,8.251,32.249
5465,4.674,1.452,17.305,0.145,0.196,0.002,0.518,8.206,32.445
5466,4.420,1.483,17.331,0.140,0.190,0.002,0.493,8.535,32.541
5467,4.462,1.482,17.341,0.135,0.188,0.002,0.502,8.495,32.566
5468,4.189,1.465,17.285,0.140,0.194,0.003,0.532,8.222,31.979
5469,4.775,1.471,17.614,0.134,0.193,0.002,0.510,8.259,32.919
5470,4.816,3.124,17.441,0.144,0.191,0.002,0.528,8.319,34.515
5471,4.316,1.519,17.797,0.136,0.194,0.002,0.514,8.386,32.818
5472,4.408,1.424,17.581,0.139,0.184,0.002,0.511,8.182,32.388
5473,4.248,1.691,17.778,0.141,0.189,0.002,0.518,8.281,32.796
5474,4.277,1.426,17.655,0.143,0.186,0.002,0.523,8.428,32.598
5475,4.439,1.525,17.646,0.139,0.191,0.002,0.513,8.368,32.770
5476,4.142,1.453,17.609,0.137,0.187,0.003,0.509,8.266,32.255
5477,4.251,1.452,51.689,0.138,0.182,0.002,0.508,8.564,66.746
5478,4.956,1.488,17.532,0.136,0.180,0.002,0.526,8.289,33.072
5479,4.273,1.498,18.217,0.147,0.184,0.003,0.528,8.404,33.202
5480,4.538,1.685,18.147,0.141,0.186,0.002,0.500,8.230,33.380
5481,4.514,1.490,18.110,0.137,0.156,0.758,0.504,8.375,33.280
5482,4.232,1.953,17.412,0.139,0.147,0.004,0.544,8.342,32.771
5483,4.582,1.724,18.934,0.142,0.157,0.003,0.518,8.364,34.411
5484,4.186,1.469,17.620,0.141,0.193,1.358,0.484,8.201,32.239
5485,4.368,1.720,17.633,0.140,0.184,0.002,0.523,8.182,32.711
5486,4.318,1.516,17.614,0.138,0.175,0.880,0.518,8.345,32.595
5487,4.546,1.488,20.256,0.133,0.174,0.002,0.517,8.276,35.363
5488,4.314,1.392,17.329,0.138,0.176,0.002,0.514,8.200,32.029
5489,4.986,1.677,17.641,0.140,0.174,0.002,0.520,8.535,33.651
5490,4.432,1.489,17.761,0.136,0.177,0.002,0.505,8.226,32.691
5491,4.312,1.510,17.442,0.136,0.169,0.002,0.522,8.332,32.405
5492,4.227,1.456,17.411,0.139,0.168,0.002,0.506,8.308,32.194
5493,4.330,1.678,17.778,0.134,0.170,0.002,0.513,8.255,32.839
5494,4.590,6.474,17.338,0.139,0.172,0.002,0.512,8.558,37.762
5495,4.282,1.554,20.261,0.138,0.172,0.003,0.566,8.374,35.343
5496,4.544,1.638,17.679,0.134,0.173,0.003,0.520,8.313,32.980
5497,4.638,1.498,17.458,0.144,0.179,0.003,0.504,8.206,32.590
5498,4.950,1.456,17.403,0.139,0.173,0.003,0.501,8.261,32.855
5499,4.327,1.457,17.521,0.137,0.172,0.002,0.515,8.340,32.453
5500,4.264,1.466,17.296,0.143,0.179,0.002,0.509,8.237,32.056
5501,5.077,1.698,17.878,0.138,0.173,0.002,0.536,8.451,33.931
5502,4.656,1.695,17.351,0.133,0.172,0.003,0.532,8.314,32.841
5503,4.365,1.512,18.066,0.137,0.171,0.003,0.522,8.539,33.307
5504,4.445,1.427,17.507,0.142,0.176,0.003,0.508,8.172,32.348
5505,4.280,1.477,17.627,0.134,0.176,0.002,0.512,8.487,32.671
5506,4.305,1.710,17.426,0.145,0.177,0.002,0.506,8.323,32.559
5507,5.162,1.749,18.324,0.139,0.166,0.002,0.520,8.610,34.672
5508,5.059,1.665,18.295,0.136,0.177,0.761,0.542,9.301,35.165
5509,5.251,1.582,19.082,0.135,0.181,0.002,0.551,21.764,48.552
5510,4.505,1.572,17.101,0.135,0.175,0.002,0.497,8.203,32.162
5511,4.226,1.742,18.080,0.133,0.183,0.002,0.517,8.169,33.023
5512,4.687,2.165,17.933,0.135,0.179,0.002,0.498,8.323,33.896
5513,5.961,1.498,17.615,0.134,0.175,0.002,0.531,8.240,34.135
5514,4.723,1.770,17.798,0.138,0.179,0.002,0.529,8.334,33.449
5515,5.005,1.713,18.231,0.135,0.177,0.002,0.512,8.316,34.066
5516,4.180,1.460,20.398,0.131,0.177,0.002,0.531,8.494,35.354
5517,5.054,1.962,24.337,0.134,0.177,0.002,17.025,8.836,58.623
5518,9.537,5.188,21.440,0.135,0.179,0.002,0.687,8.621,45.849
5519,4.878,2.077,17.550,0.132,0.175,0.002,0.542,8.302,33.675
5520,4.408,1.700,17.672,0.136,0.182,0.002,0.529,8.328,32.961
5521,5.194,1.841,18.230,0.133,0.180,0.002,10.489,8.239,45.905
5522,4.350,2.120,18.679,0.138,0.179,0.003,0.526,8.243,34.233
5523,5.047,1.855,20.041,0.133,0.171,0.812,0.536,8.374,36.171
5524,4.576,1.683,17.401,0.134,0.172,0.002,0.520,8.222,32.716
5525,4.738,2.124,18.161,0.136,0.176,0.003,0.535,8.532,34.410
5526,4.589,1.918,18.508,0.138,0.176,0.002,0.527,8.238,34.092
5527,4.305,1.830,17.472,0.139,0.178,0.003,0.505,8.450,32.876
5528,4.558,1.664,17.203,0.146,0.186,0.002,0.512,8.206,32.456
5529,4.595,1.640,18.068,0.139,0.173,0.003,0.544,8.197,33.356
5530,5.278,1.739,17.462,0.135,0.172,0.002,0.525,8.568,33.882
5531,4.310,1.579,18.688,0.136,0.172,0.002,0.513,8.658,34.063
5532,4.478,1.691,17.208,0.136,0.168,0.002,0.513,8.258,32.457
5533,4.616,1.661,17.427,0.133,0.167,0.002,0.534,8.260,32.815
5534,4.771,2.070,18.261,0.137,0.165,0.002,0.521,8.190,34.125
5535,4.503,1.547,18.154,0.161,0.172,0.002,0.516,8.632,33.669
5536,4.856,1.536,17.450,0.137,0.168,0.002,0.521,8.169,32.847
5537,4.598,1.507,17.482,0.139,0.169,0.003,0.557,8.290,32.754
5538,4.987,1.615,17.864,0.140,0.169,0.002,0.515,8.454,33.738
5539,4.527,1.629,17.386,0.134,0.165,0.002,0.496,8.432,32.777
5540,4.966,1.446,17.571,0.136,0.166,0.002,0.513,8.340,33.147
5541,4.632,1.748,18.412,0.137,0.172,0.002,0.558,8.876,34.564
5542,5.625,1.685,17.546,0.137,0.167,0.002,0.516,8.355,34.042
5543,4.598,42.098,16.795,0.139,0.168,0.002,0.523,8.243,72.568
5544,4.300,1.538,17.372,0.135,0.173,0.002,0.510,8.289,32.323
5545,5.539,1.545,17.527,0.138,0.167,0.002,0.498,8.193,33.608
5546,4.274,1.899,18.305,0.144,0.181,0.002,0.504,8.360,33.647
5547,4.610,1.461,17.737,0.142,0.170,0.002,10.128,8.476,43.462
5548,4.672,1.456,17.499,0.140,0.181,0.002,0.521,8.213,32.691
5549,4.615,1.716,17.505,0.145,0.176,0.002,9.485,8.427,43.004
5550,4.216,1.969,18.576,0.137,0.171,0.002,0.512,8.141,33.714
5551,4.178,1.490,17.196,0.138,0.171,0.002,0.494,8.229,31.895
5552,4.364,1.560,17.456,0.136,0.170,0.002,0.531,8.308,32.530
5553,4.916,1.536,17.476,0.140,0.169,0.002,0.517,8.396,33.165
5554,4.353,1.561,19.114,0.140,0.168,0.002,0.518,8.485,34.349
5555,4.208,1.440,17.558,0.136,0.166,0.002,0.515,8.232,32.266
5556,4.309,1.874,18.262,0.137,0.171,0.002,0.519,8.245,33.536
5557,4.511,1.807,17.758,0.136,0.168,0.002,10.495,8.393,44.009
5558,4.412,2.768,19.687,0.135,0.179,0.002,0.524,8.304,36.018
5559,4.851,1.691,19.617,0.134,0.173,0.002,0.539,8.618,35.633
5560,4.216,1.695,19.714,0.133,0.170,0.002,0.530,8.445,34.923
5561,4.293,1.528,18.534,0.150,0.173,0.002,0.524,8.292,33.490
5562,4.424,1.496,17.577,0.142,0.172,0.002,0.511,8.319,32.650
5563,4.958,1.758,17.540,0.146,0.178,0.002,0.544,8.525,33.635
5564,4.207,1.455,18.788,0.140,0.176,0.691,0.535,8.612,33.924
5565,5.470,1.865,18.312,0.139,0.184,0.002,0.516,8.425,34.908
5566,4.956,1.520,21.219,0.140,0.189,0.749,11.055,8.370,48.253
5567,4.349,1.490,17.978,0.134,0.188,0.002,0.543,8.709,33.381
5568,4.991,2.648,18.244,0.140,0.191,0.003,10.285,8.239,45.391
5569,4.531,1.802,17.895,0.133,0.194,0.002,0.513,8.244,33.296
5570,4.993,1.696,18.222,0.142,0.190,0.002,0.503,8.289,34.004
5571,4.380,1.679,18.357,0.139,0.187,0.003,0.523,8.221,33.460
5572,4.471,1.547,18.718,0.137,0.190,0.002,0.525,8.820,34.392
5573,4.343,1.480,18.235,0.133,0.190,0.002,0.521,8.380,33.271
5574,4.276,1.512,20.742,0.133,0.189,0.002,0.515,8.700,36.049
5575,4.566,1.658,17.374,0.143,0.196,0.002,0.528,8.501,32.931
5576,4.324,1.533,17.972,0.134,0.188,0.002,0.572,8.334,33.052
5577,4.416,2.948,17.445,0.143,0.191,0.002,0.527,8.343,33.979
5578,4.338,1.733,17.968,0.141,0.196,0.002,0.517,8.395,33.258
5579,4.579,1.477,17.513,0.133,0.188,0.002,0.532,8.476,32.878
5580,4.116,1.847,17.332,0.135,0.190,0.002,0.518,8.251,32.368
5581,4.369,1.604,17.295,0.136,0.180,0.667,0.511,8.279,32.364
5582,4.433,1.714,17.966,0.138,0.179,0.002,0.508,8.358,33.282
5583,4.824,2.911,17.288,0.132,0.173,0.002,0.501,8.451,34.268
5584,5.234,1.476,18.512,0.133,0.177,0.002,0.550,8.253,34.323
5585,4.789,1.501,17.602,0.136,0.181,0.003,0.531,8.314,33.033
5586,4.538,1.482,17.955,0.136,0.176,0.002,0.504,8.474,33.240
5587,4.555,1.603,17.536,0.144,0.179,0.003,9.595,8.258,43.486
5588,4.281,1.481,18.225,0.132,0.173,0.003,0.541,8.580,33.429
5589,5.015,1.783,17.522,0.135,0.180,0.002,0.524,8.355,33.524
5590,4.420,1.487,19.164,0.139,0.178,0.002,0.510,8.584,34.491
5591,4.187,1.412,17.665,0.129,0.178,0.002,0.521,8.192,32.309
5592,5.202,1.441,17.370,0.133,0.177,0.002,0.527,8.250,33.123
5593,5.018,3.676,17.715,0.143,0.176,0.003,0.516,8.224,35.483
5594,4.360,1.521,18.600,0.132,0.175,0.002,0.513,8.730,34.051
5595,4.207,1.773,17.529,0.129,0.183,1.037,0.490,8.312,32.629
5596,4.391,1.629,17.221,0.135,0.174,0.717,0.521,8.218,32.308
5597,5.258,1.699,17.663,0.146,0.186,0.002,0.523,8.266,33.739
5598,4.557,1.540,17.546,0.140,0.178,0.002,0.538,8.269,32.784
5599,6.425,1.436,17.618,0.134,0.177,0.002,0.517,8.630,34.953
5600,4.588,1.469,20.529,0.148,0.181,0.002,0.533,8.248,35.699
5601,4.974,2.414,17.750,0.137,0.183,0.002,0.504,8.519,34.490
5602,4.707,1.712,17.369,0.137,0.176,0.003,0.509,8.293,32.915
5603,4.164,1.619,17.637,0.129,0.170,0.002,0.525,8.212,32.489
5604,5.014,1.579,18.788,0.139,0.181,0.003,0.529,8.303,34.541
5605,4.362,1.501,17.573,0.134,0.175,0.003,0.514,8.265,32.560
5606,4.306,1.727,17.876,0.139,0.175,0.003,0.529,9.261,34.031
5607,4.896,1.391,17.141,0.132,0.169,0.002,0.491,8.209,32.455
5608,4.540,1.643,17.587,0.131,0.171,0.002,0.535,8.437,33.079
5609,4.603,1.851,17.372,0.132,0.179,0.002,0.510,8.783,33.449
5610,4.339,1.722,18.315,0.134,0.180,0.002,0.527,8.334,33.577
5611,4.239,1.413,17.272,0.130,0.170,0.002,0.499,8.334,32.090
5612,4.247,1.444,17.681,0.130,0.173,0.003,0.517,8.259,32.476
5613,4.275,1.499,17.392,0.129,0.181,0.003,0.515,8.200,32.214
5614,4.840,1.503,17.847,0.129,0.183,0.003,0.530,8.346,33.398
5615,4.362,1.425,17.312,0.134,0.180,0.003,0.527,8.253,32.212
5616,4.719,1.459,17.758,0.127,0.177,0.002,0.517,8.278,33.058
5617,4.403,1.624,18.372,0.134,0.177,0.002,0.530,8.229,33.481
5618,4.583,2.004,18.819,0.202,0.174,0.002,0.506,8.203,34.435
5619,4.196,1.411,17.668,0.133,0.177,0.002,0.519,8.318,32.447
5620,4.370,1.506,18.391,0.131,0.175,0.002,0.538,8.310,33.445
5621,4.427,1.687,18.221,0.128,0.176,0.002,10.882,8.351,44.619
5622,4.871,1.504,17.965,0.132,0.174,0.002,0.560,8.231,33.423
5623,4.219,1.460,17.619,0.133,0.177,0.003,0.525,8.262,32.389
5624,4.824,1.465,19.369,0.139,0.175,0.003,10.459,8.488,46.298
5625,4.393,1.879,18.061,0.131,0.171,0.002,0.513,8.221,33.395
5626,4.552,1.480,17.982,0.133,0.173,0.002,0.476,8.168,33.853
5627,4.526,1.609,17.857,0.131,0.176,0.002,0.507,8.359,33.169
5628,5.102,1.678,18.058,0.130,0.170,0.002,0.528,8.523,34.207
5629,4.325,2.826,18.406,0.134,0.172,0.003,0.516,8.241,34.632
5630,4.970,1.439,19.036,0.133,0.174,0.002,0.502,8.382,34.644
5631,4.793,1.736,17.839,0.129,0.172,0.003,0.505,8.597,33.778
5632,5.204,1.663,19.095,0.128,0.170,0.002,0.520,9.264,36.058
5633,4.347,1.466,17.537,0.130,0.175,0.002,0.520,8.255,32.432
5634,4.292,1.499,20.397,0.134,0.175,0.003,0.513,8.390,35.405
5635,4.129,1.460,17.258,0.131,0.179,0.002,0.514,8.198,31.873
5636,4.268,1.447,17.425,0.131,0.179,0.002,0.506,8.305,32.260
5637,4.311,2.834,18.022,0.133,0.179,0.002,0.516,8.680,34.690
5638,4.925,1.477,18.859,0.132,0.178,0.002,0.507,8.263,34.347
5639,4.084,1.452,17.338,0.135,0.183,0.002,0.518,8.269,31.975
5640,3.961,1.429,17.267,0.134,0.176,0.002,0.529,8.284,31.794
5641,5.062,1.493,17.420,0.132,0.175,0.002,0.508,8.290,33.087
5642,4.353,1.518,23.784,0.139,0.179,0.003,0.525,8.254,38.742
5643,4.284,1.438,17.175,0.128,0.180,0.002,0.514,8.379,32.101
5644,4.680,1.474,17.517,0.140,0.194,0.003,0.509,8.348,32.850
5645,4.472,1.521,17.860,0.131,0.192,0.907,0.518,8.499,33.182
5646,4.574,1.719,17.847,0.135,0.191,0.002,0.536,8.233,33.233
5647,4.159,1.791,17.647,0.133,0.191,0.002,0.487,8.289,32.680
5648,4.250,2.286,17.808,0.130,0.190,0.002,10.248,8.223,43.891
5649,4.441,1.782,17.777,0.132,0.196,0.002,0.520,8.193,33.032
5650,4.341,1.542,18.268,0.134,0.194,0.003,0.522,8.339,33.326
5651,4.515,1.581,17.281,0.135,0.193,0.002,0.548,7.614,31.857
5652,4.257,1.495,17.393,0.133,0.164,1.197,0.522,8.625,32.607
5653,4.334,1.512,17.265,0.133,0.164,0.002,0.516,8.217,32.157
5654,4.649,1.489,17.414,0.131,0.163,0.002,0.513,8.597,32.983
5655,4.234,1.428,17.207,0.127,0.162,0.002,0.517,8.179,31.880
5656,4.203,1.458,17.843,0.132,0.166,0.002,0.525,8.245,32.584
5657,4.333,2.566,17.557,0.134,0.170,0.002,0.519,8.213,33.501
5658,4.321,1.523,20.246,0.130,0.162,0.002,0.507,8.228,35.143
5659,4.204,1.516,17.230,0.141,0.210,0.885,0.499,8.282,32.041
5660,4.296,1.561,17.716,0.129,0.196,0.002,0.523,8.252,32.669
5661,4.362,1.643,17.277,0.133,0.193,0.002,0.511,8.228,32.337
5662,4.565,1.681,17.590,0.133,0.177,0.965,0.523,8.322,33.001
5663,4.171,1.424,17.525,0.143,0.213,0.004,10.038,8.492,42.766
5664,4.144,1.453,18.309,0.135,0.163,0.002,0.523,8.180,32.919
5665,6.045,2.028,17.287,0.138,0.179,0.002,0.535,8.235,34.445
5666,4.521,1.737,18.689,0.136,0.178,0.002,0.513,8.257,34.034
5667,4.522,1.418,17.196,0.134,0.175,0.002,0.518,8.233,32.207
5668,4.390,1.615,17.697,0.137,0.182,0.002,0.547,8.613,33.197
5669,4.315,1.517,18.093,0.133,0.175,0.002,0.521,8.267,33.029
5670,4.702,1.505,17.335,0.133,0.178,0.002,0.503,8.272,32.627
5671,4.141,1.862,17.240,0.137,0.181,0.002,0.506,8.216,32.276
5672,4.308,1.455,17.737,0.135,0.181,0.003,0.528,8.462,32.797
5673,4.509,1.521,17.432,0.137,0.180,0.002,0.517,8.260,32.542
5674,5.385,1.756,19.698,0.129,0.177,0.002,0.540,8.387,36.073
5675,4.379,1.446,17.638,0.144,0.178,0.002,0.556,8.278,32.635
5676,4.315,1.496,17.295,0.130,0.177,0.002,0.523,8.310,32.247
5677,4.412,3.284,17.427,0.133,0.179,0.003,0.516,8.287,34.237
5678,4.410,1.729,20.218,0.133,0.183,0.002,0.508,8.189,35.366
5679,4.166,1.429,17.147,0.132,0.177,0.002,0.475,8.491,32.008
5680,4.929,1.439,17.211,0.130,0.180,0.002,0.523,8.224,32.632
5681,4.250,1.481,17.839,0.131,0.176,0.007,0.525,8.314,32.721
5682,4.555,1.791,20.796,0.131,0.170,0.002,0.510,8.284,36.242
5683,4.344,1.417,17.442,0.133,0.180,0.003,0.519,8.254,32.286
5684,4.963,1.408,21.242,0.133,0.182,0.003,0.505,8.222,36.651
5685,4.301,2.164,17.345,0.135,0.180,0.003,0.517,8.554,33.189
5686,4.466,1.492,18.030,0.132,0.182,0.003,0.538,8.430,33.283
5687,4.264,1.630,17.615,0.134,0.181,0.002,0.534,7.527,31.885
5688,4.300,2.226,18.546,0.131,0.159,0.726,0.523,8.287,34.205
5689,4.550,1.612,17.989,0.137,0.154,0.002,0.505,8.309,33.289
5690,4.554,1.717,18.048,0.131,0.158,0.003,0.522,8.259,33.412
5691,5.080,1.681,17.794,0.133,0.162,0.002,0.511,8.875,34.253
5692,4.971,1.417,18.659,0.132,0.160,0.002,0.509,8.181,34.046
5693,4.350,1.768,18.101,0.132,0.160,0.002,0.515,8.436,33.482
5694,4.655,1.521,19.148,0.128,0.158,0.002,0.510,8.344,34.490
5695,4.603,1.475,17.380,0.133,0.160,0.002,0.511,8.499,32.773
5696,4.196,1.488,17.270,0.137,0.161,0.003,0.510,8.245,32.021
5697,4.564,3.963,17.324,0.129,0.160,0.002,0.513,8.311,34.983
5698,4.981,1.507,18.779,0.127,0.160,0.002,0.518,8.214,34.316
5699,4.189,1.457,17.325,0.130,0.160,0.002,0.490,8.274,32.045
5700,4.031,1.419,17.313,0.135,0.162,0.002,0.514,8.245,31.829
5701,4.398,1.476,23.499,0.128,0.156,0.002,0.528,8.259,38.485
5702,4.347,2.317,22.077,0.134,0.166,0.002,0.542,8.823,38.424
5703,4.880,1.611,19.514,0.130,0.160,0.002,0.536,8.318,35.186
5704,4.632,1.514,17.880,0.129,0.158,0.002,10.811,8.285,44.130
5705,4.281,1.764,17.816,0.128,0.158,0.002,0.552,8.246,32.986
5706,4.391,1.519,19.561,0.129,0.161,0.002,0.526,8.235,35.312
5707,4.684,1.590,17.713,0.143,0.161,0.003,0.504,8.216,33.032
5708,4.288,1.486,18.052,0.133,0.158,0.002,0.526,8.254,32.941
5709,4.293,1.533,17.632,0.133,0.159,0.002,0.498,8.481,32.768
5710,4.983,1.498,19.028,0.133,0.160,0.003,0.540,8.453,34.837
5711,4.285,1.396,17.393,0.133,0.159,0.002,0.526,8.210,32.138
5712,4.181,1.661,18.075,0.135,0.179,0.851,0.511,8.326,33.084
5713,4.259,1.820,17.814,0.129,0.178,0.002,0.496,8.593,33.309
5714,4.310,1.511,18.326,0.133,0.179,0.003,0.500,8.308,33.279
5715,4.635,1.411,17.271,0.134,0.179,0.002,0.522,8.270,32.450
5716,4.584,1.441,17.512,0.135,0.180,0.002,0.510,8.458,32.831
5717,4.695,1.500,17.658,0.133,0.178,0.002,0.521,8.406,33.118
5718,4.956,1.544,19.262,0.133,0.177,0.002,0.531,8.226,34.859
5719,4.186,1.458,17.284,0.132,0.176,0.002,0.516,8.290,32.059
5720,4.891,1.444,17.600,0.143,0.183,0.003,0.523,8.272,33.058
5721,4.595,2.499,17.540,0.135,0.178,0.002,0.538,8.221,34.376
5722,4.895,1.487,17.617,0.131,0.177,0.002,0.532,8.291,33.141
5723,4.254,1.427,17.450,0.133,0.177,0.002,0.519,8.243,32.203
5724,4.734,1.446,18.138,0.134,0.179,0.002,0.517,8.268,33.417
5725,4.244,1.746,17.611,0.129,0.173,0.002,0.538,8.233,32.694
5726,4.292,1.560,18.232,0.132,0.177,0.002,0.525,8.323,33.246
5727,4.493,2.059,17.378,0.134,0.181,0.002,0.554,8.285,33.095
5728,4.210,1.583,17.500,0.134,0.178,0.002,0.518,8.239,32.358
5729,4.613,2.204,17.440,0.134,0.180,0.002,0.526,8.249,33.350
5730,4.343,1.563,18.485,0.133,0.178,0.003,0.546,8.567,33.823
5731,4.568,1.562,17.392,0.140,0.182,0.002,0.506,8.279,32.617
5732,4.298,1.444,17.319,0.141,0.180,0.002,0.531,8.577,32.481
5733,4.999,1.806,17.968,0.133,0.190,0.002,0.535,8.262,33.894
5734,4.821,1.595,21.382,0.132,0.185,0.002,0.530,8.324,36.961
5735,4.455,1.463,17.256,0.131,0.182,0.003,0.496,8.343,33.363
5736,4.885,1.761,17.864,0.133,0.171,0.002,0.518,8.572,34.627
5737,4.484,2.769,18.070,0.137,0.179,0.002,0.551,8.619,34.829
5738,4.383,1.761,18.642,0.134,0.184,0.002,0.538,8.390,34.039
5739,4.254,1.497,17.366,0.136,0.180,0.002,0.556,8.360,32.348
5740,5.063,2.011,19.687,0.133,0.181,0.003,0.524,8.335,35.953
5741,4.541,1.927,17.671,0.131,0.180,0.002,0.536,8.239,33.237
5742,4.762,1.519,17.937,0.135,0.180,0.002,0.524,8.465,33.524
5743,4.775,1.446,17.233,0.131,0.178,0.002,0.498,8.225,32.480
5744,4.811,1.462,21.133,0.132,0.179,0.003,0.555,8.493,36.779
5745,4.641,1.528,17.606,0.131,0.177,0.003,0.526,8.385,32.998
5746,4.756,1.514,17.809,0.131,0.175,0.002,0.529,8.228,33.155
5747,4.325,1.429,17.224,0.132,0.173,0.002,0.500,8.239,32.021
5748,4.699,2.522,17.847,0.132,0.176,0.002,0.518,8.388,34.280
5749,4.332,1.637,17.658,0.135,0.178,0.003,0.551,8.610,33.101
5750,4.472,1.751,17.649,0.130,0.179,0.002,0.556,8.845,33.591
5751,4.688,1.443,19.315,0.134,0.184,0.002,0.506,8.197,34.451
5752,4.779,1.423,18.619,0.131,0.172,0.002,0.502,8.667,34.298
5753,4.306,1.499,17.934,0.133,0.184,0.002,0.517,8.235,32.804
5754,4.252,1.530,18.051,0.135,0.180,0.002,0.502,8.258,32.910
5755,5.289,1.492,17.362,0.133,0.176,0.002,0.510,8.267,33.238
5756,4.207,1.467,17.802,0.135,0.176,0.002,0.489,8.344,32.618
5757,4.343,1.936,17.497,0.133,0.192,0.003,0.520,8.666,33.277
5758,4.590,1.723,17.878,0.132,0.175,0.002,0.524,8.289,33.383
5759,4.565,1.414,17.140,0.132,0.176,0.002,0.504,8.194,32.129
5760,4.092,1.470,17.363,0.132,0.179,0.003,0.505,8.316,32.055
5761,5.234,1.492,17.423,0.129,0.181,0.002,0.503,8.170,33.129
5762,4.564,1.485,21.216,0.131,0.180,0.002,0.515,8.351,36.440
5763,4.164,1.415,17.201,0.146,0.182,0.002,0.503,8.423,32.020
5764,4.582,1.487,17.945,0.136,0.196,1.298,0.524,8.205,33.061
5765,4.305,1.877,18.028,0.132,0.192,0.002,0.533,8.275,33.323
5766,4.594,1.740,18.139,0.133,0.197,0.002,0.518,8.215,33.515
5767,4.171,1.418,17.658,0.131,0.193,0.003,0.512,8.167,32.237
5768,4.259,1.482,17.294,0.130,0.186,0.002,0.519,8.233,32.090
5769,4.360,1.517,17.486,0.133,0.194,0.002,0.545,8.255,32.472
5770,5.107,1.482,17.713,0.131,0.192,0.002,0.516,8.400,33.529
5771,4.186,1.396,17.224,0.135,0.191,0.002,0.491,8.405,32.007
5772,5.317,1.579,17.310,0.127,0.180,0.002,0.491,8.200,33.199
5773,4.406,2.860,17.769,0.131,0.174,1.403,0.503,8.555,34.401
5774,4.582,1.499,17.556,0.132,0.173,0.003,0.506,8.305,32.761
5775,4.490,1.490,17.246,0.135,0.177,0.002,0.520,8.231,32.290
5776,4.201,1.675,17.992,0.128,0.175,0.003,0.513,8.331,33.027
5777,4.408,1.481,17.488,0.132,0.177,0.002,0.501,8.267,32.460
5778,4.245,1.475,17.743,0.143,0.177,0.002,0.517,8.412,32.706
5779,4.992,1.530,17.254,0.135,0.176,0.002,0.511,8.172,32.780
5780,4.544,1.832,19.342,0.130,0.180,0.002,0.520,8.316,34.867
5781,4.345,1.972,18.046,0.133,0.180,0.002,0.509,8.213,33.396
5782,4.327,1.494,18.117,0.138,0.178,0.002,0.516,8.241,33.018
5783,4.150,1.561,17.249,0.133,0.178,0.003,0.505,8.224,32.000
5784,4.232,1.547,17.873,0.138,0.179,0.002,0.530,8.463,32.982
5785,4.260,1.623,17.313,0.135,0.178,0.002,10.648,8.613,43.688
5786,5.013,1.795,18.162,0.133,0.180,0.002,0.525,8.210,34.033
5787,4.184,1.446,17.272,0.138,0.185,0.002,0.521,8.235,31.985
5788,4.281,1.604,17.285,0.135,0.176,0.002,0.503,8.210,32.205
5789,4.543,2.454,17.693,0.138,0.183,0.004,0.517,8.262,33.800
5790,4.270,1.856,17.824,0.133,0.178,0.002,0.515,8.265,33.061
5791,4.168,1.399,17.520,0.135,0.178,0.003,0.507,8.318,32.243
5792,4.260,1.595,18.842,0.133,0.160,1.447,0.521,8.352,35.065
5793,4.506,1.499,18.253,0.132,0.162,0.003,0.520,8.277,33.355
5794,4.373,1.890,17.431,0.130,0.166,0.003,0.514,8.286,32.790
5795,4.190,1.628,17.388,0.141,0.190,0.726,0.501,8.162,32.161
5796,4.130,1.460,21.362,0.130,0.179,0.002,0.508,8.513,36.274
5797,4.329,1.500,17.293,0.130,0.187,0.002,0.518,8.435,32.384
5798,4.594,2.373,17.840,0.129,0.166,1.109,0.523,8.256,33.881
5799,4.170,1.430,17.067,0.132,0.164,0.002,0.553,7.586,32.043
5800,4.125,1.471,24.029,0.130,0.163,0.002,0.490,8.172,38.616
5801,4.153,1.506,17.209,0.132,0.163,0.002,0.519,8.225,31.941
5802,4.560,1.484,17.412,0.129,0.162,0.002,10.239,9.745,44.716
5803,5.326,2.722,20.746,0.133,0.164,0.002,0.956,8.478,38.589
5804,5.250,2.155,23.090,0.131,0.163,0.002,0.520,8.204,39.521
5805,5.048,1.750,17.560,0.127,0.159,0.002,0.497,8.604,33.780
5806,4.355,2.310,17.639,0.134,0.184,1.314,0.519,8.237,33.376
5807,4.734,1.929,17.504,0.131,0.188,0.003,0.511,8.336,33.327
5808,4.236,1.826,19.699,0.132,0.184,0.003,0.512,8.297,34.892
5809,5.342,1.812,18.009,0.139,0.186,0.002,0.508,8.250,34.232
5810,4.976,1.668,17.404,0.137,0.177,0.003,0.514,8.181,33.057
5811,4.326,2.728,17.922,0.134,0.177,0.002,0.507,8.236,34.040
5812,4.762,1.696,18.063,0.135,0.177,0.002,0.505,9.078,34.424
5813,4.256,1.505,17.387,0.132,0.183,0.002,0.519,8.223,32.211
5814,4.496,1.573,17.468,0.130,0.180,0.003,0.499,8.222,32.568
5815,4.242,1.493,17.505,0.132,0.179,0.003,0.509,8.380,32.454
5816,4.287,1.502,17.310,0.136,0.181,0.002,0.512,8.307,32.227
5817,4.147,1.483,17.327,0.130,0.193,1.358,0.514,8.219,32.005
5818,4.230,1.446,17.307,0.133,0.195,0.003,0.514,9.401,33.216
5819,4.249,3.137,17.294,0.133,0.203,0.002,0.507,8.259,33.759
5820,4.191,1.764,18.800,0.139,0.193,0.002,0.501,8.205,33.776
5821,4.213,1.462,17.363,0.132,0.200,0.003,0.501,8.209,32.063
5822,4.400,1.414,17.126,0.136,0.192,0.003,0.508,8.462,32.213
5823,5.386,1.924,17.577,0.133,0.191,0.002,0.514,8.330,34.047
5824,4.293,1.533,18.342,0.133,0.179,1.425,0.517,8.317,33.322
5825,4.173,1.697,17.205,0.130,0.179,0.002,0.513,8.184,32.090
5826,4.303,1.445,17.466,0.132,0.184,0.002,0.503,8.186,32.221
5827,4.365,2.043,17.675,0.130,0.186,0.002,0.499,8.247,33.146
5828,4.902,1.727,17.219,0.158,0.202,0.003,0.513,8.253,33.630
5829,4.246,1.559,17.262,0.137,0.182,0.003,0.487,8.216,32.064
5830,4.232,1.468,17.440,0.134,0.200,0.773,0.508,8.309,32.249
5831,4.273,1.498,17.644,0.137,0.201,0.003,0.517,8.227,32.458
5832,4.941,1.626,17.381,0.135,0.198,0.002,0.512,8.227,32.982
5833,4.122,1.467,17.413,0.136,0.197,0.002,0.501,8.459,32.257
5834,4.553,1.436,17.403,0.131,0.196,0.002,0.495,8.322,32.498
5835,4.318,1.493,17.396,0.134,0.199,0.002,0.520,8.248,32.271
5836,5.035,1.529,19.552,0.132,0.196,0.002,0.528,8.469,35.415
5837,4.440,1.451,17.301,0.128,0.195,0.002,0.501,8.474,32.458
5838,4.216,1.423,17.578,0.130,0.198,0.002,0.498,8.237,32.244
5839,4.702,1.874,17.586,0.132,0.203,0.003,0.501,8.299,33.257
5840,4.905,1.703,18.308,0.132,0.200,0.002,0.515,8.584,34.316
5841,4.119,1.455,17.356,0.130,0.159,0.844,0.481,8.349,32.048
5842,4.212,1.435,17.235,0.132,0.164,0.002,0.506,8.220,31.911
5843,4.217,1.479,17.171,0.136,0.165,0.002,0.525,8.185,31.871
5844,4.522,1.503,17.296,0.129,0.164,0.002,0.507,8.242,32.360
5845,5.792,1.452,17.342,0.130,0.163,0.003,0.503,8.286,33.663
5846,4.575,1.485,17.376,0.132,0.163,0.003,0.501,8.489,32.719
5847,4.263,1.612,23.580,0.136,0.166,0.002,0.533,8.291,38.587
5848,4.743,1.563,26.659,0.133,0.168,0.002,0.542,8.199,42.001
5849,4.184,1.441,17.748,0.131,0.179,1.131,0.529,8.191,32.388
5850,4.968,1.469,17.360,0.139,0.184,0.002,0.520,8.364,32.977
5851,4.522,1.876,17.655,0.138,0.184,0.003,0.518,8.542,33.408
5852,4.317,1.509,20.382,0.130,0.177,0.002,0.519,8.476,36.370
5853,4.214,1.592,17.580,0.130,0.179,0.002,0.484,8.272,32.452
5854,4.620,1.666,17.278,0.133,0.182,0.003,0.529,8.203,32.611
5855,4.435,1.857,18.208,0.135,0.181,0.003,0.516,8.257,33.589
5856,5.155,1.698,21.734,0.133,0.178,0.002,0.510,8.575,37.991
5857,4.191,1.711,17.466,0.131,0.181,0.002,0.523,8.441,32.646
5858,4.963,1.808,17.714,0.136,0.183,0.003,0.507,8.226,33.532
5859,4.584,2.601,17.310,0.136,0.176,0.003,0.515,8.229,33.551
5860,4.307,1.498,18.788,0.142,0.177,0.003,0.529,8.522,33.974
5861,4.182,1.696,17.442,0.131,0.160,0.816,0.521,8.203,32.360
5862,4.568,1.478,17.453,0.130,0.160,0.002,0.511,8.257,32.578
5863,4.574,1.635,17.901,0.128,0.164,0.002,0.521,8.524,33.468
5864,5.078,1.646,17.645,0.132,0.163,0.002,0.511,8.282,33.478
5865,4.200,1.607,17.412,0.131,0.162,0.002,0.483,8.175,32.183
5866,4.230,1.571,17.129,0.130,0.167,0.003,0.509,8.196,31.947
5867,4.362,1.636,17.397,0.131,0.163,0.002,0.511,8.349,32.573
5868,4.351,1.991,20.549,0.136,0.163,0.002,0.512,8.387,36.103
5869,4.717,1.686,17.995,0.128,0.160,0.002,0.497,8.321,33.534
5870,4.988,1.761,17.652,0.130,0.161,0.002,0.507,8.242,33.465
5871,4.622,1.823,18.106,0.130,0.162,0.003,0.522,8.309,33.707
5872,4.183,1.469,18.862,0.132,0.159,0.003,0.519,8.216,33.574
5873,4.140,1.586,17.228,0.132,0.163,0.002,0.495,8.237,32.013
5874,4.563,1.604,17.266,0.130,0.161,0.002,0.506,8.396,32.656
5875,4.474,1.966,17.572,0.137,0.162,0.002,0.503,8.213,33.045
5876,4.297,2.933,20.349,0.130,0.161,0.002,0.481,8.155,36.522
5877,4.214,1.749,17.398,0.131,0.161,0.003,0.527,8.231,32.439
5878,4.555,1.592,17.319,0.132,0.167,0.002,0.511,8.209,32.507
5879,4.617,1.469,17.297,0.136,0.168,0.002,0.524,8.296,32.522
5880,4.191,1.680,18.339,0.130,0.168,0.002,0.531,8.424,33.483
5881,4.257,1.492,17.438,0.128,0.198,0.748,0.509,8.258,32.269
5882,4.663,1.479,17.306,0.134,0.202,0.002,0.519,8.253,32.539
5883,4.287,1.487,17.348,0.133,0.198,0.002,0.500,8.306,32.239
5884,5.259,1.825,18.903,0.126,0.188,0.002,0.519,8.384,35.206
5885,4.187,1.709,17.359,0.131,0.194,0.002,0.510,8.271,32.347
5886,4.763,1.843,17.505,0.136,0.195,0.002,0.522,8.208,33.149
5887,4.349,4.213,17.415,0.135,0.196,0.002,0.505,8.244,35.035
5888,4.707,1.482,19.794,0.130,0.189,0.002,0.529,8.240,35.064
5889,4.150,1.464,17.896,0.130,0.194,0.002,0.507,8.190,32.524
5890,4.592,1.459,17.700,0.133,0.183,0.797,0.514,8.284,32.861
5891,4.481,1.690,17.471,0.134,0.187,0.002,0.508,8.419,32.890
5892,4.245,1.519,23.762,0.128,0.191,0.002,0.487,8.415,38.735
5893,4.157,1.675,17.418,0.134,0.188,0.002,0.528,8.219,32.318
5894,4.644,1.435,17.306,0.133,0.187,0.003,0.521,8.217,32.440
5895,4.605,1.442,17.369,0.138,0.187,0.002,0.517,8.257,32.503
5896,4.285,1.504,17.661,0.134,0.184,0.002,0.508,8.214,32.485
5897,4.155,1.454,17.244,0.130,0.183,0.002,0.519,8.265,31.965
5898,4.599,1.441,17.365,0.131,0.182,0.003,0.515,8.705,32.934
5899,4.605,2.401,17.553,0.131,0.184,0.002,0.492,8.286,33.647
5900,4.837,1.514,19.250,0.130,0.179,0.002,0.530,8.472,34.917
5901,4.821,1.466,17.286,0.130,0.180,0.002,0.499,8.200,32.584
5902,4.335,1.642,17.493,0.138,0.179,0.003,0.491,8.418,32.693
5903,4.297,1.496,17.410,0.134,0.179,0.003,0.496,8.318,32.349
5904,5.210,1.487,17.884,0.134,0.173,0.002,9.041,8.175,43.429
5905,4.180,1.511,17.296,0.130,0.174,0.002,0.484,8.237,32.036
5906,4.667,1.456,17.539,0.134,0.179,0.002,0.511,8.218,32.724
5907,4.779,1.930,17.613,0.135,0.180,0.002,0.491,8.222,33.363
5908,5.007,1.487,21.680,0.130,0.179,0.002,0.512,8.249,37.254
5909,4.213,1.530,17.425,0.133,0.179,0.002,0.534,8.721,32.752
5910,4.353,1.458,17.351,0.130,0.180,0.002,0.499,8.283,32.270
5911,4.281,1.680,17.365,0.127,0.166,0.831,0.535,8.280,32.471
5912,4.882,1.494,20.806,0.136,0.161,0.002,0.498,8.222,36.212
5913,5.168,1.592,17.262,0.132,0.188,1.023,8.710,8.479,42.921
5914,4.303,1.426,17.322,0.132,0.193,0.623,0.518,8.252,32.131
5915,4.333,1.491,17.569,0.137,0.194,0.002,0.507,8.490,32.706
5916,4.975,1.719,17.677,0.129,0.192,0.002,0.513,8.243,33.433
5917,4.153,1.479,17.528,0.130,0.199,0.002,0.510,8.180,32.162
5918,4.334,1.449,17.610,0.140,0.201,0.003,0.543,8.350,32.610
5919,4.402,2.336,17.458,0.129,0.178,0.748,0.494,8.269,33.274
5920,4.838,1.708,17.766,0.132,0.184,0.002,0.502,8.169,33.295
5921,4.188,1.676,17.601,0.132,0.183,0.003,0.513,8.226,32.522
5922,4.605,1.443,17.270,0.130,0.179,0.003,0.520,8.222,32.378
5923,4.606,1.483,17.219,0.133,0.176,0.736,0.532,8.548,32.702
5924,4.693,1.454,17.834,0.136,0.173,0.003,0.504,8.203,33.009
5925,4.437,1.467,17.351,0.134,0.173,0.002,0.518,8.183,32.272
5926,4.258,1.554,17.315,0.133,0.176,0.002,0.508,8.193,32.145
5927,4.288,2.116,17.437,0.136,0.180,0.003,0.514,8.598,33.279
5928,4.569,1.717,17.764,0.135,0.183,0.002,0.516,8.301,33.182
5929,5.033,1.838,18.355,0.136,0.191,1.375,0.520,9.845,35.918
5930,4.400,1.639,17.329,0.130,0.182,0.002,0.533,8.302,32.519
5931,4.902,1.536,17.393,0.133,0.196,0.002,0.515,8.216,32.878
5932,4.742,1.462,18.419,0.135,0.188,0.002,0.530,8.306,35.200
5933,4.166,1.916,17.426,0.136,0.176,0.738,0.510,8.203,32.519
5934,4.269,1.460,17.560,0.138,0.173,0.002,0.499,8.256,32.343
5935,4.362,3.935,17.437,0.133,0.174,0.002,0.522,8.226,35.539
5936,4.367,1.915,19.846,0.133,0.174,0.002,0.499,8.191,35.130
5937,4.189,1.620,17.295,0.143,0.176,0.003,0.518,8.243,32.186
5938,4.217,1.440,17.434,0.134,0.173,0.002,0.525,8.300,33.321
5939,4.481,1.472,17.386,0.130,0.176,0.002,0.519,8.767,32.923
5940,4.243,1.686,20.101,0.142,0.173,0.002,0.514,8.165,35.006
5941,4.198,1.446,17.447,0.132,0.170,0.002,0.518,8.246,32.153
5942,4.991,1.432,17.324,0.133,0.176,0.002,0.514,8.238,32.792
5943,4.299,1.459,17.474,0.133,0.173,0.002,0.520,8.417,32.468
5944,4.956,1.642,17.225,0.134,0.173,0.003,0.505,8.348,32.972
5945,4.495,1.769,17.670,0.138,0.169,0.002,0.476,8.313,33.013
5946,4.573,1.573,17.419,0.135,0.170,0.002,0.510,8.207,33.916
5947,4.470,2.045,17.487,0.131,0.169,0.002,0.511,8.303,33.139
5948,4.596,1.906,18.387,0.153,0.171,0.002,0.521,8.214,33.943
5949,4.151,1.460,17.364,0.133,0.170,0.002,0.513,8.304,32.118
5950,4.230,1.436,17.781,0.137,0.169,0.003,0.518,8.242,32.524
5951,4.364,1.443,17.400,0.134,0.175,0.002,0.540,8.223,32.284
5952,4.900,1.725,17.299,0.131,0.168,0.002,0.506,8.228,32.973
5953,4.174,1.679,17.314,0.131,0.171,0.002,0.516,8.331,32.332
5954,4.744,1.691,17.589,0.138,0.173,0.003,0.517,8.226,33.080
5955,5.996,1.669,17.732,0.128,0.167,0.003,0.521,8.277,34.510
5956,4.942,6.006,17.360,0.136,0.171,0.002,0.529,8.235,37.392
5957,4.273,1.584,18.079,0.134,0.171,0.002,8.631,8.199,42.449
5958,4.237,1.546,17.494,0.131,0.173,0.002,0.497,8.206,32.312
5959,4.563,1.464,17.722,0.130,0.169,0.002,0.503,8.296,32.888
5960,4.164,1.598,17.836,0.137,0.174,0.002,0.508,8.280,32.721
5961,4.159,1.609,17.286,0.134,0.173,0.002,0.515,8.226,32.132
5962,4.602,1.488,17.488,0.135,0.171,0.002,0.502,8.215,32.627
5963,4.245,1.450,17.456,0.131,0.173,0.002,0.487,8.292,32.257
5964,4.545,1.484,18.316,0.135,0.173,0.002,8.219,8.185,42.487
5965,4.549,1.822,17.522,0.135,0.171,0.002,0.521,8.240,32.966
5966,4.582,1.446,17.559,0.135,0.173,0.002,0.512,8.262,32.680
5967,4.391,2.335,17.512,0.137,0.170,0.002,0.523,8.298,33.377
5968,4.521,1.481,60.872,0.134,0.179,0.002,0.580,8.607,76.426
5969,7.337,1.798,17.413,0.132,0.173,0.003,0.524,8.244,35.638
5970,4.380,1.439,17.323,0.130,0.176,0.002,8.520,8.218,40.986
5971,4.674,1.653,17.749,0.133,0.174,0.002,0.522,8.275,33.216
5972,4.378,1.767,20.691,0.141,0.173,0.002,0.538,8.431,36.141
5973,4.242,1.431,17.442,0.137,0.174,0.002,0.496,8.281,32.229
5974,4.563,1.440,17.713,0.144,0.181,0.003,0.504,8.212,32.762
5975,4.237,1.496,17.406,0.134,0.172,0.002,0.504,8.203,32.182
5976,4.309,1.513,18.528,0.133,0.186,0.844,0.503,8.160,33.344
5977,4.155,1.579,17.198,0.133,0.186,0.002,0.491,8.180,31.929
5978,4.434,1.612,17.419,0.136,0.192,0.002,0.502,8.369,32.668
5979,4.254,3.132,17.238,0.132,0.186,0.002,0.526,8.241,33.730
5980,4.417,1.501,18.836,0.134,0.185,0.002,0.508,8.249,33.846
5981,4.155,1.670,17.559,0.134,0.192,0.002,0.522,8.214,33.255
5982,4.702,1.462,17.370,0.138,0.171,0.707,0.524,8.452,32.809
5983,4.265,1.453,17.329,0.134,0.176,0.002,0.519,8.311,32.183
5984,4.334,1.519,17.296,0.132,0.169,0.003,0.509,8.154,32.107
5985,4.165,1.457,17.382,0.133,0.171,0.002,0.471,8.253,32.024
5986,4.244,1.444,17.302,0.128,0.165,0.002,0.497,8.210,31.996
5987,4.273,1.449,17.417,0.128,0.170,0.002,0.514,8.546,32.505
5988,5.156,1.697,17.824,0.139,0.174,0.002,0.518,8.267,33.766
5989,4.542,1.668,17.614,0.130,0.179,0.003,8.827,8.219,42.312
5990,4.627,1.433,18.262,0.138,0.173,0.002,0.514,8.203,33.365
5991,5.831,2.424,20.606,0.143,0.170,0.002,0.540,8.361,38.087
5992,4.155,1.590,17.731,0.134,0.174,0.002,0.511,8.427,32.724
5993,4.158,1.488,17.263,0.131,0.169,0.002,0.515,8.199,31.935
5994,4.240,1.470,17.307,0.133,0.171,0.002,0.541,8.286,32.162
5995,4.259,1.829,17.445,0.136,0.170,0.003,0.513,8.242,32.608
5996,5.305,1.618,17.512,0.134,0.179,0.002,0.536,8.788,34.073
5997,4.984,1.501,17.399,0.139,0.174,0.002,0.516,8.423,33.140
5998,4.247,1.543,17.723,0.133,0.173,0.002,0.535,8.364,32.736
5999,4.295,2.004,19.768,0.129,0.176,0.003,0.549,8.624,35.555
6000,4.285,1.478,18.289,0.136,0.178,0.002,0.544,8.475,33.394
6001,4.256,1.696,17.776,0.140,0.177,0.002,0.509,8.187,33.532
6002,4.828,1.576,17.882,0.134,0.176,0.002,0.528,8.296,33.404
6003,4.590,1.482,17.621,0.138,0.173,0.002,0.517,8.376,32.882
6004,4.374,1.588,18.151,0.146,0.172,0.002,0.524,8.372,33.306
6005,4.161,1.432,17.596,0.131,0.177,0.002,0.510,8.232,32.227
6006,4.601,1.421,17.427,0.139,0.177,0.002,0.530,8.533,32.812
6007,4.394,1.472,17.555,0.130,0.182,0.003,0.510,8.548,32.777
6008,4.952,2.030,18.555,0.128,0.182,0.002,0.521,8.290,34.650
6009,4.309,1.457,17.241,0.137,0.188,0.002,0.508,8.209,32.015
6010,4.295,1.492,17.324,0.134,0.170,0.003,0.529,8.247,32.181
6011,4.321,1.497,17.308,0.130,0.182,0.003,0.531,8.215,32.168
6012,4.891,1.713,22.178,0.133,0.176,0.002,0.523,8.183,37.783
6013,4.493,1.697,17.789,0.135,0.176,0.002,0.522,8.202,33.002
6014,4.620,1.441,17.200,0.135,0.187,0.744,0.525,8.224,32.305
6015,4.305,1.476,17.413,0.131,0.176,1.564,0.522,8.356,32.374
6016,4.299,1.482,18.855,0.134,0.176,0.003,0.518,8.313,33.762
6017,4.508,1.621,17.378,0.133,0.178,0.003,0.541,8.466,32.810
6018,4.765,1.625,17.735,0.132,0.165,0.002,0.511,8.226,33.163
6019,4.258,2.947,17.479,0.132,0.186,0.834,0.536,8.282,33.809
6020,4.299,1.470,23.954,0.135,0.185,0.003,0.505,8.187,38.715
6021,4.162,1.464,17.212,0.132,0.184,0.002,8.094,8.252,40.258
6022,4.580,1.451,17.550,0.134,0.169,1.296,0.510,8.480,32.911
6023,4.357,1.739,17.809,0.134,0.173,0.002,0.505,8.292,33.036
6024,4.196,1.757,17.688,0.130,0.167,0.002,0.498,8.164,32.621
6025,4.217,1.445,17.250,0.133,0.172,0.002,0.502,8.202,31.944
6026,4.593,1.461,17.556,0.138,0.167,0.002,0.520,8.288,32.753
6027,4.440,1.474,17.402,0.133,0.167,0.002,0.508,8.204,32.361
6028,4.263,1.509,22.633,0.134,0.169,0.003,0.503,8.419,37.649
6029,4.179,2.318,17.174,0.258,0.169,0.002,0.514,8.274,32.785
6030,4.836,1.440,17.380,0.145,0.178,0.002,8.460,8.211,41.440
6031,4.255,1.537,17.393,0.134,0.172,0.002,0.510,8.308,32.327
6032,4.434,1.692,17.747,0.132,0.168,0.002,0.502,8.190,32.888
6033,4.174,1.478,17.695,0.138,0.170,0.002,0.516,8.187,32.376
6034,4.266,1.483,17.421,0.135,0.169,0.002,0.533,8.230,32.258
6035,4.331,1.450,17.401,0.133,0.174,0.002,0.531,8.596,32.637
6036,4.636,1.668,18.031,0.131,0.168,0.002,0.513,8.299,33.468
6037,4.531,1.441,17.367,0.130,0.163,0.003,0.518,8.473,32.647
6038,4.893,1.439,17.339,0.132,0.167,0.002,0.511,8.261,32.759
6039,4.345,1.737,17.501,0.136,0.170,0.002,0.530,8.217,32.648
6040,4.272,1.462,17.229,0.134,0.172,0.002,0.509,8.261,32.045
6041,4.216,1.484,18.141,0.140,0.173,0.002,0.493,8.534,33.181
6042,4.565,1.699,19.309,0.136,0.175,0.002,0.511,8.297,34.702
6043,4.775,1.547,18.627,0.132,0.170,0.002,0.498,8.405,34.168
6044,4.886,11.741,18.560,0.132,0.171,0.002,0.546,8.589,44.633
6045,4.097,1.450,16.954,0.136,0.172,0.003,0.511,8.250,31.570
6046,4.168,1.690,18.905,0.140,0.173,0.003,0.509,8.654,34.242
6047,4.575,1.542,17.525,0.135,0.179,0.002,0.512,9.503,33.976
6048,4.550,1.684,17.536,0.142,0.176,0.003,0.511,8.190,32.784
6049,4.643,1.472,18.040,0.145,0.174,0.003,0.528,8.444,33.442
6050,4.334,1.493,17.786,0.133,0.171,0.003,0.502,8.440,32.870
6051,4.171,2.374,17.123,0.135,0.171,0.004,0.519,8.193,33.506
6052,5.396,1.635,17.844,0.141,0.186,0.661,0.539,8.241,33.954
6053,5.098,1.466,17.843,0.135,0.174,1.359,0.542,8.275,34.568
6054,4.637,1.527,19.257,0.134,0.172,0.002,8.758,8.219,43.346
6055,4.227,1.677,17.396,0.137,0.173,0.002,0.521,8.201,32.357
6056,4.926,1.945,17.906,0.139,0.169,0.002,0.506,8.256,33.864
6057,4.331,2.092,17.709,0.141,0.180,0.002,0.520,8.283,33.268
6058,4.357,1.515,18.544,0.133,0.169,0.002,0.533,8.292,33.586
6059,4.240,1.402,17.285,0.133,0.176,0.002,8.077,8.172,40.233
6060,4.036,1.488,17.666,0.132,0.176,0.003,0.529,8.317,32.355
6061,4.387,1.540,18.818,0.139,0.175,0.002,0.514,8.226,33.804
6062,4.303,1.555,22.422,0.132,0.176,0.002,0.506,8.162,37.260
6063,4.185,1.415,17.584,0.134,0.176,0.002,8.061,8.203,40.494
6064,4.158,1.423,18.026,0.137,0.169,0.002,0.504,8.224,32.648
6065,4.463,1.998,17.900,0.135,0.171,0.002,0.496,8.542,33.708
6066,4.255,1.509,17.359,0.132,0.169,0.002,0.518,8.175,32.130
6067,4.229,1.524,17.346,0.131,0.165,0.003,0.526,8.254,32.199
6068,5.219,1.456,17.338,0.132,0.167,0.002,0.527,8.344,33.206
6069,4.570,1.734,17.298,0.138,0.170,0.006,8.826,8.241,42.372
6070,4.186,1.666,17.632,0.132,0.168,0.002,0.486,8.161,32.445
6071,4.190,1.380,17.518,0.132,0.169,0.002,0.508,8.202,32.131
6072,6.426,1.435,17.808,0.135,0.166,0.002,0.528,8.204,34.728
6073,4.302,3.093,17.824,0.132,0.163,0.002,8.525,8.199,42.993
6074,4.275,1.478,17.399,0.135,0.168,0.002,0.509,8.194,32.169
6075,4.176,1.620,17.563,0.131,0.170,0.002,0.511,8.449,32.628
6076,4.900,1.461,17.530,0.132,0.166,0.002,0.510,8.212,32.923
6077,4.264,1.734,17.385,0.138,0.169,0.002,0.531,8.263,32.499
6078,4.250,1.472,17.319,0.136,0.168,0.002,0.497,8.182,32.031
6079,4.188,1.434,17.197,0.134,0.171,0.002,0.518,8.224,31.871
6080,4.288,1.450,18.714,0.133,0.174,0.003,0.520,8.461,33.751
6081,4.870,1.485,17.335,0.131,0.171,0.002,0.506,8.446,32.946
6082,4.975,1.479,17.681,0.131,0.169,0.002,0.519,8.486,33.453
6083,4.187,1.386,17.138,0.135,0.172,0.002,0.491,8.151,31.663
6084,4.842,1.471,17.288,0.132,0.172,0.002,0.511,8.289,32.712
6085,5.058,2.500,17.421,0.138,0.173,0.002,0.528,8.253,34.071
6086,4.344,1.524,17.468,0.132,0.171,0.002,0.503,8.309,32.456
6087,4.334,1.436,17.416,0.134,0.177,0.002,0.502,8.166,32.156
6088,4.213,1.444,17.496,0.146,0.176,0.003,0.506,8.443,32.430
6089,4.292,1.544,17.674,0.135,0.170,0.002,0.508,8.260,32.584
6090,4.252,1.478,20.493,0.131,0.170,0.002,0.510,8.102,35.144
6091,4.237,1.376,17.176,0.130,0.174,0.002,0.530,8.268,31.898
6092,4.626,1.449,17.400,0.133,0.171,0.002,0.504,8.164,32.445
6093,4.334,1.722,17.368,0.133,0.172,0.002,0.510,8.260,32.499
6094,4.553,2.011,17.616,0.127,0.168,0.002,0.499,8.212,33.205
6095,4.326,1.425,17.284,0.131,0.176,0.002,0.473,8.215,32.021
6096,4.296,1.455,18.484,0.134,0.176,0.002,0.511,8.409,33.466
6097,4.283,2.024,17.271,0.134,0.183,0.002,0.517,8.377,32.780
6098,4.676,1.490,17.559,0.135,0.173,0.002,0.491,8.295,32.819
6099,4.162,1.413,17.219,0.134,0.175,0.003,0.512,8.471,32.081
6100,4.237,1.474,17.307,0.129,0.173,0.002,0.516,8.220,32.067
6101,4.609,1.746,17.406,0.146,0.174,0.002,0.516,8.206,32.792
6102,4.327,1.734,22.588,0.132,0.172,0.002,0.528,8.242,37.729
6103,4.191,1.409,17.553,0.136,0.185,0.002,0.507,8.405,32.373
6104,4.538,1.681,19.293,0.135,0.171,0.003,0.520,8.240,34.584
6105,4.466,1.817,17.431,0.138,0.174,0.002,0.505,8.284,32.813
6106,4.276,1.539,18.199,0.133,0.172,0.002,0.519,8.198,33.041
6107,4.195,1.377,17.207,0.132,0.170,0.002,0.514,8.182,31.785
6108,4.265,1.466,18.233,0.135,0.177,0.003,0.515,8.408,33.202
6109,4.311,1.740,17.874,0.131,0.169,0.002,0.506,8.522,33.262
6110,4.520,1.716,18.070,0.131,0.173,0.002,0.513,8.315,33.442
6111,5.101,1.426,17.689,0.131,0.177,0.002,0.494,8.278,33.296
6112,4.269,1.669,17.665,0.133,0.170,0.002,0.535,9.426,33.880
6113,4.541,1.828,17.749,0.134,0.174,0.002,0.511,8.421,33.365
6114,4.619,1.504,17.942,0.136,0.178,0.002,0.611,8.731,33.736
6115,4.184,1.415,17.169,0.133,0.172,0.003,0.536,8.285,31.899
6116,4.338,1.616,17.493,0.135,0.176,0.002,8.961,8.596,42.170
6117,4.293,1.554,17.493,0.129,0.174,0.002,0.522,8.296,32.480
6118,4.467,1.505,17.766,0.131,0.175,0.002,0.507,8.301,32.876
6119,5.077,1.394,17.374,0.134,0.172,0.002,0.542,8.314,33.023
6120,4.192,1.524,17.679,0.136,0.175,0.003,0.533,8.317,32.567
6121,4.396,2.141,18.248,0.128,0.166,0.002,0.516,8.380,34.011
6122,4.668,1.496,17.996,0.133,0.176,0.002,8.329,8.149,41.655
6123,4.194,1.454,17.262,0.133,0.175,0.003,0.510,8.474,32.207
6124,4.734,1.514,18.426,0.133,0.176,0.002,0.500,8.255,33.734
6125,5.196,1.495,17.509,0.130,0.172,0.002,0.501,8.532,33.539
6126,4.880,1.791,18.484,0.130,0.172,0.002,0.503,8.260,34.215
6127,4.404,1.434,17.170,0.140,0.175,0.003,0.483,8.325,32.116
6128,4.301,1.475,18.104,0.133,0.172,0.002,0.526,8.301,33.023
6129,4.269,2.251,17.457,0.136,0.174,0.002,0.506,8.266,33.063
6130,4.529,1.482,18.230,0.137,0.173,0.002,0.532,8.841,33.929
6131,4.347,1.556,17.485,0.134,0.175,0.003,0.536,8.319,32.558
6132,5.411,1.602,17.599,0.137,0.177,0.002,0.516,8.244,33.683
6133,4.467,1.538,17.773,0.132,0.172,0.002,0.527,8.382,32.991
6134,4.598,1.612,18.099,0.132,0.172,0.002,0.544,8.296,33.456
6135,5.511,1.887,20.478,0.134,0.172,0.002,0.521,8.467,37.173
6136,4.672,1.480,20.803,0.139,0.173,0.002,0.562,8.249,36.084
6137,4.511,1.726,18.392,0.132,0.168,0.002,0.548,8.408,33.902
6138,4.606,1.679,17.677,0.134,0.170,0.002,0.530,8.285,33.087
6139,4.770,1.606,17.546,0.131,0.171,0.002,0.538,8.177,32.947
6140,4.319,1.644,17.725,0.136,0.178,0.003,0.519,8.175,32.701
6141,4.264,1.518,17.577,0.132,0.171,0.002,0.551,8.447,32.677
6142,5.294,1.457,17.714,0.133,0.171,0.002,0.511,8.791,34.080
6143,4.661,1.469,19.037,0.135,0.173,0.002,0.521,8.207,34.209
6144,4.383,1.504,17.574,0.140,0.180,0.007,0.528,8.670,32.987
6145,4.957,1.527,17.468,0.133,0.186,0.826,0.505,8.315,33.084
6146,4.437,1.978,18.002,0.139,0.187,0.002,0.522,8.609,33.869
6147,5.508,1.478,17.525,0.136,0.187,0.002,0.513,8.197,33.534
6148,4.244,1.692,17.951,0.139,0.184,0.002,0.509,8.414,33.123
6149,4.444,1.790,17.572,0.134,0.182,0.002,0.531,8.366,33.031
6150,4.553,1.771,17.865,0.133,0.184,0.003,0.542,8.246,33.284
6151,4.252,1.396,17.697,0.135,0.182,0.002,0.519,8.513,32.692
6152,4.652,1.419,17.724,0.137,0.188,0.003,0.529,8.272,32.908
6153,4.260,1.514,18.221,0.137,0.177,0.002,0.524,8.244,33.077
6154,4.330,1.491,17.389,0.137,0.186,0.002,8.548,8.158,40.984
6155,4.204,1.708,17.612,0.133,0.181,0.002,8.646,8.190,42.231
6156,4.323,1.462,19.242,0.132,0.182,0.002,0.532,8.553,34.425
6157,4.699,1.717,17.591,0.132,0.188,0.002,0.515,8.465,33.302
6158,4.625,1.464,17.055,0.135,0.185,0.002,0.493,8.357,32.293
6159,4.216,1.504,17.357,0.136,0.167,0.823,8.129,8.276,40.636
6160,4.361,1.533,17.699,0.142,0.169,0.002,0.517,8.302,32.736
6161,4.496,1.725,17.390,0.132,0.176,0.002,0.504,8.541,32.976
6162,4.635,1.473,17.492,0.134,0.173,0.002,8.324,8.284,41.808
6163,4.320,1.480,17.542,0.144,0.171,0.002,0.542,8.219,32.412
6164,4.577,1.488,20.934,0.132,0.172,0.002,0.526,8.380,36.205
6165,4.563,1.899,17.982,0.132,0.176,0.002,0.510,8.579,33.841
6166,4.975,1.541,18.583,0.131,0.176,0.003,0.521,8.486,34.415
6167,4.265,1.459,17.254,0.130,0.173,0.002,0.528,8.223,32.033
6168,6.032,1.454,18.540,0.134,0.175,0.002,0.522,8.511,35.366
6169,4.986,1.813,18.355,0.137,0.177,0.002,0.513,8.243,34.339
6170,4.976,1.470,18.394,0.144,0.173,0.004,0.556,8.244,33.966
6171,4.415,1.483,17.264,0.191,0.190,0.004,0.513,8.266,32.250
6172,5.142,1.657,18.240,0.137,0.177,0.002,0.498,8.667,34.507
6173,4.802,1.460,17.767,0.141,0.177,0.003,0.516,8.228,33.083
6174,4.255,1.440,17.231,0.133,0.172,0.002,0.527,8.247,32.007
6175,4.389,2.044,17.203,0.155,0.174,0.002,0.531,8.179,32.655
6176,4.869,1.620,18.183,0.156,0.176,0.003,0.518,8.272,33.764
6177,4.334,1.685,17.955,0.314,0.177,0.003,0.517,8.535,33.323
6178,4.190,1.407,17.188,0.137,0.174,0.002,0.521,8.276,31.883
6179,4.301,1.426,17.322,0.141,0.178,0.002,0.506,8.221,32.085
6180,4.524,1.802,17.482,0.139,0.175,0.002,0.526,8.221,32.865
6181,4.633,2.648,18.390,0.143,0.175,0.003,0.523,8.246,34.756
6182,4.433,1.656,17.524,0.139,0.175,0.002,0.517,8.484,32.928
6183,5.640,1.416,18.004,0.145,0.182,0.002,0.510,8.285,34.160
6184,4.299,1.613,20.856,0.142,0.175,0.003,0.518,8.292,35.885
6185,4.288,1.651,17.449,0.136,0.180,0.002,0.529,8.505,32.733
6186,7.126,1.780,100.381,0.144,0.178,0.002,0.607,8.617,118.830
6187,4.441,1.901,18.530,0.140,0.175,0.003,0.530,8.357,34.075
6188,5.806,2.191,17.975,0.202,0.168,0.002,0.533,8.429,35.256
6189,4.658,1.709,20.743,0.135,0.174,0.002,0.559,8.289,36.281
6190,4.532,1.924,17.408,0.134,0.169,0.002,0.532,8.223,32.927
6191,4.569,1.838,17.685,0.139,0.169,0.002,0.532,8.420,33.356
6192,4.919,1.844,21.644,0.136,0.160,0.002,9.265,8.713,47.374
6193,4.775,1.766,22.740,0.131,0.173,0.002,7.685,8.367,47.003
6194,4.869,1.908,18.169,0.132,0.168,0.004,0.529,8.321,34.106
6195,4.736,1.533,18.845,0.139,0.170,0.002,0.544,8.406,34.378
6196,4.274,1.672,22.814,0.138,0.168,0.002,0.519,8.600,38.191
6197,4.428,2.893,18.428,0.148,0.173,0.003,0.551,8.232,34.856
6198,4.581,1.755,17.602,0.170,0.171,0.002,0.544,8.327,33.114
6199,4.601,1.461,17.354,0.138,0.171,0.003,0.528,8.219,32.475
6200,4.477,1.912,18.219,0.136,0.172,0.002,0.521,8.268,33.709
6201,4.720,1.699,17.925,0.138,0.180,0.002,0.525,8.318,33.503
6202,4.180,2.082,17.547,0.142,0.176,0.003,0.509,8.422,33.052
6203,4.627,1.593,17.564,0.135,0.184,0.002,0.537,8.243,32.878
6204,4.300,1.969,17.839,0.140,0.165,0.002,0.514,8.267,33.199
6205,4.472,1.646,22.131,0.130,0.177,0.002,0.547,8.199,37.304
6206,4.242,1.605,17.220,0.133,0.173,0.002,0.521,8.275,32.165
6207,4.628,1.930,17.521,0.139,0.168,0.004,0.522,8.288,33.188
6208,4.574,1.623,22.524,0.131,0.166,0.002,0.518,8.351,37.893
6209,4.201,1.903,17.673,0.147,0.164,0.002,0.525,8.473,33.090
6210,4.200,1.572,17.488,0.139,0.167,0.003,0.504,8.208,32.275
6211,4.671,1.872,17.269,0.132,0.168,0.002,0.497,8.338,32.951
6212,4.560,2.208,22.462,0.139,0.171,0.003,0.515,8.273,38.322
6213,4.792,1.489,18.091,0.133,0.167,0.002,0.503,8.257,33.432
6214,4.202,1.577,17.318,0.147,0.160,0.003,0.505,8.325,32.233
6215,4.651,1.641,17.404,0.135,0.160,0.002,0.517,8.302,32.819
6216,4.349,1.951,18.213,0.142,0.160,0.003,0.510,8.229,33.553
6217,4.295,1.547,17.525,0.141,0.170,0.003,0.520,8.722,32.918
6218,4.202,1.602,17.461,0.140,0.179,0.002,0.513,8.338,32.422
6219,4.585,1.649,17.462,0.141,0.167,0.004,0.511,8.340,32.855
6220,4.600,1.926,19.332,0.231,0.193,0.004,0.526,8.357,35.053
6221,4.972,1.763,17.783,0.170,0.155,1.764,0.506,8.247,33.577
6222,4.197,1.589,17.599,0.149,0.155,0.003,0.518,8.219,32.425
6223,4.649,1.629,17.459,0.149,0.149,0.003,0.501,8.478,33.026
6224,4.770,2.029,18.724,0.140,0.153,0.003,0.530,8.261,34.621
6225,4.301,1.897,18.756,0.136,0.159,0.002,0.527,8.274,34.069
6226,4.295,1.428,17.554,0.136,0.147,0.002,0.497,8.241,32.320
6227,4.235,1.433,17.575,0.138,0.144,0.003,0.520,8.344,32.421
6228,4.316,1.493,17.772,0.138,0.145,0.002,0.536,8.218,32.661
6229,4.545,1.730,19.344,0.147,0.148,0.002,0.519,8.848,35.294
6230,4.554,1.504,20.521,0.152,0.161,0.003,0.529,8.254,35.665
6231,4.280,1.424,17.302,0.140,0.179,0.688,0.534,8.262,32.108
6232,5.131,1.449,19.942,0.140,0.168,0.700,0.508,8.855,36.191
6233,4.603,1.764,17.997,0.140,0.169,0.003,0.511,8.265,33.449
6234,4.125,1.467,17.694,0.139,0.165,0.003,0.486,8.319,32.390
6235,5.321,1.441,17.312,0.137,0.168,0.002,0.526,8.264,33.175
6236,4.917,1.879,17.617,0.153,0.168,0.003,0.507,8.313,33.546
6237,4.360,1.506,18.626,0.144,0.165,0.002,0.527,8.352,33.692
6238,4.272,1.393,17.239,0.145,0.166,0.002,0.519,8.236,31.971
6239,4.590,1.467,17.314,0.147,0.160,0.003,0.517,8.276,32.478
6240,4.184,1.483,17.286,0.143,0.160,0.003,0.503,8.310,32.071
6241,4.879,1.510,20.827,0.153,0.170,0.002,0.533,8.282,36.354
6242,4.429,1.899,17.538,0.144,0.179,0.002,0.520,8.254,32.948
6243,4.626,1.500,17.319,0.137,0.167,0.002,0.536,8.193,32.497
6244,4.436,1.739,17.880,0.137,0.161,0.003,0.514,8.467,33.345
6245,5.226,1.503,17.374,0.145,0.172,0.002,0.534,8.388,33.341
6246,4.541,1.397,17.140,0.148,0.170,0.003,0.531,8.216,32.133
6247,4.568,1.429,17.465,0.178,0.163,0.003,0.497,8.596,32.860
6248,4.933,2.816,17.519,0.153,0.168,0.003,0.519,8.498,34.602
6249,4.932,1.536,18.032,0.156,0.174,0.003,0.515,8.382,33.700
6250,4.201,1.414,17.191,0.149,0.171,0.003,0.530,8.255,31.899
6251,4.653,1.548,17.551,0.152,0.194,0.003,0.511,8.371,32.946
6252,4.301,1.491,18.090,0.160,0.177,0.004,0.523,8.273,32.985
6253,4.295,1.498,17.473,0.178,0.184,0.006,0.539,8.636,32.752
6254,4.348,1.399,17.327,0.163,0.167,0.002,0.531,8.297,32.219
6255,5.704,1.439,17.394,0.150,0.166,0.003,0.512,8.272,33.631
6256,4.544,1.486,17.716,0.148,0.163,0.002,0.522,8.372,32.954
6257,4.987,1.505,23.162,0.162,0.169,0.003,0.511,8.210,38.681
6258,4.210,1.387,17.384,0.147,0.175,0.003,0.525,8.539,32.355
6259,4.676,1.427,17.535,0.438,0.206,0.004,0.499,8.259,32.706
6260,4.923,1.942,17.542,0.153,0.181,0.003,0.521,8.314,33.557
6261,4.310,1.734,23.802,0.146,0.172,0.003,0.502,8.158,38.804
6262,4.311,1.401,17.428,0.145,0.176,0.003,0.541,8.321,32.318
6263,4.834,1.441,17.602,0.140,0.155,1.047,0.507,8.361,33.057
6264,4.510,1.782,23.126,0.136,0.156,0.002,0.516,8.394,38.640
6265,4.571,1.490,17.265,0.144,0.164,0.002,0.497,8.241,32.369
6266,4.211,1.416,17.570,0.169,0.165,0.004,0.520,8.234,32.257
6267,4.693,1.442,17.504,0.144,0.151,0.002,0.540,8.389,32.887
6268,4.290,1.497,18.128,0.139,0.152,0.002,0.511,8.275,33.010
6269,4.284,1.511,17.379,0.147,0.154,0.002,0.510,8.250,32.246
6270,4.186,1.409,17.642,0.156,0.152,0.003,0.500,8.300,32.351
6271,4.631,1.412,17.326,0.137,0.139,0.003,0.526,8.461,32.667
6272,4.656,2.102,17.854,0.137,0.144,0.005,0.529,8.391,33.850
6273,4.304,1.499,18.502,0.141,0.149,0.002,0.496,8.491,33.600
6274,4.810,1.398,17.180,0.143,0.151,0.003,0.518,8.196,32.409
6275,4.631,1.473,18.271,0.181,0.214,1.075,0.499,8.616,33.799
6276,4.975,1.527,30.713,0.131,0.178,0.003,0.547,8.591,46.670
6277,4.316,1.507,20.424,0.142,0.184,0.002,0.496,8.258,35.303
6278,4.731,1.601,17.529,0.138,0.189,0.003,0.498,8.307,32.973
6279,4.643,1.503,18.112,0.143,0.198,0.731,0.514,8.247,33.325
6280,4.573,1.460,18.799,0.143,0.191,0.741,0.543,8.512,34.204
6281,4.461,1.544,17.954,0.147,0.195,0.002,0.500,8.224,32.988
6282,4.180,1.381,17.374,0.142,0.186,0.002,0.479,8.204,31.924
6283,4.582,1.703,17.559,0.142,0.207,0.664,0.557,8.273,32.987
6284,4.291,1.703,22.850,0.139,0.179,0.734,0.546,8.567,38.285
6285,4.326,1.569,17.552,0.142,0.170,0.731,8.053,8.186,40.832
6286,4.268,1.419,17.291,0.137,0.169,0.002,0.532,8.329,32.168
6287,4.629,1.483,17.393,0.134,0.169,0.002,0.528,8.208,32.566
6288,4.998,1.694,17.345,0.139,0.162,0.002,0.538,8.379,33.282
6289,4.548,1.730,17.859,0.144,0.167,0.003,0.499,8.241,33.196
6290,5.064,1.671,17.633,0.139,0.166,0.003,0.519,8.521,33.729
6291,4.390,1.419,17.774,0.141,0.170,0.003,0.502,8.296,32.702
6292,5.063,1.494,25.149,0.139,0.187,0.909,0.529,8.351,40.915
6293,4.934,26.572,16.863,0.140,0.186,0.002,0.500,8.194,57.380
6294,4.536,1.391,17.279,0.141,0.166,0.714,0.510,8.241,32.284
6295,4.371,3.424,17.221,0.154,0.171,0.003,0.507,8.432,34.272
6296,4.161,1.553,22.677,0.142,0.183,1.190,0.504,8.212,37.423
6297,4.595,1.533,17.641,0.139,0.187,0.789,0.517,8.227,32.836
6298,4.633,1.448,17.743,0.146,0.191,0.002,0.510,8.301,32.959
6299,4.200,1.388,17.080,0.141,0.187,0.003,7.997,8.206,39.998
6300,3.982,1.631,17.563,0.144,0.193,0.002,0.547,8.260,32.300
6301,4.353,1.743,18.257,0.148,0.193,0.003,0.531,8.268,33.463
6302,4.664,1.450,17.583,0.142,0.205,0.002,0.513,8.372,32.892
6303,4.382,1.502,17.635,0.137,0.197,0.002,0.524,8.353,32.714
6304,5.256,1.763,17.662,0.145,0.190,0.002,0.530,8.559,34.076
6305,4.571,1.880,17.550,0.163,0.187,0.003,0.514,8.191,33.016
6306,4.682,2.259,17.580,0.136,0.194,0.002,0.500,8.260,33.592
6307,4.409,2.404,17.558,0.140,0.185,0.002,0.516,8.223,33.416
6308,4.259,1.485,17.681,0.164,0.194,0.002,0.542,8.222,32.501
6309,4.192,1.447,17.422,0.141,0.193,0.748,0.507,8.256,32.143
6310,4.392,1.531,21.666,0.145,0.192,0.002,0.616,8.592,37.120
6311,5.172,2.098,26.389,0.141,0.195,0.002,0.644,8.820,43.510
6312,5.478,2.474,28.753,0.146,0.196,0.002,0.549,8.623,46.194
6313,5.242,1.489,18.682,0.140,0.198,0.002,0.545,8.569,34.849
6314,4.929,1.897,18.232,0.137,0.156,0.754,0.543,8.368,34.277
6315,4.968,1.572,22.529,0.140,0.156,0.002,0.566,9.091,39.060
6316,6.979,1.794,24.591,0.139,0.156,0.002,0.703,9.387,43.795
6317,6.241,1.759,26.400,0.146,0.157,0.002,0.621,8.982,44.497
6318,5.868,2.239,18.325,0.145,0.163,0.002,0.545,8.297,35.588
6319,5.010,2.960,19.659,0.140,0.162,0.002,0.546,8.862,37.359
6320,4.725,1.667,19.878,0.139,0.160,0.002,0.542,8.593,35.723
6321,4.695,1.524,18.141,0.156,0.163,0.002,0.545,8.457,33.684
6322,4.694,1.727,18.753,0.140,0.165,0.004,0.531,8.315,34.337
6323,4.350,2.082,17.815,0.141,0.160,0.002,0.542,8.365,33.485
6324,4.338,2.085,17.691,0.142,0.167,0.002,0.534,8.447,33.415
6325,4.223,1.543,17.583,0.136,0.162,0.003,0.534,8.548,32.750
6326,5.133,1.673,20.718,0.133,0.162,0.002,0.562,8.628,37.039
6327,5.395,1.959,20.506,0.160,0.162,0.003,0.537,8.339,37.054
6328,4.899,2.567,20.576,0.138,0.162,0.003,0.552,8.549,37.516
6329,4.594,1.753,18.557,0.138,0.166,0.003,0.534,8.509,34.259
6330,4.858,2.009,17.848,0.137,0.159,0.002,0.540,8.288,33.849
6331,4.489,2.102,18.196,0.140,0.192,0.719,0.549,8.471,34.119
6332,5.097,2.635,20.993,0.137,0.198,0.002,0.528,8.374,37.926
6333,4.787,1.742,17.258,0.136,0.198,0.002,0.546,8.504,33.144
6334,5.075,2.025,17.715,0.138,0.199,0.002,0.532,8.289,33.942
6335,4.637,1.728,17.921,0.140,0.198,0.002,0.541,8.600,33.739
6336,5.004,1.800,19.057,0.137,0.206,0.002,0.538,8.218,34.926
6337,4.507,1.996,19.332,0.137,0.215,0.002,0.568,9.020,35.749
6338,8.174,2.911,21.015,0.135,0.202,0.002,0.550,8.594,41.589
6339,4.636,2.813,18.619,0.138,0.200,0.002,0.550,8.413,35.344
6340,5.772,2.565,18.895,0.137,0.206,0.003,0.538,8.375,36.457
6341,4.211,2.165,17.456,0.139,0.199,0.002,0.535,8.273,32.960
6342,4.814,2.464,17.899,0.140,0.203,0.002,0.542,8.315,34.357
6343,4.350,1.968,17.849,0.141,0.203,0.002,0.542,8.268,33.300
6344,5.137,2.285,21.763,0.137,0.196,0.002,0.511,8.178,38.182
6345,4.248,2.317,17.291,0.138,0.201,0.002,0.547,8.242,32.955
6346,4.301,2.122,17.620,0.135,0.198,0.003,0.543,8.313,33.207
6347,4.323,2.359,17.505,0.137,0.205,0.002,0.534,8.267,33.299
6348,4.406,2.238,23.016,0.139,0.201,0.002,0.553,8.275,38.789
6349,4.887,2.304,17.430,0.135,0.194,0.002,0.551,8.247,33.733
6350,4.886,2.234,17.701,0.137,0.191,0.002,0.525,8.273,33.929
6351,4.318,3.383,17.396,0.140,0.192,0.002,0.533,8.165,34.097
6352,5.297,2.463,20.179,0.143,0.199,0.002,0.539,8.305,37.098
6353,4.175,2.398,17.606,0.138,0.195,0.002,0.512,8.316,33.312
6354,4.390,2.162,20.132,0.139,0.203,0.002,0.569,8.463,36.029
6355,4.922,2.611,18.273,0.140,0.196,0.002,0.518,8.270,34.893
6356,4.310,1.851,18.098,0.142,0.198,0.002,0.546,8.368,33.479
6357,4.407,2.309,17.391,0.138,0.199,0.004,0.540,8.279,33.242
6358,4.662,2.334,17.557,0.139,0.205,0.002,0.557,8.275,33.707
6359,4.322,3.670,18.257,0.138,0.200,0.002,0.568,8.271,35.402
6360,4.948,6.145,66.585,0.140,0.198,0.002,0.837,12.746,91.692
6361,9.003,6.426,39.279,0.138,0.197,0.002,0.753,9.869,67.420
6362,4.597,6.031,21.183,0.144,0.198,0.002,0.635,8.783,41.537
6363,4.504,2.622,19.655,0.170,0.202,0.003,0.569,8.668,36.322
6364,4.833,6.159,24.521,0.149,0.201,0.002,0.545,8.304,44.658
6365,4.504,2.245,18.057,0.136,0.196,0.002,0.527,8.305,33.937
6366,4.456,2.218,18.507,0.145,0.200,0.002,0.556,8.369,34.392
6367,4.753,2.598,18.098,0.135,0.197,0.002,0.524,8.302,34.561
6368,5.225,4.511,17.871,0.136,0.198,0.002,0.546,8.353,36.792
6369,4.508,1.937,17.342,0.145,0.197,0.002,0.548,8.389,33.023
6370,5.096,2.857,19.625,0.150,0.190,0.786,0.577,8.456,36.927
6371,5.005,2.576,17.921,0.142,0.190,0.003,9.778,8.431,44.720
6372,6.493,2.070,19.407,0.160,0.196,0.003,8.216,8.494,45.690
6373,4.333,2.305,17.920,0.136,0.195,0.002,0.523,8.255,33.649
6374,5.455,3.966,18.394,0.136,0.195,0.002,0.536,8.272,36.932
6375,5.008,2.392,18.056,0.138,0.188,0.003,0.526,8.884,35.175
6376,4.831,2.610,19.528,0.146,0.196,0.002,0.539,8.230,36.062
6377,4.312,2.555,17.714,0.136,0.193,0.002,0.571,8.211,33.676
6378,4.651,2.227,18.798,0.135,0.193,0.003,0.543,8.442,34.974
6379,5.418,2.573,19.133,0.135,0.188,0.003,0.519,8.612,36.565
6380,4.342,2.491,22.552,0.147,0.185,0.002,0.523,8.497,38.711
6381,4.227,2.316,17.816,0.138,0.189,0.003,0.561,8.229,33.476
6382,4.678,2.535,18.221,0.140,0.194,0.002,0.528,8.265,34.553
6383,5.431,4.093,18.835,0.139,0.200,0.002,0.524,8.307,37.497
6384,5.052,2.547,23.178,0.137,0.190,0.002,0.498,8.270,39.847
6385,4.306,2.266,19.141,0.140,0.190,0.002,0.524,8.352,34.908
6386,4.856,2.271,18.695,0.143,0.189,0.002,0.533,8.379,35.055
6387,4.386,2.354,17.963,0.141,0.189,0.002,0.532,8.429,34.009
6388,4.343,2.399,27.491,0.140,0.183,0.003,0.559,8.498,43.614
6389,4.483,2.324,21.977,0.144,0.187,0.002,0.578,8.535,38.231
6390,7.835,2.580,25.811,0.138,0.179,0.002,0.541,9.348,46.440
6391,6.264,4.780,28.563,0.141,0.188,0.002,0.585,9.909,50.453
6392,9.407,3.131,55.100,0.152,0.207,0.003,0.637,10.551,79.168
6393,7.611,3.542,103.194,0.134,0.197,0.002,0.748,9.292,124.757
6394,8.892,2.966,22.050,0.137,0.189,0.002,0.603,8.596,43.440
6395,5.887,2.417,20.753,0.142,0.187,0.002,0.558,8.456,38.390
6396,4.727,2.788,24.751,0.136,0.187,0.002,0.568,9.099,42.248
6397,7.284,5.196,52.470,0.151,0.183,0.002,0.628,8.778,74.692
6398,5.501,2.813,24.081,0.142,0.185,0.002,0.548,8.729,41.998
6399,4.986,2.664,43.383,0.138,0.193,0.003,0.744,12.170,64.599
6400,15.027,3.630,104.092,0.139,0.185,0.002,0.631,11.108,134.825
6401,9.690,3.122,22.263,0.142,0.184,0.002,0.557,8.350,44.305
6402,4.617,5.579,24.154,0.143,0.184,0.003,0.555,8.332,43.562
6403,6.382,3.072,18.324,0.139,0.184,0.003,0.580,9.332,39.032
6404,5.487,2.867,21.378,0.134,0.190,0.002,0.542,8.456,39.025
6405,5.323,3.030,18.617,0.147,0.176,0.002,0.547,8.435,36.265
6406,5.135,4.380,27.082,0.139,0.180,0.002,0.632,13.827,51.396
6407,55.242,3.496,28.256,0.142,0.192,0.002,0.577,9.031,96.900
6408,5.357,2.379,27.179,0.136,0.182,0.002,0.529,8.936,44.674
6409,6.692,3.966,21.961,0.133,0.177,0.002,0.590,8.782,42.297
6410,5.963,2.856,19.134,0.133,0.188,0.002,0.541,9.588,38.394
6411,5.974,2.586,19.558,0.141,0.188,0.002,0.549,8.544,37.492
6412,5.768,2.597,20.911,0.137,0.185,0.003,0.566,8.569,38.698
6413,4.762,2.815,17.822,0.147,0.183,0.003,0.571,8.338,34.602
6414,4.706,2.518,18.663,0.137,0.184,0.002,0.559,8.309,35.052
6415,5.344,2.475,19.830,0.134,0.186,0.002,9.370,8.354,46.844
6416,4.309,2.565,22.212,0.137,0.182,0.002,0.489,8.280,38.168
6417,4.623,2.462,18.754,0.134,0.187,0.002,0.517,8.301,34.986
6418,5.039,2.376,17.744,0.141,0.185,0.002,0.542,8.502,34.533
6419,5.377,2.681,19.681,0.139,0.181,0.002,0.524,8.309,37.646
6420,4.259,2.658,21.157,0.137,0.182,0.003,0.546,8.522,38.218
6421,6.672,2.384,18.325,0.139,0.181,0.003,0.513,8.359,36.599
6422,4.903,2.305,18.834,0.138,0.179,0.002,0.538,8.326,35.237
6423,4.493,2.991,18.746,0.193,0.187,0.002,0.557,8.226,36.028
6424,4.744,2.519,20.896,0.140,0.188,0.003,8.437,8.195,45.845
6425,4.226,2.245,17.528,0.138,0.193,0.002,0.573,8.260,33.875
6426,4.483,2.540,17.983,0.141,0.186,0.002,0.529,8.595,34.439
6427,4.797,2.269,19.175,0.137,0.192,0.002,0.509,8.420,35.477
6428,4.730,2.343,20.940,0.140,0.186,0.820,0.516,8.168,37.000
6429,4.981,2.470,17.784,0.146,0.177,0.003,0.546,8.231,34.327
6430,4.567,2.427,17.846,0.139,0.184,0.002,0.535,9.786,35.468
6431,5.050,2.938,17.828,0.138,0.141,1.342,0.522,8.322,34.973
6432,5.198,2.339,19.439,0.274,0.142,0.003,8.007,8.194,44.413
6433,4.875,2.503,17.650,0.140,0.147,0.002,0.555,8.333,34.247
6434,4.586,2.311,17.639,0.137,0.147,0.002,8.663,8.482,42.704
6435,4.641,2.791,20.023,0.145,0.148,0.002,0.586,8.424,36.793
6436,4.577,2.268,18.848,0.140,0.144,0.002,8.398,8.297,43.903
6437,4.264,2.325,17.573,0.140,0.151,0.002,0.489,8.201,33.969
6438,5.014,2.468,17.851,0.138,0.141,0.898,0.536,8.756,34.965
6439,5.449,4.142,29.261,0.138,0.132,0.002,0.553,8.493,48.229
6440,4.383,3.451,20.693,0.143,0.138,0.003,0.548,8.329,37.745
6441,4.402,2.517,18.197,0.142,0.136,0.003,0.521,8.237,34.219
6442,4.957,2.261,17.582,0.160,0.138,0.003,0.535,8.789,34.475
6443,4.956,2.689,17.624,0.149,0.141,0.002,0.509,8.232,34.347
6444,4.335,2.322,19.176,0.137,0.139,0.002,0.540,8.430,35.141
6445,4.527,2.532,17.981,0.145,0.138,0.002,0.548,11.123,37.065
6446,4.649,2.232,18.286,0.140,0.142,0.002,0.503,8.215,34.219
6447,5.051,2.509,17.688,0.141,0.143,0.002,0.522,8.460,34.557
6448,4.806,2.589,27.343,0.136,0.150,0.790,0.537,8.583,44.221
6449,5.982,2.315,17.495,0.138,0.155,0.775,9.063,8.287,44.225
6450,4.519,3.145,21.600,0.137,0.155,0.002,0.540,8.501,38.646
6451,4.628,2.563,18.149,0.145,0.187,0.857,0.513,8.370,34.562
6452,4.263,2.585,17.830,0.137,0.193,0.002,0.522,8.307,33.852
6453,5.028,2.216,17.498,0.141,0.190,0.002,0.504,8.257,33.843
6454,4.630,2.264,17.248,0.139,0.193,0.002,0.516,8.298,34.004
6455,4.756,6.901,20.843,0.141,0.186,0.002,0.540,8.491,41.830
6456,6.819,2.212,21.474,0.137,0.184,0.002,0.546,8.584,39.934
6457,13.893,2.672,20.037,0.136,0.186,0.002,0.544,8.324,45.776
6458,4.398,2.670,18.065,0.140,0.188,0.002,0.532,8.378,34.355
6459,4.536,2.540,18.594,0.141,0.196,0.002,0.532,8.325,34.832
6460,4.821,2.575,19.751,0.138,0.195,0.002,0.522,8.453,36.423
6461,5.620,3.399,32.522,0.150,0.202,0.004,0.553,13.467,55.886
6462,4.957,2.271,18.538,0.139,0.196,0.003,0.627,8.346,35.050
6463,4.684,2.333,26.074,0.136,0.198,0.002,0.542,8.274,42.212
6464,5.394,2.042,20.358,0.134,0.201,0.002,0.524,8.454,37.085
6465,4.908,2.161,17.972,0.144,0.207,0.003,0.552,8.335,34.230
6466,4.523,1.716,18.281,0.140,0.198,0.002,0.533,8.316,33.668
6467,4.412,1.946,19.302,0.137,0.201,0.002,0.532,8.318,34.836
6468,5.294,2.795,18.124,0.137,0.200,0.002,0.537,8.379,35.435
6469,4.547,1.920,18.866,0.133,0.192,0.002,0.545,8.678,34.863
6470,4.644,2.286,19.578,0.142,0.199,0.002,0.530,8.401,35.739
6471,4.623,1.976,20.439,0.139,0.196,0.002,0.534,8.296,36.920
6472,5.734,1.515,21.016,0.133,0.203,0.002,0.533,8.187,37.323
6473,4.267,2.030,17.418,0.137,0.203,0.002,0.510,8.219,32.781
6474,4.737,1.907,17.873,0.172,0.208,0.003,0.535,8.465,33.858
6475,4.453,1.933,17.469,0.144,0.197,0.002,0.532,8.281,33.008
6476,4.613,3.119,23.773,0.142,0.203,0.002,0.509,8.234,40.594
6477,4.239,1.691,17.493,0.140,0.200,0.002,0.547,8.368,32.693
6478,4.619,1.472,17.376,0.138,0.202,0.002,0.525,9.486,33.819
6479,4.955,1.526,18.982,0.139,0.195,0.002,0.538,8.328,34.670
6480,4.124,1.577,17.300,0.133,0.196,0.842,0.525,9.098,32.970
6481,4.245,1.563,18.153,0.136,0.190,0.002,0.527,8.245,33.075
6482,4.325,1.491,17.359,0.138,0.191,0.003,0.508,9.614,33.642
6483,4.353,1.585,17.365,0.140,0.200,0.691,0.515,8.297,32.462
6484,5.203,1.480,18.906,0.139,0.189,0.002,0.520,8.392,34.837
6485,4.280,1.485,17.372,0.135,0.198,0.002,0.524,8.270,32.273
6486,4.613,1.541,17.902,0.135,0.199,0.002,0.514,8.270,33.177
6487,4.724,1.964,17.623,0.136,0.198,0.003,0.538,8.283,33.477
6488,4.305,1.528,17.674,0.135,0.196,0.002,0.536,8.634,33.020
6489,5.361,1.746,17.570,0.130,0.199,0.002,0.521,8.358,33.888
6490,4.613,1.455,17.575,0.133,0.198,0.002,0.512,8.409,32.895
6491,4.814,1.465,17.270,0.134,0.201,0.002,0.513,8.777,33.176
6492,5.479,1.844,23.450,0.135,0.189,0.712,0.514,8.433,40.066
6493,4.583,1.514,17.390,0.139,0.194,0.002,0.512,8.340,32.676
6494,4.645,1.468,17.615,0.138,0.191,0.002,0.535,12.652,37.260
6495,4.943,1.540,21.113,0.148,0.195,0.002,0.521,8.729,37.185
6496,4.595,2.053,19.321,0.134,0.183,1.452,0.549,9.548,36.410
6497,5.470,2.212,18.818,0.142,0.179,0.002,0.598,8.640,36.081
6498,4.593,1.739,17.706,0.140,0.182,0.002,0.537,8.312,33.234
6499,5.006,1.766,19.746,0.149,0.168,0.719,0.541,8.533,35.933
6500,4.277,2.051,19.155,0.133,0.170,0.002,0.527,8.501,34.851
6501,5.164,1.696,18.055,0.141,0.167,0.002,0.524,8.268,34.046
6502,4.634,1.667,17.622,0.139,0.195,0.807,0.556,8.593,33.418
6503,5.029,1.664,25.952,0.140,0.181,0.003,0.607,8.448,42.077
6504,5.202,2.462,18.951,0.135,0.183,0.002,0.544,8.371,35.885
6505,6.621,1.748,17.607,0.134,0.181,0.002,0.520,8.347,35.179
6506,4.691,1.739,17.661,0.135,0.179,0.002,0.544,8.318,33.302
6507,4.318,2.101,18.122,0.155,0.179,0.003,0.519,8.242,33.637
6508,4.341,1.737,19.302,0.151,0.182,0.002,0.531,8.511,34.759
6509,5.736,1.921,22.355,0.139,0.177,0.002,0.558,8.369,39.285
6510,4.672,1.951,27.604,0.154,0.179,0.002,0.597,8.578,44.530
6511,4.826,2.149,19.915,0.142,0.175,0.003,0.581,8.688,36.494
6512,4.804,1.846,36.978,0.139,0.172,0.002,0.599,9.121,53.708
6513,4.885,2.074,21.806,0.139,0.176,0.003,0.520,8.349,37.969
6514,4.244,2.191,18.293,0.145,0.180,0.003,0.545,8.451,34.058
6515,4.572,1.856,18.624,0.146,0.183,0.002,0.550,8.362,34.293
6516,5.561,1.928,19.246,0.139,0.185,0.002,0.526,8.286,35.893
6517,4.564,1.869,18.465,0.139,0.184,0.002,0.540,8.609,34.379
6518,5.047,5.051,17.992,0.144,0.186,0.002,0.536,8.263,37.219
6519,4.435,1.865,17.930,0.158,0.192,0.003,0.544,8.363,33.464
6520,4.869,1.922,17.606,0.141,0.180,0.003,0.544,8.292,33.568
6521,4.168,2.001,17.215,0.146,0.186,0.002,0.523,8.264,32.502
6522,4.594,1.471,17.911,0.143,0.181,0.002,0.526,9.564,34.403
6523,5.183,1.816,17.299,0.141,0.180,0.002,0.511,8.247,33.398
6524,4.888,1.718,18.800,0.153,0.181,0.002,0.524,8.264,34.523
6525,4.456,2.265,17.222,0.143,0.183,0.002,0.516,8.273,33.065
6526,4.640,1.486,17.633,0.144,0.188,0.003,0.525,8.319,32.938
6527,4.350,2.879,17.414,0.140,0.184,0.002,0.553,8.347,33.875
6528,4.324,1.563,20.520,0.149,0.186,0.002,0.520,8.602,35.854
6529,4.420,1.921,17.431,0.290,0.187,0.002,0.525,8.306,32.937
6530,4.624,1.794,18.180,0.140,0.188,0.002,0.592,8.517,34.027
6531,4.964,1.600,17.298,0.142,0.183,0.002,0.521,8.221,32.936
6532,5.254,2.133,17.871,0.137,0.183,0.002,0.570,8.354,34.543
6533,5.027,2.210,17.291,0.136,0.183,0.003,0.528,8.256,33.646
6534,4.681,1.906,17.294,0.137,0.183,0.002,0.501,8.217,32.929
6535,5.480,1.776,17.768,0.140,0.184,0.003,0.518,8.216,34.091
6536,4.530,3.337,19.075,0.141,0.171,1.151,0.516,8.280,36.064
6537,4.233,2.145,17.418,0.146,0.172,0.003,0.494,8.272,32.899
6538,5.193,1.886,17.587,0.144,0.160,0.003,0.534,8.354,33.885
6539,5.148,1.920,17.371,0.148,0.171,0.002,0.535,8.478,33.786
6540,4.438,2.276,17.891,0.140,0.164,0.003,0.507,8.262,33.702
6541,4.235,2.243,18.211,0.141,0.165,0.004,0.511,8.515,34.044
6542,4.738,2.310,19.456,0.138,0.164,0.002,0.534,8.400,35.769
6543,5.167,2.282,20.514,0.137,0.169,0.002,0.519,8.442,37.252
6544,4.985,2.237,17.232,0.143,0.169,0.003,0.509,8.276,33.567
6545,4.448,2.249,16.889,0.140,0.169,0.003,0.520,8.188,32.621
6546,4.232,2.237,17.493,0.139,0.169,0.002,0.502,8.367,33.153
6547,4.382,3.048,17.612,0.141,0.167,0.002,0.510,8.290,34.179
6548,4.548,2.303,17.268,0.143,0.166,0.002,0.524,8.468,33.431
6549,4.334,2.285,17.184,0.137,0.167,0.002,0.497,8.216,32.831
6550,4.853,2.223,17.891,0.143,0.169,0.002,0.505,8.194,33.991
6551,4.273,2.224,17.285,0.141,0.171,0.002,0.507,8.279,32.901
6552,4.315,1.501,17.995,0.139,0.172,0.002,0.549,8.623,33.310
6553,4.368,2.373,18.769,0.134,0.164,0.002,0.555,8.401,34.800
6554,4.546,2.339,17.611,0.136,0.169,0.002,0.511,8.404,33.735
6555,4.264,7.130,17.393,0.135,0.187,0.698,0.522,8.755,38.387
6556,4.662,3.645,17.684,0.136,0.176,0.002,0.531,8.247,35.090
6557,4.799,1.870,17.303,0.137,0.183,0.002,0.510,8.278,33.084
6558,5.113,2.272,19.431,0.141,0.182,0.002,0.528,8.356,36.029
6559,4.327,2.071,17.643,0.142,0.180,0.002,0.520,8.512,33.398
6560,4.349,1.791,17.700,0.139,0.188,0.002,0.529,8.272,32.964
6561,4.722,4.623,17.464,0.138,0.186,0.003,0.527,8.240,35.900
6562,4.354,1.939,18.004,0.156,0.190,0.002,0.547,8.525,33.691
6563,7.208,1.685,17.776,0.142,0.183,0.002,0.529,8.231,35.812
6564,4.451,1.794,23.295,0.138,0.178,0.002,0.547,8.302,38.721
6565,6.095,1.713,18.031,0.136,0.185,0.002,0.510,8.376,35.058
6566,6.494,1.705,17.809,0.144,0.184,0.002,0.549,8.314,35.203
6567,4.369,1.430,17.529,0.141,0.188,0.003,0.523,8.443,32.625
6568,5.120,1.531,19.236,0.141,0.184,0.002,10.427,8.176,45.637
6569,4.998,2.026,17.826,0.143,0.182,0.003,0.535,8.534,34.246
6570,4.688,1.805,17.571,0.137,0.181,0.003,0.524,8.260,33.175
6571,5.590,1.449,17.776,0.137,0.176,0.002,0.536,8.344,35.318
6572,5.344,1.737,23.212,0.144,0.184,0.003,0.514,8.285,39.513
6573,4.232,1.528,17.286,0.142,0.185,0.003,0.528,8.287,32.151
6574,4.703,1.507,17.303,0.141,0.180,0.003,0.529,8.252,32.582
6575,4.565,1.643,17.594,0.137,0.182,0.002,0.543,8.903,33.544
6576,4.745,2.014,17.572,0.143,0.180,0.002,0.523,8.583,33.725
6577,4.217,1.843,17.617,0.137,0.180,0.002,0.527,8.258,32.756
6578,4.664,1.508,17.398,0.151,0.186,0.002,9.878,8.255,42.881
6579,4.283,1.830,17.778,0.141,0.183,0.002,0.514,8.284,32.962
6580,4.484,1.663,17.537,0.138,0.182,0.003,0.512,8.488,32.969
6581,4.890,1.697,17.585,0.141,0.182,0.002,0.514,8.239,33.207
6582,4.972,1.562,24.329,0.135,0.182,0.003,0.618,8.547,40.329
6583,4.683,1.937,17.823,0.139,0.181,0.003,0.528,8.311,33.575
6584,5.270,1.675,19.052,0.156,0.186,0.002,0.509,8.243,35.028
6585,4.248,1.660,18.746,0.140,0.179,0.002,0.538,9.276,34.755
6586,4.865,1.814,17.850,0.137,0.186,0.002,0.542,8.573,33.930
6587,4.442,1.846,17.531,0.139,0.174,0.002,0.529,8.324,32.959
6588,5.495,1.475,24.457,0.137,0.181,0.002,0.512,8.419,41.436
6589,4.378,1.522,19.841,0.137,0.176,0.002,9.766,8.222,44.799
6590,4.672,1.909,17.739,0.142,0.182,0.002,0.516,8.334,33.465
6591,4.341,1.646,17.407,0.136,0.179,0.002,0.522,8.240,33.348
6592,4.710,1.516,17.752,0.139,0.183,0.002,0.500,8.266,33.077
6593,4.198,1.529,17.569,0.142,0.181,0.003,0.514,8.296,32.441
6594,4.226,1.662,17.296,0.138,0.177,0.002,0.509,8.277,32.307
6595,4.780,3.259,17.982,0.136,0.178,0.002,0.524,8.330,35.205
6596,4.573,1.744,19.177,0.143,0.183,0.002,0.490,8.345,34.654
6597,4.369,1.475,17.337,0.139,0.179,0.002,0.505,8.244,32.255
6598,4.652,1.484,17.459,0.136,0.182,0.002,0.549,8.239,32.715
6599,5.064,1.442,17.338,0.134,0.182,0.003,0.498,8.244,32.927
6600,4.332,1.713,17.419,0.136,0.178,0.002,0.539,8.575,32.914
6601,4.257,1.449,17.514,0.144,0.182,0.002,0.613,8.283,32.471
6602,4.629,1.478,18.302,0.139,0.184,0.002,0.514,8.253,33.515
6603,4.315,2.698,17.502,0.163,0.181,0.002,0.512,8.297,33.661
6604,4.531,1.470,17.431,0.153,0.183,0.003,0.522,8.639,32.932
6605,4.798,1.449,17.590,0.142,0.187,0.002,0.542,8.338,33.072
6606,4.582,1.481,17.464,0.141,0.187,0.002,0.513,8.408,32.790
6607,4.556,1.645,17.483,0.138,0.184,0.002,0.521,8.241,32.787
6608,4.298,1.464,17.448,0.137,0.186,0.002,0.528,8.574,32.651
6609,4.523,1.706,17.621,0.141,0.187,0.003,0.482,8.291,32.951
6610,4.565,1.675,17.724,0.137,0.183,0.003,0.508,8.328,33.145
6611,4.604,3.118,17.852,0.134,0.176,0.002,0.533,8.271,34.716
6612,4.657,1.726,19.771,0.145,0.183,0.002,0.501,8.279,35.274
6613,4.281,1.495,17.505,0.138,0.184,0.003,0.486,8.366,32.477
6614,5.723,2.272,20.947,0.138,0.174,1.900,0.590,8.372,38.289
6615,4.432,1.489,17.841,0.135,0.160,0.002,0.526,8.397,33.030
6616,4.982,1.723,17.345,0.137,0.182,0.796,0.520,8.838,33.757
6617,4.576,1.481,17.418,0.138,0.190,0.002,0.528,8.272,32.620
6618,4.901,1.634,17.590,0.139,0.182,0.003,0.533,8.502,33.503
6619,4.466,1.508,17.487,0.136,0.176,0.002,0.531,8.475,32.805
6620,4.443,1.740,18.275,0.138,0.183,0.002,9.134,8.223,42.986
6621,5.481,1.750,17.215,0.138,0.193,0.002,0.512,8.238,33.526
6622,4.668,1.863,17.836,0.140,0.183,0.002,0.514,8.318,33.533
6623,4.807,2.016,17.771,0.137,0.188,0.003,10.192,8.362,44.180
6624,4.172,1.473,18.548,0.138,0.183,0.002,0.502,8.180,33.207
6625,4.182,1.565,17.322,0.138,0.184,0.002,0.516,8.229,32.152
6626,4.630,1.458,17.517,0.138,0.183,0.002,0.504,8.233,32.680
6627,4.803,1.505,17.631,0.139,0.182,0.003,0.535,8.604,33.415
6628,4.269,1.553,17.175,0.140,0.184,0.003,0.506,8.208,32.045
6629,4.861,1.716,17.176,0.137,0.181,0.002,0.499,8.219,32.803
6630,4.411,1.536,17.308,0.132,0.174,0.002,0.506,8.479,32.573
6631,4.925,1.476,17.353,0.135,0.180,0.002,0.507,8.192,32.791
6632,4.296,2.457,18.232,0.135,0.180,0.002,9.430,8.235,43.687
6633,4.213,1.430,17.402,0.141,0.182,0.002,0.525,8.208,32.115
6634,4.614,1.455,18.118,0.135,0.182,0.003,0.508,8.460,33.487
6635,4.294,1.516,17.755,0.139,0.173,0.002,0.507,8.542,32.960
6636,4.961,1.537,20.524,0.135,0.182,0.002,9.774,8.218,46.783
6637,4.237,1.654,17.542,0.136,0.183,0.002,0.520,8.213,32.489
6638,4.577,1.631,18.276,0.136,0.180,0.002,0.520,8.505,33.833
6639,4.691,1.454,17.201,0.140,0.184,0.003,9.811,8.254,42.448
6640,4.306,1.490,18.306,0.136,0.181,0.002,0.510,8.206,33.123
6641,4.183,1.454,17.472,0.141,0.183,0.002,0.516,8.219,32.156
6642,4.639,1.457,17.424,0.141,0.180,0.003,9.675,8.560,42.897
6643,4.305,1.961,17.702,0.140,0.187,0.002,0.511,8.296,33.099
6644,4.143,1.756,17.751,0.135,0.164,0.804,0.501,8.179,32.652
6645,4.203,1.572,17.246,0.140,0.167,0.003,0.499,8.401,32.239
6646,4.213,1.461,17.674,0.138,0.175,0.002,0.495,8.234,32.395
6647,4.716,1.704,25.321,0.134,0.181,0.738,0.638,8.997,41.718
6648,5.406,1.798,28.635,0.138,0.187,0.002,0.555,9.225,45.956
6649,5.234,1.671,19.686,0.137,0.183,0.003,0.529,8.400,35.839
6650,5.243,1.631,18.104,0.138,0.186,0.002,0.625,9.034,34.974
6651,6.412,1.852,19.335,0.139,0.186,0.002,0.540,8.552,37.012
6652,4.289,1.995,18.330,0.146,0.189,0.002,0.536,8.325,33.791
6653,4.597,1.751,17.339,0.147,0.200,0.002,0.526,8.243,32.775
6654,4.549,1.648,17.394,0.142,0.189,0.003,0.538,8.730,33.188
6655,4.363,2.274,18.399,0.137,0.176,0.002,0.535,8.355,34.259
6656,4.358,2.065,20.077,0.139,0.184,0.002,0.534,8.485,35.847
6657,4.273,1.790,17.398,0.141,0.181,0.002,0.531,8.706,33.025
6658,5.095,2.008,17.852,0.133,0.186,0.002,0.526,8.356,34.169
6659,5.185,1.999,18.605,0.137,0.176,0.003,0.547,8.338,35.028
6660,4.430,1.715,18.013,0.134,0.177,0.002,0.516,9.050,34.049
6661,4.724,2.411,18.101,0.136,0.181,0.002,0.550,8.297,34.417
6662,4.691,1.847,19.469,0.137,0.187,0.003,0.540,8.300,35.174
6663,4.400,1.647,17.930,0.140,0.187,0.003,0.517,8.389,33.207
6664,4.545,1.673,19.011,0.136,0.186,0.002,0.563,8.510,34.639
6665,4.942,1.682,20.107,0.134,0.190,0.002,0.533,8.266,35.858
6666,4.997,1.647,17.932,0.140,0.184,0.003,0.520,8.384,33.816
6667,4.707,2.321,17.837,0.138,0.188,0.002,0.534,8.622,34.348
6668,5.108,1.989,17.878,0.134,0.179,0.002,0.620,8.333,34.268
6669,4.328,5.277,24.107,0.136,0.187,0.002,0.536,8.436,43.165
6670,4.627,2.158,17.948,0.138,0.188,0.002,0.540,8.321,33.925
6671,4.582,2.421,17.822,0.137,0.188,0.002,0.541,8.428,34.124
6672,4.720,2.513,18.434,0.142,0.190,0.002,0.522,8.514,35.026
6673,4.901,4.652,17.548,0.138,0.180,0.002,0.501,8.253,36.178
6674,5.060,1.952,17.367,0.137,0.179,0.002,0.524,8.591,33.817
6675,4.359,2.035,17.352,0.137,0.180,0.002,0.518,8.263,32.854
6676,4.722,1.772,19.332,0.138,0.164,0.855,9.485,8.240,45.015
6677,4.297,1.969,17.488,0.145,0.163,0.002,0.507,8.339,32.919
6678,5.191,2.230,18.448,0.145,0.166,0.002,0.509,8.415,35.100
6679,5.137,2.029,17.421,0.138,0.170,0.003,0.545,8.416,33.869
6680,4.373,4.067,18.202,0.136,0.167,0.002,0.544,8.284,35.778
6681,4.493,1.920,17.867,0.136,0.172,0.002,0.522,8.628,33.741
6682,4.346,2.178,17.474,0.140,0.178,0.003,0.521,8.354,33.180
6683,4.751,2.180,17.540,0.136,0.169,0.002,0.521,8.257,33.558
6684,5.046,2.502,26.746,0.138,0.166,0.002,0.520,8.278,43.408
6685,4.346,2.883,17.625,0.139,0.169,0.002,0.530,8.380,34.077
6686,4.670,2.146,17.733,0.135,0.162,0.002,0.531,8.324,33.715
6687,5.304,1.943,17.399,0.140,0.170,0.002,0.525,8.246,33.728
6688,5.032,2.467,19.975,0.139,0.168,0.002,0.518,8.248,36.552
6689,4.466,2.151,17.345,0.141,0.166,0.003,0.536,8.285,33.090
6690,4.582,2.364,17.472,0.136,0.168,0.002,0.539,8.595,33.867
6691,5.202,2.439,17.525,0.134,0.161,0.002,0.526,8.333,34.342
6692,4.653,1.886,17.647,0.139,0.166,0.002,0.526,8.403,33.429
6693,4.266,1.861,17.369,0.143,0.170,0.002,0.529,8.228,32.555
6694,4.617,2.009,17.267,0.138,0.172,0.002,0.512,8.194,32.906
6695,4.516,1.876,17.312,0.139,0.168,0.002,10.142,8.319,43.186
6696,4.802,1.752,17.944,0.164,0.168,0.002,0.501,8.417,33.732
6697,4.481,2.108,17.554,0.135,0.168,0.002,0.508,8.231,33.204
6698,4.978,1.872,17.686,0.139,0.169,0.002,0.505,8.321,33.688
6699,4.313,38.574,18.793,0.137,0.166,0.002,0.609,7.948,70.562
6700,3.937,1.637,17.345,0.136,0.167,0.002,0.545,8.232,32.027
6701,4.530,1.770,17.455,0.135,0.163,0.003,0.515,8.467,33.065
6702,4.605,1.740,18.655,0.138,0.170,0.003,0.518,8.245,34.112
6703,4.921,1.611,18.764,0.137,0.168,0.002,0.514,8.268,34.407
6704,4.342,1.460,18.182,0.143,0.169,0.003,0.498,8.288,33.090
6705,4.517,1.829,18.745,0.140,0.168,0.002,0.516,7.513,33.446
6706,4.394,1.454,18.431,0.143,0.167,0.002,0.511,8.305,33.426
6707,4.277,1.942,17.806,0.138,0.166,0.002,0.522,8.659,33.539
6708,5.555,1.664,23.737,0.140,0.165,0.003,0.517,8.352,40.155
6709,4.554,1.882,17.680,0.137,0.163,0.002,0.531,9.014,33.988
6710,4.798,1.452,17.475,0.143,0.166,0.002,0.518,8.243,32.809
6711,4.199,2.845,18.774,0.142,0.166,0.002,0.505,8.216,34.856
6712,5.049,1.468,17.591,0.136,0.165,0.002,0.531,8.962,33.933
6713,4.641,1.529,17.661,0.137,0.166,0.002,0.525,8.500,33.186
6714,4.628,1.656,17.522,0.138,0.173,0.002,0.504,8.320,32.955
6715,4.243,1.523,17.409,0.137,0.166,0.002,0.513,8.151,32.161
6716,4.461,1.640,17.910,0.135,0.167,0.002,0.514,8.243,33.095
6717,4.561,1.471,17.979,0.137,0.167,0.002,0.513,8.262,33.105
6718,4.594,1.796,17.465,0.138,0.170,0.002,0.560,8.259,33.015
6719,4.241,1.490,17.777,0.134,0.166,0.002,0.517,8.217,32.569
6720,4.383,1.401,17.155,0.138,0.169,0.002,0.548,8.366,32.177
6721,4.294,1.473,17.572,0.145,0.168,0.002,0.525,8.368,32.559
6722,4.249,1.478,17.326,0.141,0.166,0.002,0.501,8.411,32.285
6723,4.584,1.529,19.352,0.138,0.166,0.002,0.539,8.518,34.845
6724,5.256,1.661,18.323,0.142,0.167,0.002,0.530,8.556,34.670
6725,4.745,1.920,18.520,0.136,0.167,0.002,0.524,8.288,34.321
6726,4.624,1.847,17.545,0.151,0.165,0.003,0.520,8.493,33.356
6727,4.285,1.574,19.760,0.140,0.164,0.003,0.499,8.215,34.649
6728,4.118,1.681,17.379,0.134,0.170,0.002,0.505,8.270,32.274
6729,4.550,1.643,17.602,0.137,0.170,0.002,0.513,8.247,32.872
6730,4.977,3.118,17.463,0.142,0.166,0.003,0.502,8.224,34.611
6731,4.331,1.491,18.157,0.136,0.167,0.002,0.487,8.165,32.949
6732,4.492,1.795,17.630,0.145,0.176,0.002,0.511,8.452,33.204
6733,5.327,1.837,17.795,0.135,0.171,0.002,0.510,8.198,33.995
6734,4.797,1.617,17.664,0.138,0.167,0.002,0.518,8.255,33.170
6735,4.423,1.713,17.589,0.133,0.159,0.002,0.511,8.104,32.658
6736,4.114,1.553,17.306,0.138,0.166,0.002,0.516,8.247,32.065
6737,4.616,1.464,17.288,0.138,0.168,0.002,0.499,8.429,32.617
6738,4.897,2.562,17.751,0.142,0.169,0.002,0.502,8.334,34.368
6739,5.251,1.462,17.632,0.136,0.169,0.002,0.516,8.216,33.397
6740,4.154,1.448,17.281,0.138,0.169,0.002,0.511,8.471,32.184
6741,5.414,1.609,17.671,0.136,0.170,0.002,0.528,8.227,33.777
6742,4.331,1.460,17.302,0.139,0.170,0.002,0.503,8.251,32.174
6743,4.361,1.497,19.214,0.132,0.159,0.002,0.518,8.391,34.326
6744,4.297,1.698,18.758,0.137,0.168,0.002,0.533,9.069,34.698
6745,5.604,2.050,21.288,0.135,0.165,0.003,0.540,8.228,38.042
6746,4.657,1.773,17.931,0.137,0.171,0.002,0.526,8.502,33.720
6747,4.325,1.757,18.068,0.141,0.168,0.002,0.516,8.289,33.281
6748,4.742,3.633,17.363,0.136,0.170,0.002,0.502,8.443,35.009
6749,4.273,1.673,17.675,0.137,0.171,0.002,0.521,8.561,33.034
6750,4.406,1.697,17.323,0.140,0.173,0.002,0.497,8.341,32.588
6751,4.724,1.481,18.117,0.134,0.163,0.002,0.513,8.177,33.324
6752,4.106,1.443,17.341,0.141,0.171,0.003,0.509,8.193,31.924
6753,4.256,1.441,17.419,0.138,0.167,0.002,0.514,8.494,32.449
6754,4.951,1.876,17.483,0.139,0.170,0.002,9.122,8.290,43.934
6755,4.598,1.482,17.103,0.140,0.167,0.002,0.497,8.414,32.392
6756,4.531,1.657,17.711,0.142,0.166,0.002,8.296,8.206,41.518
6757,4.245,1.466,17.686,0.137,0.167,0.002,0.519,8.236,32.484
6758,4.441,2.006,17.314,0.136,0.174,0.002,0.517,8.279,32.883
6759,4.187,1.446,18.229,0.139,0.167,0.003,0.490,8.215,32.881
6760,4.181,1.826,17.883,0.136,0.173,0.002,0.507,8.268,32.989
6761,4.563,1.513,17.308,0.139,0.168,0.002,0.514,8.206,32.438
6762,4.613,1.639,17.444,0.136,0.167,0.002,0.519,8.620,33.162
6763,4.327,1.572,17.675,0.137,0.171,0.003,0.489,8.164,32.556
6764,4.755,1.588,17.254,0.138,0.169,0.002,0.507,8.191,32.619
6765,4.545,1.595,17.194,0.138,0.173,0.003,0.518,8.216,32.393
6766,4.206,1.615,17.386,0.136,0.170,0.002,0.514,8.616,32.661
6767,4.306,1.631,17.403,0.141,0.171,0.003,0.505,8.375,32.544
6768,4.660,1.815,22.511,0.135,0.168,0.003,0.520,8.243,38.077
6769,4.772,1.904,17.810,0.138,0.165,0.002,0.522,8.187,33.515
6770,4.960,3.912,17.960,0.140,0.166,0.003,0.495,8.168,35.804
6771,4.494,1.653,17.411,0.142,0.177,0.002,0.506,8.183,32.565
6772,4.177,1.769,17.754,0.136,0.165,0.003,0.492,9.278,33.787
6773,4.312,1.635,17.715,0.136,0.172,0.002,0.508,8.346,32.841
6774,4.242,1.502,17.404,0.135,0.164,0.002,0.498,8.281,32.248
6775,4.940,1.495,19.273,0.140,0.170,0.002,0.488,8.160,34.671
6776,4.133,1.465,17.392,0.142,0.165,0.002,0.503,8.140,31.953
6777,4.211,1.460,18.297,0.137,0.164,0.002,0.494,8.202,32.986
6778,4.632,1.456,17.383,0.133,0.165,0.003,0.498,8.281,32.570
6779,4.934,1.762,17.550,0.138,0.163,0.002,0.521,8.364,33.458
6780,3.869,1.463,17.148,0.141,0.165,0.002,0.492,8.145,31.438
6781,4.289,1.488,17.874,0.137,0.164,0.002,0.506,8.432,32.916
6782,4.951,1.590,17.318,0.138,0.168,0.002,0.500,8.203,32.888
6783,4.233,1.692,17.362,0.140,0.167,0.002,0.498,8.339,32.454
6784,4.156,1.444,18.261,0.135,0.164,0.002,8.228,8.185,41.378
6785,5.211,1.690,17.276,0.138,0.169,0.002,0.507,8.201,33.194
6786,5.166,1.914,17.605,0.138,0.166,0.002,0.512,8.467,33.979
6787,4.366,1.478,18.167,0.131,0.157,0.002,7.927,8.239,41.232
6788,4.197,1.673,17.292,0.139,0.164,0.002,0.496,8.212,32.198
6789,4.452,1.764,18.078,0.135,0.163,0.002,0.495,8.237,33.349
6790,4.661,2.270,17.630,0.135,0.170,0.002,0.496,8.293,33.677
6791,4.244,2.517,17.724,0.133,0.171,0.002,0.513,8.743,34.070
6792,4.121,1.946,24.186,0.134,0.167,0.002,0.522,8.314,39.428
6793,4.322,2.148,17.938,0.141,0.169,0.002,0.539,8.396,33.694
6794,5.221,1.482,17.318,0.140,0.163,0.002,0.519,8.259,33.133
6795,4.156,1.449,16.955,0.139,0.167,0.002,0.499,8.455,31.830
6796,4.990,1.438,17.809,0.133,0.164,0.003,0.499,8.541,33.603
6797,4.592,1.722,18.028,0.133,0.168,0.002,0.505,8.473,33.645
6798,4.862,1.471,17.369,0.138,0.167,0.002,0.498,8.120,32.643
6799,4.359,1.394,16.595,0.139,0.168,0.002,0.499,8.155,31.319
6800,4.276,1.468,17.593,0.138,0.168,0.002,0.485,8.174,32.310
6801,4.305,1.454,17.198,0.140,0.167,0.002,0.496,8.217,31.989
6802,4.652,2.092,17.299,0.138,0.176,0.002,0.508,8.518,33.396
6803,4.321,1.447,17.551,0.136,0.166,0.002,0.524,8.378,32.552
6804,4.270,1.513,18.153,0.140,0.171,0.002,0.508,8.211,32.981
6805,4.170,1.683,17.521,0.134,0.171,0.002,0.507,8.229,32.436
6806,4.314,1.773,17.654,0.137,0.167,0.002,0.509,8.203,32.780
6807,4.966,1.422,17.267,0.137,0.168,0.002,0.520,8.255,32.760
6808,4.979,1.691,17.569,0.140,0.167,0.002,0.492,8.089,33.136
6809,4.177,1.468,17.494,0.140,0.169,0.002,0.504,8.202,32.171
6810,4.566,1.389,17.632,0.141,0.169,0.002,0.513,8.192,32.620
6811,4.661,1.438,17.451,0.137,0.167,0.003,0.500,8.321,32.699
6812,4.319,1.468,17.900,0.139,0.169,0.002,0.519,8.174,32.716
6813,4.746,1.455,17.804,0.137,0.170,0.002,0.524,8.293,33.142
6814,4.548,1.468,17.456,0.137,0.169,0.002,0.501,8.183,32.477
6815,4.443,1.699,17.540,0.133,0.166,0.002,0.506,8.237,32.745
6816,4.401,1.492,17.262,0.137,0.172,0.003,8.279,8.161,40.753
6817,4.180,1.492,17.402,0.139,0.166,0.002,0.510,8.269,32.165
6818,4.795,1.467,17.485,0.136,0.168,0.002,0.517,8.225,32.804
6819,5.056,1.463,17.290,0.140,0.171,0.002,0.520,8.269,32.909
6820,4.317,1.466,17.825,0.139,0.170,0.003,0.526,8.219,32.659
6821,4.117,1.467,17.765,0.138,0.167,0.002,0.513,8.251,32.426
6822,4.267,1.431,17.374,0.138,0.166,0.002,0.524,8.243,32.161
6823,4.303,4.225,18.727,0.137,0.166,0.003,0.507,8.287,36.358
6824,4.166,1.532,17.115,0.137,0.166,0.002,0.511,8.249,31.881
6825,4.180,1.535,17.225,0.137,0.166,0.002,0.536,8.211,31.998
6826,4.659,1.429,17.040,0.140,0.163,0.003,0.507,8.146,32.081
6827,4.545,1.440,17.840,0.136,0.169,0.002,0.516,8.404,33.057
6828,4.792,1.782,20.116,0.138,0.168,0.003,0.497,8.852,36.351
6829,4.531,1.639,18.479,0.134,0.172,0.002,0.517,9.516,34.993
6830,4.595,1.528,19.442,0.141,0.166,0.002,0.502,8.180,34.555
6831,4.531,1.678,17.747,0.133,0.165,0.002,0.486,8.238,32.978
6832,6.312,1.553,17.570,0.137,0.169,0.002,0.523,8.692,34.958
6833,4.247,1.616,17.625,0.135,0.169,0.002,0.522,8.287,32.612
6834,4.279,1.565,17.433,0.146,0.169,0.003,0.504,8.314,32.407
6835,5.010,1.636,17.337,0.137,0.165,0.003,0.529,8.444,33.265
6836,4.428,1.920,17.425,0.136,0.170,0.002,0.511,8.201,32.821
6837,4.462,1.609,17.659,0.139,0.174,0.002,0.509,8.208,32.753
6838,4.193,1.519,17.480,0.138,0.171,0.003,0.518,8.532,32.553
6839,4.318,1.664,17.330,0.136,0.166,0.003,0.504,8.218,32.341
6840,3.871,1.561,17.272,0.142,0.166,0.003,0.512,8.213,31.734
6841,4.313,1.500,17.559,0.138,0.167,0.002,0.494,8.204,32.373
6842,4.285,2.041,17.448,0.140,0.172,0.003,0.511,8.298,32.894
6843,4.321,1.491,17.915,0.134,0.169,0.002,0.511,8.214,32.761
6844,4.157,1.453,17.346,0.135,0.168,0.002,0.529,8.218,32.018
6845,4.213,1.608,17.689,0.137,0.171,0.002,0.509,8.257,32.587
6846,4.243,1.473,17.308,0.135,0.166,0.002,0.525,8.281,32.144
6847,4.267,1.707,17.382,0.139,0.167,0.002,0.497,8.198,32.359
6848,4.380,1.647,17.714,0.139,0.184,1.036,0.511,8.190,32.751
6849,4.210,1.471,17.341,0.138,0.185,0.002,0.487,8.255,32.067
6850,4.293,1.809,17.589,0.136,0.183,0.002,0.510,8.215,32.729
6851,4.692,1.722,17.659,0.143,0.183,0.002,0.501,8.203,33.089
6852,4.139,1.483,17.226,0.135,0.191,0.002,0.510,8.175,31.837
6853,5.271,1.484,17.585,0.138,0.167,0.763,0.523,8.203,33.372
6854,4.236,1.761,17.382,0.140,0.168,0.002,0.512,8.228,32.433
6855,4.422,1.498,18.315,0.141,0.167,0.002,0.511,8.178,33.229
6856,4.143,1.461,17.266,0.138,0.167,0.002,0.501,8.211,31.888
6857,4.232,1.483,17.523,0.138,0.182,1.379,0.513,8.267,32.325
6858,4.450,1.461,17.504,0.143,0.183,0.002,0.497,8.392,32.614
6859,4.196,1.420,17.246,0.143,0.183,0.002,0.496,8.213,31.875
6860,4.163,1.459,17.226,0.136,0.182,0.002,0.521,8.186,31.865
6861,4.606,1.701,17.757,0.143,0.183,0.003,0.502,8.574,33.456
6862,4.553,1.447,17.232,0.138,0.184,0.002,0.517,8.332,32.390
6863,4.618,1.525,17.880,0.139,0.183,0.002,0.514,8.172,33.015
6864,4.690,1.684,17.606,0.135,0.159,0.778,0.510,8.153,32.955
6865,4.268,1.437,17.601,0.141,0.166,0.002,0.504,8.175,32.292
6866,4.243,2.448,17.359,0.138,0.167,0.002,0.509,8.561,33.442
6867,4.348,1.485,17.379,0.143,0.169,0.002,0.519,8.170,32.209
6868,4.328,1.480,17.361,0.138,0.171,0.003,0.511,8.179,32.166
6869,4.243,1.628,17.593,0.137,0.171,0.002,0.514,8.169,32.457
6870,4.472,1.549,17.851,0.138,0.171,0.002,0.534,8.696,33.412
6871,5.208,1.461,17.713,0.140,0.166,0.002,0.491,8.139,33.318
6872,4.152,1.464,17.423,0.142,0.169,0.002,0.531,8.202,32.097
6873,4.244,1.451,17.522,0.139,0.167,0.002,0.499,8.206,32.232
6874,4.243,1.658,17.193,0.138,0.167,0.002,0.527,8.359,32.288
6875,4.325,1.434,17.777,0.137,0.167,0.002,0.491,8.405,32.728
6876,4.176,1.449,17.705,0.143,0.170,0.002,0.496,8.190,32.322
6877,4.248,1.655,17.842,0.141,0.175,0.002,0.528,8.246,32.830
6878,4.284,1.820,17.872,0.138,0.164,0.002,0.525,8.266,33.081
6879,4.688,1.485,17.605,0.137,0.170,0.002,0.513,8.220,32.819
6880,4.118,1.419,17.390,0.142,0.173,0.003,0.504,8.199,31.940
6881,4.243,1.475,17.354,0.133,0.165,0.002,0.496,8.286,32.163
6882,4.397,1.914,17.586,0.143,0.171,0.002,0.516,8.209,32.932
6883,4.833,1.489,17.424,0.136,0.173,0.002,0.489,8.178,32.707
6884,4.452,1.438,17.316,0.135,0.167,0.002,0.524,8.169,32.207
6885,4.339,1.479,17.400,0.138,0.169,0.002,0.505,8.371,32.397
6886,4.927,1.459,17.516,0.136,0.173,0.003,0.507,8.521,33.242
6887,4.334,1.765,17.716,0.138,0.185,0.801,0.510,8.349,32.988
6888,4.383,1.451,17.702,0.137,0.187,0.003,0.512,8.214,32.571
6889,4.569,1.457,17.484,0.140,0.185,0.002,0.504,8.205,32.529
6890,5.007,2.380,17.921,0.138,0.180,0.003,0.517,8.388,34.530
6891,4.226,1.619,18.058,0.152,0.192,0.002,0.495,8.125,32.823
6892,4.289,1.669,17.288,0.141,0.183,0.002,0.516,9.242,33.319
6893,4.209,1.483,17.234,0.139,0.180,0.002,0.531,8.221,31.987
6894,4.572,1.463,17.461,0.139,0.186,0.002,0.510,8.262,32.580
6895,4.329,1.499,17.415,0.140,0.190,0.002,0.508,8.359,32.420
6896,4.548,1.443,17.309,0.148,0.199,0.002,0.493,8.222,32.326
6897,4.277,1.494,17.482,0.137,0.189,0.002,0.505,8.562,32.627
6898,4.927,1.930,17.338,0.135,0.151,0.869,0.522,8.229,33.259
6899,4.379,1.534,20.514,0.137,0.154,0.002,0.513,8.371,35.621
6900,4.179,1.524,17.224,0.139,0.142,0.002,0.502,8.271,32.011
6901,4.620,1.610,17.654,0.140,0.143,0.002,0.499,8.229,32.921
6902,4.422,1.623,17.185,0.136,0.145,0.002,0.490,8.208,32.234
6903,4.545,1.886,18.757,0.139,0.147,0.002,0.505,8.309,34.312
6904,4.139,1.492,17.270,0.135,0.143,0.002,0.517,8.451,32.180
6905,4.627,1.615,17.700,0.132,0.144,0.002,0.536,8.231,33.024
6906,4.666,1.638,17.557,0.135,0.153,0.002,0.500,8.304,32.975
6907,4.381,1.679,17.877,0.139,0.148,0.002,0.519,8.261,33.033
6908,4.137,1.435,17.623,0.140,0.157,0.002,0.502,8.202,32.205
6909,4.547,1.498,17.513,0.132,0.158,0.778,0.522,8.225,32.612
6910,4.581,1.743,17.709,0.134,0.168,0.002,0.514,8.307,33.164
6911,4.508,1.516,17.774,0.134,0.164,0.002,0.537,8.367,33.024
6912,5.407,1.444,17.698,0.136,0.169,0.002,0.488,8.231,33.572
6913,4.217,1.712,17.467,0.138,0.159,0.883,0.514,8.210,32.432
6914,4.328,1.453,17.475,0.138,0.152,0.003,0.505,8.620,32.682
6915,4.291,1.698,17.755,0.136,0.147,0.002,0.514,8.212,32.784
6916,4.136,1.446,17.277,0.137,0.158,0.002,0.503,8.211,31.882
6917,4.421,1.438,17.530,0.138,0.164,0.002,0.514,8.221,32.428
6918,4.330,1.722,17.678,0.142,0.158,0.002,0.512,8.235,32.778
6919,4.412,1.772,17.389,0.143,0.183,0.832,0.508,8.251,32.637
6920,4.484,1.453,17.344,0.141,0.180,0.003,0.515,8.214,32.319
6921,4.296,1.457,17.445,0.149,0.183,0.003,0.502,8.473,32.479
6922,4.760,1.460,17.288,0.138,0.185,0.002,0.516,8.483,32.816
6923,4.356,1.513,17.623,0.141,0.170,0.789,0.506,8.176,32.484
6924,4.119,1.624,17.547,0.144,0.162,0.743,0.499,8.188,32.278
6925,4.865,1.447,17.507,0.142,0.160,0.736,0.508,8.248,32.884
6926,4.681,1.431,17.257,0.146,0.162,0.002,0.516,8.223,32.415
6927,5.004,1.501,17.225,0.142,0.162,0.002,0.497,8.215,32.733
6928,4.132,1.427,17.214,0.146,0.149,0.002,0.509,8.416,32.004
6929,4.293,1.665,17.658,0.153,0.149,0.002,0.502,8.408,32.829
6930,4.277,1.735,17.391,0.152,0.150,0.002,0.503,8.222,32.436
6931,4.259,1.503,19.728,0.147,0.160,0.002,0.493,8.213,34.503
6932,4.384,1.437,17.355,0.149,0.152,0.003,0.491,8.200,32.172
6933,4.207,1.406,17.805,0.158,0.157,0.003,0.536,8.294,32.562
6934,4.940,1.431,17.410,0.169,0.164,0.002,0.510,8.176,32.774
6935,4.660,1.467,17.453,0.150,0.162,0.004,0.509,8.408,32.806
6936,4.498,1.477,17.246,0.152,0.160,0.002,0.495,8.196,32.214
6937,4.216,1.773,17.870,0.158,0.160,0.002,0.495,8.226,32.884
6938,4.268,1.499,17.194,0.157,0.157,0.003,0.511,8.223,32.003
6939,4.355,1.488,17.474,0.147,0.160,0.002,0.514,8.350,32.491
6940,4.479,1.396,17.638,0.147,0.162,0.002,0.521,8.245,32.588
6941,4.212,1.464,17.458,0.151,0.173,0.002,0.524,8.297,32.264
6942,4.592,1.912,17.483,0.153,0.157,0.002,0.507,8.210,33.021
6943,4.317,1.455,17.633,0.150,0.163,0.002,0.507,8.188,32.404
6944,4.164,1.441,17.565,0.148,0.160,0.002,0.502,8.247,32.233
6945,4.247,1.463,17.215,0.150,0.154,0.002,0.500,8.173,31.904
6946,4.325,1.443,17.479,0.155,0.146,0.003,0.520,8.417,32.491
6947,4.249,1.728,17.751,0.147,0.155,0.002,0.503,8.210,32.749
6948,4.784,1.455,20.392,0.149,0.159,0.002,0.520,8.288,35.751
6949,4.358,1.465,17.450,0.154,0.182,1.265,0.511,8.217,32.314
6950,4.983,1.480,17.393,0.143,0.176,0.002,0.539,8.278,32.986
6951,4.143,1.445,17.212,0.151,0.175,0.002,0.502,8.180,31.789
6952,4.117,1.443,17.266,0.147,0.180,0.002,0.499,8.201,31.838
6953,4.598,1.471,17.397,0.144,0.178,0.002,0.503,8.185,32.464
6954,4.282,1.779,17.401,0.152,0.192,0.003,0.496,8.285,32.553
6955,4.702,1.487,17.891,0.139,0.173,0.002,0.480,8.280,33.143
6956,4.118,1.422,17.263,0.142,0.176,0.002,0.530,8.228,31.873
6957,5.177,1.469,17.404,0.139,0.177,0.003,0.524,8.234,33.115
6958,4.827,1.732,17.426,0.141,0.183,0.002,0.511,8.463,33.267
6959,4.668,1.757,18.561,0.146,0.178,0.002,0.533,8.225,34.060
6960,4.049,1.396,17.325,0.144,0.182,0.002,0.510,8.168,31.760
6961,4.340,1.469,17.347,0.145,0.178,0.002,0.520,8.184,32.168
6962,4.524,1.748,17.321,0.154,0.181,0.002,0.501,8.391,32.792
6963,4.242,1.507,17.505,0.155,0.178,0.002,0.496,8.372,32.429
6964,4.750,1.764,17.597,0.147,0.180,0.003,0.496,8.179,33.092
6965,4.229,1.454,17.576,0.152,0.177,0.003,0.510,8.279,32.354
6966,4.243,1.604,17.243,0.144,0.196,0.002,0.517,8.458,32.372
6967,4.607,1.502,17.342,0.142,0.177,0.002,0.504,8.497,32.759
6968,4.135,1.437,17.494,0.160,0.176,0.003,0.509,8.146,32.032
6969,4.266,1.688,17.614,0.140,0.181,0.002,0.494,8.330,32.701
6970,4.631,1.453,17.336,0.157,0.184,0.003,0.533,8.351,32.614
6971,4.315,1.529,22.369,0.149,0.181,0.002,0.500,8.174,37.188
6972,4.133,1.441,17.249,0.150,0.184,0.002,0.512,8.194,31.840
6973,4.327,1.821,17.682,0.156,0.181,0.002,0.496,8.227,32.861
6974,4.225,1.451,17.523,0.143,0.181,0.002,0.526,8.410,32.454
6975,4.368,1.461,19.371,0.152,0.166,1.426,0.550,8.196,34.251
6976,4.294,1.466,17.211,0.143,0.160,0.002,0.509,8.221,32.011
6977,4.304,1.449,17.545,0.139,0.161,0.002,0.519,8.577,32.710
6978,4.866,1.707,17.318,0.146,0.161,0.002,0.504,8.233,32.941
6979,4.338,1.519,17.578,0.197,0.230,0.003,0.512,8.435,32.688
6980,4.142,1.677,17.538,0.143,0.161,0.002,0.517,8.197,32.383
6981,4.446,1.553,17.551,0.154,0.159,0.003,0.509,8.245,32.612
6982,5.040,2.763,17.407,0.146,0.163,0.002,0.508,8.250,34.285
6983,4.311,1.515,20.085,0.154,0.176,0.004,0.503,8.214,34.934
6984,4.145,1.467,17.323,0.143,0.163,0.002,0.513,8.280,32.033
6985,4.291,1.481,17.605,0.143,0.175,0.754,0.498,8.359,32.546
6986,4.854,1.661,17.233,0.147,0.179,0.002,0.515,8.515,33.083
6987,4.570,1.497,17.914,0.143,0.179,0.002,0.505,8.417,33.213
6988,4.768,1.419,17.234,0.139,0.177,0.002,8.184,8.152,41.117
6989,4.628,1.468,17.774,0.141,0.172,0.002,0.514,8.205,32.916
6990,4.291,1.503,17.517,0.139,0.179,0.003,0.492,8.521,32.645
6991,4.412,1.550,17.583,0.144,0.189,0.002,0.519,8.174,32.567
6992,4.137,1.451,17.331,0.142,0.172,0.003,0.504,8.204,31.955
6993,4.258,1.478,17.332,0.134,0.178,0.002,8.107,8.169,40.413
6994,4.333,1.973,17.882,0.144,0.168,1.304,0.524,8.262,33.285
6995,4.369,1.546,18.007,0.141,0.169,0.002,0.527,7.636,32.395
6996,4.308,1.413,17.338,0.145,0.169,0.003,0.518,8.194,32.079
6997,4.688,1.430,17.531,0.148,0.169,0.002,8.879,8.267,42.495
6998,4.281,1.689,17.577,0.139,0.167,0.002,0.518,8.264,32.657
6999,4.572,1.440,17.528,0.138,0.158,0.002,0.508,8.158,32.534
7000,4.220,1.450,17.285,0.140,0.158,0.002,0.503,8.182,31.961
7001,4.371,1.704,18.135,0.135,0.153,0.002,0.517,8.511,33.569
7002,4.317,1.416,17.522,0.138,0.162,0.003,0.498,8.299,32.376
7003,5.445,1.636,17.573,0.138,0.155,0.002,0.516,8.189,33.683
7004,4.289,1.456,17.331,0.147,0.161,0.003,8.174,8.189,40.512
7005,4.311,1.723,17.519,0.138,0.158,0.002,0.515,8.199,32.578
7006,4.253,1.424,17.361,0.142,0.160,0.002,0.517,8.198,32.061
7007,4.838,1.473,25.897,0.138,0.163,0.003,0.520,8.336,41.379
7008,4.641,1.505,18.385,0.141,0.161,0.002,0.505,8.240,33.589
7009,4.561,1.436,18.109,0.139,0.193,0.695,0.518,8.192,33.128
7010,4.609,1.488,17.365,0.141,0.195,0.002,0.503,8.186,32.463
7011,4.213,1.439,17.479,0.150,0.204,0.003,0.520,8.456,32.416
7012,5.914,1.621,17.793,0.139,0.195,0.002,0.502,8.316,34.459
7013,4.568,1.482,17.520,0.144,0.200,0.003,0.523,8.496,32.899
7014,4.561,1.799,17.312,0.218,0.206,0.003,0.497,8.298,32.774
7015,4.300,1.559,18.189,0.148,0.198,0.003,0.499,8.183,33.036
7016,4.126,1.419,17.836,0.149,0.201,0.003,0.521,8.274,32.492
7017,4.295,1.438,17.650,0.142,0.195,0.002,0.531,8.302,32.534
7018,4.337,1.710,17.523,0.142,0.194,0.002,0.507,8.318,32.702
7019,5.015,1.459,17.256,0.139,0.192,0.003,0.504,8.172,32.716
7020,3.881,1.358,17.185,0.159,0.165,0.769,0.507,8.252,31.500
7021,4.294,1.489,17.294,0.145,0.170,0.002,0.482,8.296,32.156
7022,4.420,1.469,17.341,0.145,0.159,0.003,0.529,8.513,32.590
7023,4.954,1.556,17.904,0.147,0.169,0.003,0.508,8.200,33.434
7024,4.148,1.722,17.502,0.140,0.166,0.003,0.496,8.464,32.637
7025,4.316,1.487,17.683,0.143,0.165,0.004,0.507,8.557,32.860
7026,4.144,1.612,17.573,0.142,0.163,0.002,0.518,8.327,32.487
7027,4.315,1.493,17.357,0.150,0.162,0.002,7.719,8.198,40.208
7028,4.175,1.459,17.608,0.205,0.163,0.006,0.532,8.265,32.366
7029,4.605,1.826,17.749,0.203,0.178,0.002,0.510,8.293,33.310
7030,5.257,1.404,17.486,0.146,0.209,0.004,0.518,8.251,33.238
7031,4.351,1.491,17.410,0.140,0.161,0.002,0.540,8.375,32.514
7032,4.114,1.434,17.409,0.140,0.153,0.002,0.539,8.256,32.080
7033,5.559,1.475,17.980,0.145,0.156,0.003,0.512,8.306,34.154
7034,4.236,1.981,17.671,0.150,0.164,0.003,0.511,8.272,32.999
7035,4.313,1.486,17.885,0.219,0.172,0.003,0.520,8.252,32.790
7036,4.503,1.612,17.340,0.143,0.158,0.002,0.547,8.348,32.700
7037,4.310,1.482,17.685,0.141,0.166,0.003,0.517,8.275,32.598
7038,4.308,1.606,17.276,0.148,0.162,0.002,0.528,8.234,33.108
7039,4.657,1.479,19.362,0.142,0.164,0.003,0.511,8.262,34.565
7040,4.164,1.474,17.546,0.142,0.157,0.002,0.503,8.262,32.233
7041,4.289,1.479,18.145,0.144,0.160,0.002,0.519,8.758,33.476
7042,5.061,1.492,17.544,0.142,0.161,0.002,0.513,8.455,33.350
7043,4.310,32.918,16.799,0.141,0.161,0.002,0.504,8.269,63.087
7044,4.318,1.672,17.615,0.146,0.171,0.003,0.501,8.385,32.774
7045,4.333,1.459,17.212,0.141,0.158,0.002,0.483,8.203,31.969
7046,4.866,1.714,18.415,0.160,0.170,0.003,0.518,8.298,34.101
7047,4.628,1.454,17.643,0.140,0.163,0.002,0.536,9.545,34.097
7048,4.574,1.434,17.463,0.141,0.158,0.004,0.505,8.198,32.473
7049,4.207,1.514,16.729,0.142,0.162,0.002,7.917,8.262,39.698
7050,4.332,1.495,19.996,0.147,0.169,0.003,0.539,8.399,35.064
7051,4.743,1.631,17.533,0.138,0.164,0.002,0.521,8.187,32.917
7052,4.365,1.411,17.365,0.152,0.198,6.032,0.510,8.237,32.196
7053,4.311,1.425,17.728,0.142,0.198,0.002,0.516,8.252,33.412
7054,4.654,1.587,18.992,0.142,0.199,0.002,0.535,8.259,34.320
7055,4.177,1.386,17.423,0.144,0.200,0.002,0.516,8.204,31.991
7056,4.526,1.845,18.505,0.143,0.201,0.002,0.527,8.532,34.234
7057,5.005,1.681,17.876,0.143,0.214,0.002,0.532,8.277,33.676
7058,4.356,1.445,18.115,0.150,0.205,0.002,0.509,8.270,32.997
7059,4.155,1.381,17.347,0.144,0.191,0.002,7.630,8.355,40.027
7060,4.349,1.472,17.645,0.138,0.197,0.003,0.536,8.540,32.866
7061,4.990,1.474,18.741,0.135,0.196,0.003,0.521,8.378,34.441
7062,4.207,1.472,17.430,0.139,0.190,0.003,0.516,8.244,32.195
7063,4.585,1.578,17.658,0.138,0.190,0.003,7.782,8.257,40.961
7064,4.492,1.452,17.350,0.136,0.186,0.002,8.331,8.315,40.990
7065,4.207,1.524,17.572,0.135,0.190,0.002,8.299,8.256,40.898
7066,4.538,1.432,17.571,0.144,0.193,0.002,0.499,8.183,32.535
7067,4.178,1.621,17.609,0.147,0.198,0.003,0.497,8.222,32.434
7068,4.217,1.450,18.288,0.138,0.192,0.002,0.516,8.208,32.978
7069,4.276,2.730,17.559,0.136,0.193,0.002,0.513,8.554,33.936
7070,4.356,1.715,18.155,0.136,0.194,0.003,0.520,8.289,33.341
7071,5.103,1.429,19.094,0.136,0.194,0.002,0.510,8.711,35.157
7072,4.287,1.462,18.012,0.138,0.196,0.002,0.524,12.817,37.406
7073,4.579,1.458,17.365,0.283,0.187,0.002,0.523,8.307,32.551
7074,6.254,1.781,22.279,0.138,0.186,0.002,0.567,8.579,39.796
7075,6.711,2.086,20.885,0.135,0.196,0.002,0.524,8.396,38.918
7076,5.010,1.527,20.299,0.138,0.195,0.002,0.534,8.341,36.027
7077,4.595,2.679,19.281,0.135,0.193,0.002,0.529,8.407,35.813
7078,4.640,1.702,21.545,0.139,0.190,0.002,0.544,8.436,37.185
7079,4.235,1.515,18.065,0.136,0.192,0.002,0.523,8.249,32.897
7080,4.103,1.614,18.396,0.143,0.189,0.003,0.534,8.278,33.238
7081,4.471,1.770,18.655,0.135,0.175,0.811,0.543,8.429,34.195
7082,4.473,1.707,20.832,0.136,0.182,0.002,0.525,8.637,36.489
7083,4.220,1.793,18.119,0.137,0.176,0.003,0.524,8.314,33.286
7084,4.480,1.537,18.869,0.136,0.170,0.002,0.516,8.212,33.927
7085,4.511,1.959,18.698,0.142,0.171,0.002,0.529,8.360,34.365
7086,5.019,1.941,19.517,0.134,0.183,0.002,0.534,9.715,37.031
7087,4.250,1.501,18.083,0.136,0.174,0.003,0.529,8.253,32.922
7088,4.882,1.556,20.012,0.135,0.173,0.002,0.530,8.477,35.769
7089,4.711,2.220,19.313,0.140,0.175,0.002,9.374,8.678,45.899
7090,4.854,1.774,17.923,0.136,0.172,0.002,0.502,8.285,33.659
7091,4.617,1.964,18.695,0.139,0.177,0.003,0.533,8.852,34.990
7092,5.127,2.025,17.845,0.135,0.175,0.002,0.525,8.541,34.393
7093,4.616,4.048,17.543,0.145,0.189,0.003,0.558,8.279,35.370
7094,5.244,1.494,18.310,0.135,0.175,0.002,0.568,9.456,35.419
7095,4.361,2.180,17.312,0.142,0.177,0.002,0.512,8.564,33.245
7096,4.846,1.663,17.560,0.136,0.174,0.002,0.533,8.282,33.205
7097,4.343,1.719,18.251,0.142,0.173,0.003,0.506,8.313,33.452
7098,4.624,1.699,17.321,0.136,0.171,0.002,0.522,8.339,32.832
7099,4.781,2.128,17.512,0.142,0.181,0.002,0.504,8.332,33.584
7100,5.009,2.029,20.187,0.135,0.177,0.002,0.533,8.220,36.308
7101,4.671,2.723,18.070,0.137,0.174,0.003,0.540,8.234,34.564
7102,5.465,2.031,19.736,0.137,0.188,0.002,0.587,8.765,36.925
7103,4.829,2.730,19.900,0.134,0.179,0.002,0.556,8.687,37.041
7104,4.793,1.893,20.379,0.139,0.178,0.003,0.522,8.382,36.299
7105,5.162,2.689,19.490,0.135,0.175,0.002,0.534,8.713,36.921
7106,5.079,1.788,17.952,0.128,0.171,0.002,0.572,8.552,34.287
7107,4.674,1.851,17.792,0.137,0.173,0.002,0.533,8.305,33.477
7108,5.133,1.841,22.250,0.137,0.169,0.002,0.548,8.230,38.343
7109,4.490,2.234,17.425,0.134,0.188,1.479,0.510,8.219,33.202
7110,4.796,1.581,19.416,0.137,0.187,0.003,0.555,8.357,35.052
7111,6.202,1.724,21.219,0.138,0.192,0.002,0.602,8.427,38.509
7112,5.494,2.052,23.949,0.138,0.192,0.002,0.559,8.677,41.071
7113,5.864,2.338,22.477,0.134,0.189,0.002,0.539,8.351,39.911
7114,5.413,1.843,24.279,0.140,0.189,0.003,0.534,9.443,41.838
7115,5.265,2.076,26.770,0.139,0.195,0.002,0.546,8.318,44.721
7116,5.341,2.089,23.299,0.140,0.190,0.002,0.523,8.472,40.029
7117,4.864,1.942,18.937,0.133,0.196,0.002,0.535,8.337,34.918
7118,4.801,1.724,18.025,0.140,0.192,0.003,0.554,8.336,33.750
7119,4.734,2.024,18.811,0.134,0.188,0.002,0.555,8.309,34.866
7120,4.818,1.715,25.671,0.142,0.193,0.002,0.526,8.875,41.913
7121,5.103,2.296,23.789,0.135,0.189,0.002,0.570,8.415,40.491
7122,5.240,2.076,19.419,0.138,0.189,0.002,0.545,8.539,36.133
7123,4.577,1.872,19.594,0.137,0.188,0.002,0.557,8.343,35.278
7124,5.647,2.216,20.368,0.131,0.189,0.002,0.542,8.504,37.587
7125,4.514,1.750,18.852,0.141,0.195,0.002,0.523,8.530,35.242
7126,4.510,1.977,17.477,0.140,0.185,0.003,0.533,8.505,33.331
7127,4.389,2.160,17.733,0.135,0.183,0.002,0.525,8.275,33.407
7128,5.590,1.836,19.295,0.135,0.187,0.002,0.537,8.420,35.997
7129,4.840,1.843,17.852,0.138,0.192,0.002,0.507,8.358,33.717
7130,5.779,2.065,18.265,0.135,0.192,0.002,0.554,8.239,35.224
7131,4.999,1.784,17.736,0.136,0.194,0.002,0.581,8.305,33.741
7132,4.459,1.495,18.914,0.136,0.196,0.002,0.499,8.409,34.093
7133,4.562,1.821,17.692,0.131,0.192,0.002,0.515,8.260,33.166
7134,4.606,1.767,17.630,0.130,0.192,0.002,0.552,8.393,34.565
7135,7.329,4.728,25.516,0.132,0.197,0.003,0.554,8.819,47.260
7136,7.302,1.537,32.225,0.130,0.192,0.003,0.565,8.426,50.373
7137,5.193,2.306,18.302,0.136,0.190,0.002,0.560,8.353,35.036
7138,4.771,1.886,20.315,0.127,0.189,0.002,0.533,8.491,36.306
7139,5.489,2.034,18.377,0.132,0.191,0.003,0.535,8.320,35.054
7140,4.345,1.901,21.488,0.133,0.195,0.002,0.537,8.529,37.102
7141,4.297,1.950,18.309,0.133,0.185,0.002,0.512,8.216,33.576
7142,4.709,1.797,17.664,0.134,0.191,0.003,0.514,8.223,33.211
7143,4.770,3.062,18.044,0.141,0.193,0.003,0.526,8.413,35.111
7144,5.024,2.131,23.572,0.164,0.200,0.002,0.567,8.692,40.297
7145,5.428,1.892,17.351,0.155,0.197,0.003,0.518,8.251,33.739
7146,4.899,2.074,18.109,0.138,0.194,0.002,0.547,8.305,34.240
7147,5.384,1.554,18.617,0.138,0.194,0.002,0.524,8.292,34.676
7148,6.446,2.129,26.316,0.142,0.188,0.003,0.540,8.258,43.995
7149,4.302,1.796,17.970,0.137,0.193,0.002,9.843,8.226,43.165
7150,4.284,1.510,19.312,0.132,0.191,0.003,0.537,8.327,34.309
7151,4.282,1.547,19.377,0.135,0.193,0.003,0.554,8.625,34.742
7152,4.689,3.811,25.002,0.138,0.203,0.002,0.509,8.395,42.744
7153,5.065,1.676,33.103,0.130,0.187,0.002,0.613,8.974,49.778
7154,7.850,2.456,25.727,0.129,0.189,0.002,0.643,8.434,45.537
7155,4.477,1.845,25.966,0.134,0.188,0.002,0.557,8.317,41.512
7156,5.264,2.369,28.819,0.132,0.190,0.002,0.554,9.421,46.779
7157,5.179,2.027,18.977,0.139,0.201,0.003,0.528,8.251,35.303
7158,4.864,1.516,19.027,0.131,0.190,0.003,0.541,8.312,34.599
7159,5.990,1.717,25.243,0.128,0.184,0.002,0.616,8.285,42.186
7160,4.935,2.399,37.308,0.130,0.187,0.002,0.611,13.242,59.589
7161,6.651,4.088,34.328,0.130,0.187,0.002,0.542,8.402,54.328
7162,5.998,2.235,23.895,0.129,0.189,0.003,0.557,8.836,41.829
7163,6.481,2.388,20.648,0.139,0.195,0.002,0.571,8.582,38.990
7164,6.362,2.459,37.182,0.135,0.191,0.002,0.541,8.887,55.741
7165,8.566,4.237,38.963,0.126,0.189,0.002,0.545,8.427,61.052
7166,5.916,2.008,21.855,0.130,0.188,0.003,0.539,8.978,39.605
7167,14.339,3.923,21.192,0.131,0.188,0.002,0.548,8.700,49.017
7168,7.193,2.396,98.928,0.137,0.188,0.002,0.740,16.642,126.277
7169,5.318,1.851,36.116,0.130,0.201,0.002,0.697,10.204,54.574
7170,11.202,4.302,42.336,0.136,0.193,0.002,0.610,8.882,67.692
7171,5.761,3.957,21.984,0.134,0.192,0.003,0.545,9.104,41.656
7172,5.907,2.614,35.559,0.138,0.192,0.003,0.534,9.666,54.576
7173,5.671,2.261,22.275,0.128,0.192,0.002,0.560,8.366,39.439
7174,4.916,2.076,23.406,0.136,0.194,0.003,0.590,9.012,40.319
7175,5.160,5.407,50.228,0.131,0.196,0.002,0.687,8.703,70.580
7176,6.225,2.768,37.651,0.125,0.183,0.002,0.545,9.050,56.544
7177,5.490,2.411,25.300,0.133,0.190,0.003,0.534,8.622,42.670
7178,5.344,2.548,24.118,0.134,0.191,0.002,0.518,8.459,41.300
7179,5.557,3.249,27.664,0.131,0.193,0.003,0.554,8.632,45.967
7180,5.955,3.553,26.431,0.134,0.196,0.002,0.522,9.026,45.791
7181,5.693,2.338,23.115,0.131,0.193,0.002,0.554,8.669,40.677
7182,6.579,2.644,21.474,0.131,0.192,0.002,0.535,8.475,40.013
7183,5.579,2.016,19.863,0.132,0.191,0.002,0.535,11.047,39.347
7184,8.168,3.512,25.902,0.132,0.192,0.003,0.543,9.901,48.347
7185,5.564,2.460,19.062,0.137,0.206,0.003,0.523,9.134,37.046
7186,5.014,2.414,19.010,0.128,0.194,0.002,0.588,8.809,36.169
7187,5.542,2.300,20.427,0.134,0.195,0.002,0.530,8.382,37.486
7188,4.920,4.129,27.754,0.131,0.192,0.002,0.540,8.731,46.378
7189,4.846,2.494,22.350,0.129,0.190,0.002,0.528,8.529,39.053
7190,4.602,2.432,18.760,0.128,0.187,0.002,0.525,8.346,34.985
7191,4.515,2.500,20.477,0.139,0.196,0.002,0.528,8.379,36.702
7192,5.062,2.535,18.788,0.129,0.188,0.002,0.556,8.263,41.587
7193,4.281,2.289,17.711,0.130,0.187,0.002,0.508,8.361,33.492
7194,4.370,2.341,18.522,0.131,0.191,0.002,0.534,8.522,34.633
7195,5.579,2.773,17.804,0.133,0.186,0.003,0.543,8.394,35.441
7196,4.890,2.771,20.076,0.158,0.193,0.002,0.525,8.397,37.007
7197,4.393,2.368,17.288,0.139,0.192,0.003,0.559,8.380,33.349
7198,5.083,2.430,17.639,0.135,0.198,0.002,0.570,8.742,34.822
7199,4.586,2.553,17.513,0.135,0.197,0.003,0.519,8.574,34.083
7200,4.368,2.308,18.556,0.135,0.194,0.002,0.505,8.400,34.475
7201,5.337,2.392,17.941,0.128,0.194,0.002,0.530,8.218,34.752
7202,5.323,2.331,17.662,0.129,0.192,0.002,0.524,8.251,34.423
7203,4.334,2.345,17.278,0.137,0.194,0.002,0.517,8.496,33.301
7204,4.250,2.233,20.118,0.135,0.192,0.002,0.494,8.342,35.762
7205,4.725,2.831,17.644,0.135,0.199,0.002,0.534,8.266,34.329
7206,4.580,2.240,17.526,0.141,0.195,0.003,0.529,8.518,33.734
7207,5.424,2.645,18.159,0.139,0.196,0.003,0.533,8.358,35.468
7208,5.120,2.603,19.552,0.135,0.157,0.727,0.510,8.287,36.404
7209,4.314,2.277,17.264,0.133,0.156,0.002,0.494,8.274,32.955
7210,4.952,2.482,21.759,0.132,0.156,0.003,0.510,8.262,38.301
7211,4.556,2.442,17.412,0.135,0.160,0.002,0.500,8.274,33.517
7212,4.614,2.014,18.745,0.135,0.153,0.002,0.518,8.666,34.895
7213,5.055,2.435,17.692,0.136,0.156,0.002,0.496,8.213,34.364
7214,4.990,4.147,21.077,0.135,0.164,0.003,0.553,8.323,39.418
7215,4.687,2.443,17.802,0.135,0.196,0.805,0.544,8.342,34.152
7216,4.993,1.934,22.613,0.135,0.196,0.002,0.514,8.285,38.675
7217,4.429,2.303,17.596,0.137,0.191,0.002,0.532,8.267,33.458
7218,4.635,2.063,17.580,0.140,0.199,0.002,0.514,8.262,33.386
7219,5.084,1.889,17.247,0.150,0.217,0.003,0.532,8.199,33.282
7220,4.262,1.910,18.597,0.141,0.193,0.002,0.518,8.535,34.157
7221,4.190,1.931,17.179,0.137,0.195,0.002,10.196,8.233,42.850
7222,4.733,1.555,17.609,0.133,0.196,0.002,0.529,8.228,32.975
7223,4.688,1.932,17.697,0.139,0.195,0.003,0.510,8.349,33.494
7224,5.505,1.826,19.092,0.136,0.192,0.002,0.510,8.462,35.706
7225,4.569,1.988,17.332,0.146,0.192,0.002,0.545,8.302,33.051
7226,4.306,1.591,17.456,0.138,0.185,0.002,0.508,8.307,32.489
7227,4.624,1.623,17.410,0.139,0.197,0.003,0.507,8.455,32.933
7228,4.829,1.515,17.466,0.142,0.197,0.002,0.506,8.259,32.886
7229,4.499,1.781,17.676,0.142,0.196,0.002,0.509,8.261,33.044
7230,4.612,1.724,17.497,0.142,0.202,0.003,0.476,8.298,32.917
7231,4.753,3.472,17.440,0.148,0.206,0.002,0.524,8.201,34.711
7232,4.333,1.534,20.307,0.136,0.194,0.002,0.500,8.302,35.290
7233,4.207,1.433,17.309,0.137,0.196,0.002,0.550,8.486,32.322
7234,4.261,1.463,17.342,0.135,0.192,0.002,0.502,8.379,32.262
7235,4.284,1.464,17.408,0.133,0.189,0.002,0.520,8.613,32.613
7236,5.270,1.507,17.637,0.134,0.194,0.002,0.527,8.325,33.581
7237,4.472,1.441,17.313,0.138,0.198,0.007,0.506,8.296,32.346
7238,4.671,1.476,17.461,0.136,0.198,0.002,0.497,8.325,32.740
7239,4.539,1.515,17.623,0.135,0.196,0.002,0.518,8.270,32.793
7240,5.930,1.707,17.799,0.138,0.200,0.002,0.513,8.322,34.586
7241,4.204,2.314,17.324,0.133,0.194,0.002,0.515,8.268,32.940
7242,4.595,1.462,17.779,0.135,0.197,0.002,0.521,8.569,33.255
7243,4.978,1.721,17.452,0.133,0.190,0.002,0.514,8.329,33.310
7244,5.962,1.715,17.965,0.142,0.199,0.002,0.512,8.515,34.990
7245,4.579,1.694,17.684,0.143,0.197,0.002,0.510,8.142,32.921
7246,4.326,1.472,17.588,0.142,0.199,0.002,0.511,8.218,32.415
7247,4.316,1.486,17.433,0.135,0.197,0.003,0.524,8.299,32.370
7248,4.326,1.508,17.465,0.136,0.194,0.002,0.485,8.431,32.524
7249,4.582,1.444,19.046,0.136,0.195,0.003,9.657,8.611,45.143
7250,4.614,1.438,17.563,0.133,0.194,0.002,0.502,8.264,32.708
7251,5.606,1.753,18.211,0.133,0.194,0.002,0.526,8.568,34.998
7252,6.750,1.508,18.214,0.135,0.194,0.003,0.552,8.477,35.834
7253,4.404,1.455,17.511,0.140,0.208,0.002,0.517,8.230,32.443
7254,4.791,1.510,17.698,0.136,0.195,0.002,0.510,8.350,33.192
7255,4.583,1.749,17.437,0.130,0.195,0.003,0.518,8.605,33.229
7256,4.215,1.491,18.488,0.135,0.198,0.002,0.526,8.641,33.694
7257,5.180,1.482,17.261,0.131,0.194,0.002,0.521,8.243,33.019
7258,4.589,3.564,17.360,0.133,0.195,0.002,0.526,8.219,34.594
7259,4.559,1.552,17.600,0.140,0.213,0.003,0.510,8.269,32.815
7260,4.233,1.469,17.768,0.131,0.197,0.002,0.522,8.645,32.976
7261,4.701,1.468,17.580,0.143,0.192,0.002,0.532,8.254,32.863
7262,4.284,1.471,17.789,0.136,0.196,0.002,0.504,8.321,32.699
7263,5.055,1.478,17.878,0.136,0.203,0.003,0.523,8.309,33.571
7264,4.927,1.736,18.653,0.137,0.201,0.002,0.507,8.871,35.015
7265,4.359,1.447,17.304,0.133,0.200,0.002,0.517,8.291,32.257
7266,4.661,1.429,17.386,0.136,0.201,0.002,0.500,8.214,32.519
7267,4.282,1.821,17.652,0.138,0.200,0.002,0.512,8.556,33.144
7268,5.399,1.486,18.655,0.134,0.199,0.002,0.515,8.429,34.811
7269,4.565,1.461,17.820,0.139,0.204,0.003,0.511,8.268,32.958
7270,4.763,1.510,17.545,0.141,0.193,0.003,0.512,8.316,32.977
7271,5.018,1.450,17.450,0.134,0.194,0.003,0.505,8.289,33.046
7272,4.300,1.481,18.520,0.139,0.189,0.002,0.536,8.296,33.469
7273,4.263,1.720,18.135,0.141,0.192,0.002,0.526,8.198,33.168
7274,4.635,1.419,17.390,0.142,0.189,0.002,0.479,8.409,32.658
7275,4.313,1.807,17.632,0.137,0.192,0.002,0.540,8.328,32.953
7276,4.682,1.975,19.115,0.139,0.189,0.002,0.500,8.315,34.913
7277,4.414,1.505,17.384,0.134,0.198,0.003,0.511,8.205,32.348
7278,4.627,1.498,17.706,0.136,0.198,0.002,0.517,8.274,32.941
7279,4.674,1.521,17.512,0.135,0.195,0.002,0.509,8.350,32.895
7280,4.362,1.564,32.039,0.137,0.198,0.002,0.550,8.232,47.079
7281,4.232,1.567,17.564,0.145,0.193,0.003,0.529,8.215,32.428
7282,4.798,1.445,17.310,0.133,0.191,0.002,0.506,8.370,32.759
7283,4.368,1.486,17.639,0.146,0.210,0.002,0.551,9.457,33.838
7284,6.779,1.649,24.509,0.137,0.197,0.003,0.693,9.142,43.142
7285,4.623,1.595,22.485,0.137,0.190,0.003,0.597,8.428,38.085
7286,5.730,2.365,18.811,0.141,0.188,0.002,0.555,8.415,36.211
7287,4.371,1.827,21.923,0.142,0.198,0.002,0.540,8.561,37.557
7288,4.753,1.943,26.913,0.137,0.193,0.002,0.565,8.376,42.886
7289,5.943,1.734,23.115,0.141,0.192,0.004,0.546,8.371,40.042
7290,4.519,1.492,18.195,0.144,0.195,0.002,0.513,8.364,33.410
7291,4.602,1.813,18.632,0.139,0.192,0.002,0.544,8.610,34.534
7292,4.980,1.496,25.147,0.136,0.194,0.002,0.546,8.659,41.171
7293,4.571,1.686,17.640,0.145,0.209,0.003,0.501,8.283,33.003
7294,4.219,1.398,17.214,0.135,0.195,0.002,0.497,8.174,31.823
7295,4.182,1.755,17.477,0.136,0.190,0.002,0.520,8.207,32.467
7296,4.897,3.619,19.380,0.138,0.193,0.002,0.548,8.220,36.990
7297,4.524,1.496,17.462,0.133,0.196,1.166,0.526,8.333,32.686
7298,4.640,1.594,17.232,0.135,0.191,0.002,0.505,8.484,32.780
7299,4.827,1.443,16.987,0.141,0.190,0.002,0.520,8.228,32.320
7300,4.156,1.698,18.680,0.136,0.201,0.002,0.507,8.175,33.536
7301,4.168,1.438,17.215,0.134,0.192,0.002,0.498,8.237,31.877
7302,4.624,1.634,17.774,0.133,0.191,0.002,0.520,8.302,33.176
7303,4.585,1.476,17.432,0.140,0.206,0.803,0.529,8.571,32.931
7304,5.125,1.494,17.464,0.135,0.193,0.002,0.502,8.367,33.280
7305,4.196,1.469,17.308,0.135,0.196,0.003,0.501,8.180,31.971
7306,4.437,4.307,17.238,0.138,0.193,0.003,0.500,8.495,35.298
7307,4.468,1.936,17.721,0.140,0.196,0.002,0.515,8.554,33.517
7308,4.704,1.704,17.669,0.138,0.192,0.002,0.524,8.262,33.190
7309,4.994,1.434,17.627,0.132,0.189,0.002,0.505,8.249,33.143
7310,4.659,1.445,17.480,0.137,0.195,0.002,0.525,9.390,33.832
7311,4.300,2.129,18.147,0.133,0.201,0.003,0.515,8.310,33.731
7312,4.887,1.524,20.000,0.137,0.193,0.002,0.519,8.367,35.632
7313,4.163,1.463,17.226,0.133,0.188,0.002,0.517,8.233,31.926
7314,4.615,1.690,17.752,0.139,0.194,0.003,0.563,8.236,33.191
7315,4.870,1.494,17.325,0.136,0.190,0.002,0.508,8.275,32.803
7316,4.513,1.489,24.208,0.137,0.194,0.003,0.503,8.220,39.244
7317,5.300,1.445,17.182,0.133,0.193,0.003,0.513,8.179,32.945
7318,4.621,1.443,17.556,0.134,0.199,0.002,0.522,8.562,33.032
7319,4.315,2.850,17.751,0.135,0.191,0.003,0.514,8.275,34.034
7320,4.693,1.491,18.472,0.157,0.189,0.003,0.517,8.350,33.858
7321,4.286,1.462,17.275,0.134,0.192,0.002,0.507,8.249,32.106
7322,4.624,1.692,17.726,0.139,0.195,0.003,0.547,8.267,33.184
7323,4.336,1.897,17.268,0.137,0.195,0.003,0.520,8.345,32.693
7324,4.291,1.504,19.117,0.137,0.175,0.761,0.532,8.341,34.113
7325,4.546,1.459,17.493,0.134,0.196,1.355,0.543,8.317,32.705
7326,4.755,1.438,17.423,0.136,0.189,0.002,0.512,8.495,32.948
7327,4.993,1.462,17.414,0.149,0.202,0.003,0.522,8.260,32.983
7328,6.099,1.485,18.377,0.152,0.196,0.003,0.506,8.322,35.116
7329,4.255,1.445,17.594,0.143,0.196,0.003,0.517,8.595,32.728
7330,4.651,1.461,17.622,0.145,0.188,0.003,0.505,8.242,32.799
7331,4.342,1.965,17.944,0.146,0.187,0.002,0.519,8.274,33.381
7332,4.339,1.541,18.026,0.135,0.190,0.002,0.520,8.331,33.078
7333,4.158,1.588,17.352,0.140,0.194,0.002,0.502,8.188,32.109
7334,4.684,1.414,17.490,0.135,0.194,0.003,0.526,8.467,32.907
7335,4.504,1.470,17.365,0.141,0.194,0.002,0.529,8.362,32.552
7336,5.107,2.002,23.095,0.135,0.192,0.002,0.601,8.529,39.690
7337,5.866,2.204,19.743,0.141,0.202,0.002,0.568,8.415,37.131
7338,4.779,1.471,17.376,0.141,0.191,0.003,0.514,8.243,32.719
7339,5.225,1.810,17.477,0.134,0.189,0.003,0.517,8.322,33.686
7340,4.718,1.520,17.460,0.136,0.191,0.002,0.549,8.404,32.982
7341,4.618,1.806,17.653,0.132,0.197,0.003,0.518,8.245,33.164
7342,4.635,1.423,17.249,0.131,0.187,0.003,0.494,8.291,32.415
7343,4.392,1.782,17.442,0.132,0.189,0.002,0.523,8.585,33.060
7344,4.531,1.501,23.006,0.132,0.191,0.002,0.504,8.124,37.997
7345,4.270,1.632,17.529,0.130,0.187,0.002,0.523,8.274,32.565
7346,4.724,1.472,17.358,0.139,0.192,0.002,0.529,8.545,32.968
7347,4.314,1.713,17.366,0.137,0.191,0.002,0.513,8.248,32.492
7348,4.972,1.596,17.557,0.134,0.190,0.002,0.521,8.245,33.911
7349,4.695,1.685,17.619,0.137,0.193,0.002,0.527,8.321,33.138
7350,4.601,1.581,17.462,0.134,0.188,0.003,0.501,8.228,32.666
7351,4.550,2.363,17.892,0.133,0.190,0.002,0.522,8.236,33.862
7352,4.365,1.925,19.615,0.137,0.186,0.003,0.496,8.362,35.054
7353,4.169,1.613,17.487,0.130,0.189,0.002,0.524,8.340,32.428
7354,4.645,1.643,17.635,0.134,0.192,0.003,0.497,8.365,33.088
7355,4.413,2.017,17.658,0.132,0.190,0.002,0.506,8.261,33.992
7356,5.083,1.544,19.358,0.135,0.188,0.002,0.532,8.186,35.036
7357,4.201,1.503,17.572,0.131,0.195,0.002,0.506,8.317,32.430
7358,4.762,1.439,17.629,0.136,0.193,0.002,0.549,8.586,33.307
7359,4.737,1.453,17.410,0.135,0.192,0.002,0.553,8.344,32.868
7360,4.538,1.505,18.604,0.139,0.197,0.002,0.524,8.395,33.902
7361,4.171,1.442,17.376,0.135,0.193,0.002,0.512,8.210,32.045
7362,4.704,1.714,17.828,0.132,0.189,0.002,0.503,8.318,33.400
7363,4.296,3.013,17.621,0.131,0.203,0.003,0.540,8.276,34.083
7364,4.580,1.453,17.734,0.134,0.192,0.003,0.503,8.255,32.856
7365,4.188,1.443,17.633,0.130,0.188,0.002,0.537,8.508,32.651
7366,4.563,1.435,17.656,0.128,0.196,0.002,0.528,8.613,33.121
7367,4.740,1.856,18.122,0.135,0.193,0.003,0.525,8.334,33.918
7368,5.151,1.711,17.799,0.127,0.189,0.002,0.514,8.453,33.971
7369,4.922,1.665,18.185,0.130,0.191,0.002,0.535,8.340,33.988
7370,4.603,1.610,17.579,0.128,0.190,0.003,0.532,8.549,33.220
7371,5.215,2.002,17.461,0.130,0.194,0.002,0.513,8.238,33.786
7372,4.640,1.528,19.281,0.129,0.198,0.002,0.524,8.268,34.574
7373,4.212,1.706,17.619,0.138,0.202,0.002,0.533,8.242,32.647
7374,4.546,1.493,17.405,0.133,0.199,0.003,0.527,8.385,32.688
7375,4.528,2.344,17.472,0.135,0.198,0.002,0.520,8.285,33.477
7376,4.311,1.479,19.594,0.130,0.195,0.003,0.519,8.290,34.526
7377,4.565,1.693,17.961,0.129,0.200,0.002,0.516,8.237,33.314
7378,4.656,1.477,17.424,0.130,0.194,0.002,0.529,8.327,32.751
7379,4.250,1.660,17.563,0.137,0.187,0.002,0.520,8.319,32.647
7380,4.185,1.482,17.464,0.131,0.185,0.002,0.509,8.433,32.414
7381,4.647,1.491,17.586,0.130,0.186,0.002,0.516,8.242,32.812
7382,4.639,1.477,17.517,0.132,0.189,0.004,0.524,8.206,32.697
7383,4.422,4.170,17.502,0.133,0.188,0.002,0.527,8.295,35.242
7384,4.357,1.523,18.959,0.134,0.185,0.002,0.532,8.364,34.080
7385,4.186,1.462,17.420,0.132,0.190,0.003,0.521,8.202,32.134
7386,4.591,1.498,18.334,0.129,0.190,0.002,0.490,8.352,33.609
7387,4.731,1.486,17.500,0.131,0.193,0.002,0.531,8.258,32.842
7388,4.276,1.482,17.476,0.132,0.186,0.002,0.510,8.656,32.733
7389,6.096,1.478,17.587,0.130,0.190,0.002,0.524,8.329,34.348
7390,4.620,1.711,18.091,0.131,0.191,0.002,0.510,8.283,33.545
7391,4.334,1.541,18.074,0.132,0.189,0.003,0.500,8.341,33.122
7392,4.305,1.836,20.985,0.127,0.193,0.002,0.516,8.313,36.288
7393,5.074,1.477,17.421,0.127,0.188,0.002,0.539,8.352,33.215
7394,4.611,1.941,17.372,0.131,0.195,0.002,0.515,8.662,33.435
7395,4.646,1.767,17.333,0.141,0.209,0.003,0.502,8.382,32.959
7396,4.892,1.508,17.647,0.129,0.182,0.003,0.505,8.653,33.541
7397,5.525,1.625,17.217,0.132,0.189,0.002,0.500,8.443,33.639
7398,4.944,1.563,17.358,0.131,0.193,0.002,0.524,8.321,33.041
7399,5.027,1.485,17.386,0.134,0.196,0.003,0.535,8.522,33.312
7400,4.662,1.503,18.993,0.131,0.191,0.002,0.496,8.598,34.584
7401,4.356,1.614,17.473,0.135,0.188,0.002,0.512,8.274,32.568
7402,4.379,1.593,17.355,0.134,0.193,0.002,0.516,8.280,32.459
7403,6.142,2.780,17.416,0.134,0.189,0.003,0.516,8.448,35.646
7404,5.006,1.748,20.002,0.130,0.192,0.002,0.536,8.888,36.521
7405,4.567,1.700,17.684,0.131,0.189,0.002,0.514,8.241,33.042
7406,4.717,1.466,17.645,0.136,0.188,0.002,0.521,8.266,32.954
7407,4.307,2.211,17.684,0.132,0.192,0.003,0.523,8.251,33.317
7408,4.333,1.720,18.234,0.135,0.188,0.002,0.522,8.270,33.413
7409,4.172,1.448,17.256,0.133,0.185,0.002,0.508,8.229,31.960
7410,4.612,1.473,17.455,0.138,0.185,0.003,0.529,8.269,32.676
7411,4.315,3.025,17.859,0.138,0.189,0.003,0.513,8.330,34.373
7412,4.293,1.927,18.907,0.138,0.200,0.002,0.524,8.497,34.480
7413,4.151,1.886,17.233,0.134,0.200,0.002,0.516,8.215,32.337
7414,4.724,1.882,17.424,0.137,0.194,0.003,0.524,9.128,34.015
7415,4.312,1.669,17.443,0.142,0.195,0.002,0.514,8.541,32.812
7416,4.569,1.596,18.790,0.135,0.191,0.003,0.512,8.262,34.059
7417,4.291,1.578,17.365,0.138,0.198,0.003,0.509,8.547,32.625
7418,4.627,1.583,17.506,0.144,0.196,0.002,0.505,8.334,32.892
7419,4.776,1.878,17.365,0.136,0.193,0.002,0.500,8.337,33.188
7420,4.380,1.654,17.866,0.143,0.210,0.003,0.523,8.648,33.409
7421,4.839,1.743,17.195,0.137,0.193,0.002,0.514,8.262,32.895
7422,4.626,1.600,17.274,0.137,0.193,0.003,0.504,8.552,32.883
7423,5.414,2.228,17.769,0.137,0.188,0.003,0.553,8.345,34.669
7424,4.518,1.671,17.886,0.150,0.199,0.002,0.505,8.391,33.310
7425,4.340,1.628,18.125,0.137,0.196,0.003,0.519,8.227,33.170
7426,4.323,1.793,17.628,0.169,0.205,0.005,0.527,8.213,32.815
7427,4.153,1.606,17.655,0.147,0.190,0.002,0.498,8.381,32.636
7428,4.856,1.621,18.002,0.146,0.194,0.003,0.513,8.478,33.803
7429,4.788,1.604,18.552,0.139,0.193,0.002,0.521,8.297,34.101
7430,4.713,1.598,17.500,0.137,0.191,0.002,0.525,8.298,32.976
7431,4.353,1.657,17.570,0.138,0.192,0.002,0.511,8.541,32.967
7432,4.927,1.898,18.584,0.142,0.195,0.002,0.501,8.311,34.552
7433,5.172,1.619,17.566,0.143,0.203,0.003,0.520,8.235,33.469
7434,4.695,1.590,17.384,0.143,0.188,0.002,0.517,8.286,32.805
7435,4.801,1.673,17.266,0.137,0.186,0.002,0.508,8.547,33.124
7436,4.565,1.865,26.113,0.136,0.191,0.002,0.531,8.360,41.768
7437,4.171,1.628,17.970,0.135,0.192,0.002,9.281,8.222,42.767
7438,4.631,1.901,17.808,0.140,0.192,0.002,0.503,8.268,33.441
7439,4.611,1.725,18.623,0.142,0.191,0.002,0.515,8.310,34.118
7440,4.003,1.466,17.433,0.132,0.197,0.002,0.510,8.324,32.077
7441,5.024,1.582,18.208,0.144,0.200,0.002,0.515,8.394,34.053
7442,4.954,1.826,17.887,0.142,0.197,0.003,0.504,8.354,33.852
7443,4.313,2.597,17.439,0.132,0.190,0.002,10.047,8.282,43.828
7444,4.551,1.510,18.466,0.138,0.190,0.002,0.495,8.207,33.560
7445,4.169,1.732,17.694,0.134,0.193,0.002,0.512,8.215,32.657
7446,4.588,1.449,17.321,0.146,0.202,0.003,0.518,8.487,32.697
7447,4.381,1.508,17.809,0.139,0.209,0.002,0.523,8.270,32.830
7448,5.382,1.517,17.472,0.133,0.197,0.002,0.530,8.482,33.716
7449,4.698,1.691,17.599,0.140,0.197,0.002,0.506,8.313,33.132
7450,4.627,1.426,17.544,0.136,0.190,0.002,0.504,8.506,32.944
7451,4.871,1.740,17.521,0.140,0.192,0.002,0.508,8.243,33.220
7452,6.134,1.751,17.596,0.147,0.196,0.002,0.506,8.342,34.661
7453,4.326,1.485,17.341,0.134,0.190,0.002,0.508,8.219,32.205
7454,4.645,1.449,17.589,0.136,0.192,0.002,0.518,8.253,32.790
7455,4.800,1.719,17.493,0.134,0.193,0.002,0.513,8.266,33.120
7456,4.292,1.467,17.360,0.134,0.191,0.002,0.516,8.759,32.728
7457,4.608,1.521,17.502,0.133,0.192,0.002,0.512,8.178,32.651
7458,4.598,1.915,17.600,0.135,0.193,0.002,0.506,8.388,33.342
7459,5.194,1.705,17.280,0.132,0.189,0.002,0.502,8.270,33.281
7460,4.480,1.736,17.797,0.139,0.196,0.240,0.502,8.563,33.445
7461,4.624,1.464,17.310,0.139,0.199,0.002,0.513,8.295,32.534
7462,4.609,1.470,17.842,0.137,0.192,0.002,0.518,7.653,32.429
7463,4.972,2.444,17.458,0.134,0.194,0.002,0.514,8.247,33.971
7464,4.257,1.483,19.356,0.136,0.195,0.002,9.337,8.179,43.686
7465,4.558,1.720,17.501,0.136,0.190,0.002,8.736,8.314,42.515
7466,4.505,1.436,17.977,0.140,0.194,0.002,0.540,8.325,33.112
7467,4.538,1.769,18.542,0.133,0.188,0.002,0.553,8.406,34.167
7468,5.654,1.587,21.983,0.139,0.191,0.002,0.547,8.344,38.467
7469,4.276,1.501,17.814,0.134,0.194,0.002,0.546,8.279,32.759
7470,4.641,1.494,18.820,0.136,0.191,0.002,0.538,8.282,34.111
7471,5.065,1.493,17.472,0.132,0.191,0.002,0.523,8.353,33.242
7472,4.287,1.481,18.598,0.136,0.188,0.002,0.494,8.405,33.594
7473,4.205,1.515,17.331,0.141,0.193,0.003,0.544,8.327,32.259
7474,4.626,1.954,17.560,0.142,0.204,0.003,0.519,8.255,33.246
7475,5.200,1.485,18.052,0.132,0.189,0.002,0.576,8.290,33.940
7476,4.987,1.511,17.879,0.135,0.193,0.002,0.533,8.548,33.788
7477,4.832,1.675,17.862,0.137,0.191,0.002,0.534,8.286,33.536
7478,4.642,1.457,17.342,0.142,0.192,0.002,0.558,8.620,32.954
7479,4.611,1.728,18.254,0.134,0.192,0.003,0.508,8.267,33.695
7480,4.442,1.522,17.855,0.132,0.186,0.002,0.520,8.597,33.266
7481,4.581,1.451,17.448,0.134,0.189,0.002,0.527,8.246,32.585
7482,4.715,1.453,17.356,0.134,0.189,0.002,0.499,8.640,32.985
7483,5.498,1.793,17.552,0.134,0.191,0.003,0.547,8.330,34.044
7484,4.585,1.542,18.694,0.134,0.192,0.002,0.518,8.352,34.017
7485,4.186,1.463,17.201,0.135,0.190,0.002,0.484,8.331,31.985
7486,4.262,1.441,17.394,0.134,0.185,0.003,0.524,8.279,32.235
7487,4.355,1.483,17.569,0.134,0.183,0.002,0.517,8.550,32.805
7488,4.818,1.694,17.901,0.137,0.187,0.002,0.508,8.271,33.518
7489,4.786,1.506,17.472,0.133,0.186,0.002,0.523,8.527,33.148
7490,4.455,1.476,17.798,0.136,0.184,0.002,0.516,8.204,32.776
7491,5.388,1.665,17.233,0.132,0.185,0.003,0.525,8.360,33.497
7492,5.542,2.780,27.429,0.131,0.183,0.002,0.532,8.408,45.016
7493,4.121,1.733,17.253,0.132,0.187,0.003,0.509,8.232,32.172
7494,4.955,1.458,17.468,0.137,0.190,0.003,0.530,9.294,34.034
7495,5.303,1.987,18.171,0.136,0.193,0.002,0.504,8.238,34.529
7496,4.290,1.455,23.818,0.137,0.193,0.002,0.518,7.510,37.918
7497,4.157,1.580,17.260,0.136,0.193,0.002,0.535,8.207,32.067
7498,4.618,1.692,17.383,0.138,0.190,0.003,0.520,9.607,34.152
7499,4.305,1.708,17.617,0.137,0.188,0.002,0.520,8.337,32.816
7500,4.373,1.802,17.758,0.136,0.189,0.002,0.533,8.373,33.178
7501,4.274,1.466,17.762,0.133,0.191,0.002,0.530,8.234,32.596
7502,4.639,1.469,17.467,0.133,0.192,0.002,0.509,8.343,32.752
7503,5.286,1.954,17.409,0.134,0.187,0.003,0.524,8.263,33.773
7504,4.990,1.737,18.770,0.134,0.190,0.002,0.531,8.229,34.587
7505,4.161,1.598,17.244,0.137,0.188,0.002,0.527,8.218,32.069
7506,4.665,1.642,17.392,0.139,0.187,0.002,0.514,8.494,33.035
7507,4.477,1.796,17.313,0.133,0.191,0.003,0.508,8.300,32.727
7508,4.804,1.477,22.175,0.133,0.190,0.003,0.521,8.295,37.590
7509,4.253,1.468,17.556,0.135,0.190,0.002,0.542,8.303,32.447
7510,4.607,1.637,17.359,0.134,0.189,0.003,0.506,8.237,32.667
7511,4.548,1.503,17.342,0.131,0.185,0.002,0.513,8.220,32.453
7512,5.295,1.759,22.490,0.132,0.191,0.002,0.508,8.243,38.625
7513,4.387,1.489,17.548,0.143,0.192,0.002,0.529,8.287,32.583
7514,4.788,1.461,17.491,0.133,0.191,0.002,0.527,8.264,32.867
7515,4.455,1.528,17.294,0.132,0.189,0.003,0.517,8.308,32.438
7516,4.513,1.511,23.200,0.140,0.196,0.003,0.528,8.256,38.337
7517,4.185,1.489,17.539,0.134,0.191,0.002,0.519,8.265,32.329
7518,4.578,1.445,17.630,0.137,0.192,0.002,0.500,8.395,32.874
7519,5.016,1.967,17.757,0.135,0.189,0.002,0.511,8.222,33.799
7520,4.998,1.699,23.569,0.136,0.189,0.003,0.517,8.167,39.270
7521,4.632,1.456,17.549,0.136,0.189,0.002,0.526,8.197,32.680
7522,4.600,1.499,17.513,0.136,0.189,0.002,0.523,8.493,32.953
7523,4.601,1.778,17.432,0.137,0.189,0.002,0.513,8.309,32.958
7524,4.978,1.749,18.921,0.133,0.192,0.002,0.530,8.414,34.915
7525,4.182,1.463,17.433,0.134,0.189,0.002,0.517,8.284,32.205
7526,4.668,1.490,17.444,0.137,0.191,0.003,0.510,8.280,32.714
7527,5.228,1.446,17.356,0.134,0.188,0.002,0.510,8.400,33.267
7528,4.225,1.495,18.169,0.132,0.197,0.002,0.533,8.329,33.072
7529,4.223,1.455,17.498,0.139,0.188,0.002,0.511,8.224,32.234
7530,4.620,1.467,17.665,0.135,0.188,0.003,0.529,8.467,33.072
7531,4.402,1.813,17.291,0.139,0.192,0.002,0.501,8.416,32.748
7532,4.572,1.744,19.617,0.135,0.190,0.002,0.497,8.274,35.029
7533,4.319,1.637,17.482,0.134,0.187,0.002,0.502,8.202,32.459
7534,4.552,1.450,17.210,0.136,0.186,0.002,0.530,8.227,32.298
7535,4.591,1.474,17.331,0.134,0.189,0.002,0.542,8.443,32.735
7536,4.547,1.477,23.213,0.132,0.186,0.002,0.508,8.218,38.278
7537,4.189,1.434,17.427,0.133,0.190,0.002,0.520,8.218,32.111
7538,4.590,1.434,17.443,0.134,0.189,0.002,0.511,8.223,32.528
7539,4.595,1.633,17.493,0.133,0.188,0.002,0.537,8.357,32.947
7540,4.529,1.542,17.367,0.136,0.191,0.003,0.509,8.196,32.468
7541,4.496,1.462,18.310,0.135,0.191,0.003,0.521,8.215,33.330
7542,5.033,1.469,17.916,0.135,0.191,0.002,0.514,8.330,33.593
7543,4.432,1.894,17.686,0.134,0.193,0.002,0.513,8.331,33.182
7544,4.629,22.499,16.860,0.135,0.191,0.002,0.503,8.257,53.073
7545,4.283,1.524,16.968,0.136,0.193,0.003,0.506,8.249,31.853
7546,4.132,1.482,17.975,0.137,0.189,0.002,0.509,8.475,32.900
7547,4.552,1.607,17.195,0.132,0.189,0.003,0.517,8.174,32.373
7548,4.528,1.439,21.640,0.133,0.189,0.002,0.547,8.164,36.645
7549,4.688,1.427,17.347,0.134,0.189,0.003,0.508,8.294,32.585
7550,4.174,1.667,17.489,0.134,0.189,0.002,0.512,8.507,32.675
7551,4.302,1.536,17.175,0.132,0.188,0.002,0.514,8.269,32.126
7552,7.356,1.450,17.621,0.132,0.190,0.003,0.522,8.880,36.169
7553,4.287,1.609,17.797,0.137,0.192,0.002,0.532,8.275,32.838
7554,4.914,1.768,19.654,0.139,0.191,0.002,0.528,8.477,35.676
7555,4.150,1.466,17.244,0.135,0.191,0.002,0.513,8.253,31.967
7556,4.671,2.341,18.090,0.164,0.212,0.003,0.531,8.348,34.310
7557,4.783,3.751,17.808,0.136,0.193,0.002,0.526,8.506,35.714
7558,4.795,1.560,18.172,0.141,0.191,0.003,0.570,8.259,33.699
7559,4.952,1.426,17.229,0.137,0.191,0.002,0.516,8.239,32.694
7560,4.140,1.844,17.399,0.135,0.194,0.002,0.541,8.557,32.839
7561,4.571,1.538,18.217,0.138,0.190,0.003,0.511,8.232,33.402
7562,5.024,1.537,18.184,0.137,0.189,0.002,0.513,8.346,33.937
7563,4.295,1.545,17.421,0.133,0.196,0.002,0.538,8.269,32.397
7564,4.578,1.503,19.833,0.132,0.191,0.002,0.564,8.383,35.213
7565,4.570,1.760,17.680,0.134,0.192,0.002,0.518,8.277,33.140
7566,5.011,1.478,20.086,0.137,0.190,0.002,0.703,8.420,36.080
7567,4.406,1.823,19.530,0.136,0.188,0.003,0.548,8.570,35.218
7568,4.338,1.990,17.907,0.134,0.195,0.002,0.545,8.279,33.402
7569,4.279,1.516,17.970,0.136,0.193,0.002,0.535,8.408,33.043
7570,4.396,1.497,17.849,0.142,0.195,0.003,0.535,8.412,33.021
7571,4.292,1.599,17.762,0.135,0.192,0.002,0.528,8.276,32.790
7572,4.716,1.596,24.334,0.146,0.195,0.003,0.538,8.578,40.102
7573,5.599,1.738,18.074,0.137,0.190,0.003,0.595,8.437,34.793
7574,5.032,1.500,17.777,0.132,0.184,0.002,0.530,8.363,33.536
7575,5.085,1.585,17.228,0.132,0.188,0.003,0.538,8.266,33.029
7576,4.607,1.665,17.162,0.135,0.194,0.002,0.507,8.216,32.488
7577,4.343,1.748,17.346,0.134,0.193,0.002,0.507,8.325,32.600
7578,4.321,1.533,17.364,0.132,0.183,0.002,0.530,8.586,32.669
7579,4.563,1.561,17.223,0.132,0.191,0.002,0.527,8.281,32.491
7580,4.878,1.442,17.669,0.139,0.196,0.003,0.527,8.227,33.076
7581,4.279,1.665,19.107,0.138,0.192,0.002,0.523,8.319,34.241
7582,5.005,1.521,18.878,0.135,0.191,0.002,0.520,8.315,34.583
7583,4.574,1.731,17.515,0.138,0.192,0.003,0.495,8.259,32.899
7584,4.533,1.437,17.414,0.134,0.192,0.002,0.521,8.208,32.444
7585,4.301,1.919,17.925,0.140,0.191,0.002,0.518,8.257,33.250
7586,4.580,2.073,18.333,0.138,0.201,0.002,0.535,8.345,34.217
7587,4.171,1.427,17.613,0.138,0.195,0.003,0.538,8.294,32.395
7588,4.557,1.427,17.680,0.136,0.188,0.002,0.511,8.571,33.080
7589,4.239,1.486,17.293,0.138,0.189,0.002,0.503,8.344,32.205
7590,4.790,1.528,17.386,0.134,0.189,0.002,0.517,8.378,32.927
7591,4.283,1.399,17.213,0.136,0.192,0.003,0.498,8.181,31.909
7592,4.382,1.442,17.600,0.136,0.190,0.002,0.544,8.236,32.551
7593,4.407,1.729,17.519,0.134,0.191,0.002,0.518,8.230,32.730
7594,4.638,1.494,17.727,0.130,0.186,0.002,0.515,8.286,32.992
7595,4.704,1.371,17.132,0.140,0.193,0.002,0.512,8.171,32.219
7596,4.352,1.428,17.765,0.141,0.194,0.002,0.503,8.427,32.804
7597,4.314,1.788,17.437,0.144,0.199,0.003,0.520,8.195,32.582
7598,4.996,1.465,17.717,0.136,0.190,0.002,0.514,8.359,33.384
7599,4.190,1.625,17.124,0.134,0.187,0.002,0.485,8.216,31.963
7600,4.740,1.645,17.496,0.141,0.204,0.002,0.531,8.341,33.331
7601,5.181,1.735,17.662,0.133,0.188,0.003,0.535,8.516,33.970
7602,4.827,1.688,17.699,0.140,0.195,0.002,0.512,8.370,33.427
7603,4.151,1.593,17.168,0.140,0.187,0.002,0.524,8.217,31.982
7604,4.553,1.509,17.270,0.139,0.195,0.003,0.494,8.225,32.385
7605,4.810,2.017,17.516,0.136,0.192,0.002,0.520,8.257,33.448
7606,5.033,1.505,17.475,0.141,0.196,0.002,0.514,8.214,33.079
7607,4.316,1.598,17.133,0.137,0.194,0.002,0.480,8.236,32.088
7608,4.215,1.458,17.155,0.137,0.188,0.002,0.526,7.541,31.227
7609,4.593,1.492,18.109,0.135,0.188,0.002,0.520,8.223,33.268
7610,4.285,1.500,17.372,0.137,0.193,0.002,0.508,8.358,32.353
7611,4.966,1.501,17.470,0.143,0.197,0.002,0.497,8.748,33.507
7612,4.285,1.475,19.986,0.135,0.194,0.002,0.499,9.009,35.583
7613,4.290,1.465,18.069,0.149,0.197,0.003,0.523,8.241,32.924
7614,4.268,1.498,17.469,0.139,0.191,0.002,0.551,8.554,32.691
7615,4.801,1.501,17.154,0.132,0.194,0.002,0.508,8.208,32.496
7616,4.571,1.647,17.195,0.136,0.192,0.003,0.508,8.431,32.683
7617,4.889,1.645,17.350,0.136,0.199,0.002,0.501,8.302,33.017
7618,4.565,1.486,18.105,0.135,0.202,0.002,0.520,8.243,33.256
7619,4.271,1.419,17.163,0.135,0.196,0.002,0.511,8.221,31.915
7620,4.091,1.409,17.246,0.136,0.193,0.002,0.489,8.296,31.852
7621,4.258,1.499,17.808,0.132,0.201,0.002,0.524,8.324,32.738
7622,4.284,1.766,17.744,0.135,0.205,0.002,0.516,8.355,32.992
7623,5.461,1.388,17.120,0.136,0.198,0.002,0.497,8.181,32.976
7624,4.195,1.475,17.430,0.139,0.198,0.003,0.508,8.193,32.130
7625,4.471,1.473,17.542,0.136,0.208,0.002,0.510,8.217,32.541
7626,4.672,1.522,17.585,0.137,0.191,0.002,0.494,8.342,32.937
7627,4.160,1.408,17.349,0.137,0.195,0.002,0.517,8.427,32.180
7628,5.183,1.444,17.293,0.134,0.196,0.002,0.517,8.231,32.997
7629,4.477,1.731,17.206,0.134,0.199,0.002,0.515,8.525,32.777
7630,4.510,1.523,17.537,0.137,0.197,0.002,0.509,8.226,32.628
7631,4.183,1.457,17.185,0.137,0.198,0.003,0.517,8.198,31.861
7632,4.276,1.447,17.440,0.134,0.196,0.002,0.479,8.213,32.174
7633,4.308,2.089,17.829,0.137,0.199,0.002,0.513,8.192,33.254
7634,4.649,1.749,17.678,0.136,0.198,0.002,0.519,8.217,33.142
7635,4.341,1.609,17.392,0.140,0.182,0.958,0.519,8.216,32.410
7636,4.717,1.589,18.204,0.138,0.177,0.003,0.526,8.232,33.602
7637,4.230,1.638,17.578,0.134,0.178,0.002,0.512,8.215,32.505
7638,4.329,1.531,17.743,0.146,0.180,0.003,0.515,8.207,32.658
7639,4.182,1.404,17.275,0.135,0.166,0.692,0.507,8.433,32.129
7640,4.529,1.466,17.304,0.137,0.164,0.002,0.506,8.391,32.523
7641,4.224,1.708,17.419,0.135,0.160,0.002,0.513,8.313,32.506
7642,4.591,1.882,17.871,0.137,0.153,0.002,0.496,8.262,33.430
7643,4.194,1.415,17.212,0.136,0.160,0.002,0.497,8.220,31.864
7644,4.299,1.433,17.573,0.139,0.151,0.002,0.503,8.193,32.327
7645,4.235,1.480,17.587,0.137,0.165,0.002,0.521,8.262,32.416
7646,4.997,1.881,17.889,0.147,0.192,2.057,0.517,8.284,33.897
7647,4.241,1.383,17.174,0.142,0.196,0.003,0.503,8.164,31.792
7648,4.754,1.598,17.653,0.139,0.202,0.003,0.512,8.246,33.091
7649,4.215,1.530,17.796,0.138,0.191,0.002,0.504,8.322,32.694
7650,4.324,1.697,17.603,0.141,0.192,0.002,0.504,8.222,32.677
7651,4.381,1.448,17.219,0.142,0.194,0.003,0.481,8.224,32.073
7652,4.394,1.644,17.642,0.138,0.194,0.002,0.516,8.213,32.735
7653,4.281,1.850,17.467,0.138,0.188,0.002,0.528,8.304,32.769
7654,4.315,1.521,17.734,0.138,0.192,0.002,0.510,8.247,32.655
7655,4.159,1.387,17.338,0.139,0.192,0.003,0.506,8.171,31.885
7656,4.780,1.425,18.528,0.140,0.202,0.002,0.529,8.231,33.833
7657,4.250,1.546,17.447,0.138,0.199,0.003,0.521,8.325,32.419
7658,4.360,1.513,18.575,0.140,0.198,0.003,0.525,8.383,33.688
7659,4.158,1.400,17.146,0.137,0.195,0.008,0.498,8.210,31.739
7660,4.266,1.462,17.283,0.139,0.194,0.002,0.515,8.209,32.064
7661,4.303,1.994,17.463,0.138,0.192,0.002,0.509,8.191,32.787
7662,4.613,1.499,17.403,0.136,0.194,0.003,0.505,8.185,32.533
7663,4.324,1.389,17.236,0.148,0.197,1.773,0.516,8.204,31.998
7664,4.540,1.443,17.704,0.150,0.185,0.002,0.500,8.488,33.004
7665,4.217,1.497,17.317,0.136,0.179,0.003,0.492,8.345,32.195
7666,4.221,1.458,17.262,0.140,0.177,0.003,0.512,8.289,32.073
7667,4.144,1.371,17.103,0.142,0.179,0.003,0.504,8.153,31.602
7668,4.796,1.440,17.577,0.139,0.181,0.002,0.499,8.218,32.863
7669,4.368,1.525,17.559,0.141,0.186,0.003,0.504,8.563,32.849
7670,4.229,1.444,18.036,0.139,0.185,0.003,0.507,8.483,33.026
7671,4.312,1.448,17.431,0.140,0.182,0.002,0.498,8.463,32.485
7672,6.960,1.631,17.861,0.141,0.173,0.002,0.493,8.713,35.987
7673,4.590,1.769,17.678,0.143,0.177,0.002,0.518,8.281,33.159
7674,4.959,1.692,17.906,0.139,0.178,0.002,0.504,8.155,33.540
7675,4.248,1.354,17.148,0.140,0.181,0.002,0.501,8.214,31.792
7676,4.541,1.447,17.218,0.141,0.181,0.002,0.508,8.212,32.246
7677,4.227,1.500,17.335,0.138,0.183,0.002,0.515,8.274,32.175
7678,4.275,1.505,17.629,0.138,0.187,0.002,0.502,8.294,32.532
7679,4.498,1.386,17.320,0.141,0.186,0.003,0.477,8.208,32.213
7680,4.050,1.924,17.214,0.143,0.184,0.003,0.526,8.237,32.282
7681,4.354,1.483,18.356,0.138,0.166,1.315,0.508,8.379,33.410
7682,4.292,1.542,17.812,0.136,0.164,0.002,0.504,8.409,32.888
7683,4.230,1.618,17.232,0.144,0.176,0.002,0.501,8.223,32.133
7684,4.530,1.431,17.493,0.137,0.165,0.003,0.520,8.204,32.506
7685,4.237,1.824,17.318,0.145,0.151,0.821,0.504,8.346,32.562
7686,4.760,1.558,17.904,0.136,0.150,0.002,0.507,8.591,33.649
7687,4.767,1.503,17.137,0.128,0.148,0.002,0.500,8.198,32.430
7688,4.519,1.549,17.274,0.131,0.145,0.002,0.502,8.710,32.880
7689,4.592,2.198,17.515,0.129,0.153,0.002,0.508,8.184,33.323
7690,4.795,1.708,17.351,0.142,0.157,0.005,0.520,8.427,33.126
7691,4.511,1.503,17.119,0.128,0.148,0.002,0.507,8.227,32.189
7692,5.141,1.505,17.418,0.130,0.146,0.002,0.495,8.394,33.279
7693,4.319,1.633,17.380,0.129,0.148,0.002,0.498,8.229,32.391
7694,4.583,1.499,18.110,0.132,0.148,0.002,0.518,8.214,33.256
7695,4.139,1.581,17.275,0.127,0.150,0.002,0.511,8.252,32.087
7696,4.582,1.723,92.943,0.135,0.150,0.002,0.590,14.678,114.896
7697,5.351,1.941,17.752,0.132,0.155,0.002,0.533,8.615,34.525
7698,4.352,1.646,18.176,0.129,0.149,0.002,0.518,8.445,33.473
7699,4.480,1.927,17.266,0.132,0.151,0.002,0.537,8.215,32.756
7700,4.616,1.991,18.287,0.132,0.146,0.002,0.515,8.279,34.019
7701,4.259,1.768,17.818,0.127,0.149,0.002,0.525,8.215,32.918
7702,4.342,1.635,23.200,0.133,0.151,0.002,0.508,8.457,38.471
7703,4.221,1.535,17.177,0.130,0.149,0.002,0.515,8.228,32.008
7704,4.574,1.567,17.544,0.137,0.164,0.002,0.492,8.227,32.729
7705,4.224,1.809,17.455,0.129,0.147,0.002,0.507,8.328,32.651
7706,5.233,1.851,17.605,0.128,0.150,0.002,0.531,8.255,33.806
7707,4.536,1.816,17.440,0.155,0.149,0.002,0.480,8.190,32.789
7708,4.230,1.705,17.592,0.128,0.149,0.002,0.503,8.593,32.956
7709,4.262,2.291,17.280,0.128,0.152,0.002,0.517,8.214,32.896
7710,5.028,1.856,18.158,0.128,0.144,1.830,0.533,8.368,34.283
7711,4.170,1.563,18.017,0.126,0.142,0.002,0.531,8.236,32.848
7712,4.621,1.942,20.309,0.137,0.175,0.672,0.536,8.304,36.056
7713,4.249,1.638,17.748,0.152,0.181,0.002,0.519,8.220,32.705
7714,5.130,1.643,21.234,0.134,0.159,1.226,0.498,8.168,36.991
7715,4.168,1.628,17.276,0.138,0.195,0.640,0.497,8.232,32.124
7716,4.537,1.589,21.849,0.137,0.191,0.002,0.516,8.374,37.196
7717,4.251,2.234,17.315,0.133,0.188,0.002,0.500,8.290,32.921
7718,4.218,1.558,16.770,0.137,0.194,0.003,0.490,8.173,31.527
7719,4.215,1.524,17.991,0.137,0.179,0.763,0.500,8.468,33.024
7720,4.620,1.827,18.108,0.143,0.173,0.002,0.520,8.556,33.970
7721,4.332,1.836,17.478,0.136,0.175,0.003,0.517,8.448,32.945
7722,4.606,1.585,17.440,0.133,0.179,0.002,0.515,8.218,32.692
7723,4.342,1.605,17.485,0.136,0.176,0.002,0.506,8.324,32.595
7724,4.979,1.754,18.490,0.137,0.170,0.002,0.515,8.351,34.419
7725,4.156,1.659,17.189,0.139,0.204,0.704,0.505,8.219,32.063
7726,4.317,1.469,17.298,0.137,0.199,0.002,0.522,8.237,32.185
7727,4.353,1.598,17.568,0.138,0.201,0.002,0.516,8.246,32.617
7728,5.032,1.920,17.990,0.134,0.193,0.002,0.517,8.555,34.342
7729,4.727,1.892,18.871,0.137,0.202,0.002,0.544,8.330,34.694
7730,4.533,1.676,17.662,0.133,0.203,0.002,0.503,8.227,32.927
7731,4.366,1.513,17.277,0.134,0.197,0.002,0.524,8.243,32.254
7732,4.792,1.457,23.336,0.139,0.168,0.736,0.493,8.122,38.530
7733,4.257,1.566,17.248,0.137,0.167,0.002,0.516,8.241,32.156
7734,4.721,1.439,17.324,0.137,0.169,0.002,0.493,8.245,32.541
7735,4.378,1.679,17.204,0.136,0.171,0.002,0.524,8.450,32.573
7736,4.371,2.122,18.327,0.133,0.170,0.002,0.511,8.239,33.908
7737,4.838,1.497,18.405,0.135,0.169,0.002,0.558,8.225,33.870
7738,4.606,1.861,17.477,0.133,0.173,0.003,0.523,8.289,33.086
7739,4.228,1.498,17.290,0.139,0.176,0.002,0.526,8.380,32.246
7740,4.150,1.655,20.401,0.135,0.175,0.714,0.531,8.450,35.535
7741,4.530,1.660,17.631,0.132,0.174,0.002,0.519,8.225,32.890
7742,4.549,1.887,17.217,0.133,0.175,0.003,0.529,8.228,32.748
7743,4.260,1.490,17.405,0.135,0.175,0.003,0.516,8.215,32.217
7744,4.712,1.710,17.971,0.136,0.181,0.003,0.522,8.451,33.703
7745,4.229,1.532,17.565,0.134,0.178,0.002,0.523,8.229,32.410
7746,4.652,1.443,18.142,0.138,0.177,0.003,0.516,8.286,33.379
7747,4.358,2.012,17.491,0.140,0.172,1.391,0.516,8.345,33.056
7748,4.893,1.703,19.982,0.136,0.170,0.002,0.513,8.187,35.607
7749,4.171,1.519,17.308,0.134,0.170,0.002,0.513,8.250,32.088
7750,4.570,1.482,17.353,0.131,0.170,0.002,0.512,8.232,32.483
7751,5.418,1.549,17.648,0.133,0.172,0.002,0.525,8.601,34.084
7752,4.800,1.504,17.394,0.133,0.171,0.002,0.514,8.318,32.863
7753,4.203,1.484,18.260,0.128,0.180,0.771,0.538,8.233,33.067
7754,4.205,1.585,17.483,0.130,0.181,0.003,0.520,8.283,32.410
7755,4.259,1.482,17.300,0.128,0.186,0.003,0.494,8.293,32.157
7756,5.192,1.515,21.433,0.130,0.188,0.002,0.507,8.225,37.204
7757,4.200,1.465,17.456,0.128,0.190,0.002,0.489,8.304,32.252
7758,4.607,1.451,17.466,0.128,0.193,0.002,0.504,8.285,32.655
7759,4.208,1.778,17.265,0.132,0.186,0.002,0.510,8.290,32.386
7760,4.568,1.500,17.371,0.131,0.184,0.002,0.505,8.435,32.708
7761,4.381,1.517,17.432,0.126,0.181,0.002,0.498,8.261,32.424
7762,4.786,1.438,17.477,0.132,0.190,0.002,0.531,8.222,32.798
7763,4.255,1.437,17.308,0.130,0.188,0.002,0.501,8.274,32.112
7764,4.910,1.482,18.396,0.128,0.187,0.002,0.533,8.256,33.917
7765,4.170,1.437,17.408,0.138,0.194,0.002,0.578,7.556,31.497
7766,4.778,1.417,17.552,0.125,0.184,0.003,0.502,8.253,32.833
7767,4.698,1.474,17.348,0.134,0.185,0.002,0.512,8.212,32.578
7768,4.987,2.115,18.481,0.129,0.184,0.002,0.501,8.220,34.636
7769,4.153,1.673,17.272,0.136,0.203,0.002,0.516,8.227,32.178
7770,4.815,1.655,17.599,0.129,0.183,0.002,0.510,8.215,33.130
7771,4.423,1.670,17.381,0.135,0.187,0.002,0.500,8.268,32.580
7772,4.661,1.479,17.657,0.132,0.185,0.003,0.506,8.270,32.906
7773,4.229,1.446,17.316,0.129,0.187,0.002,0.516,8.204,32.051
7774,4.558,1.469,18.302,0.126,0.183,0.002,0.514,8.249,33.429
7775,4.546,1.537,17.552,0.132,0.184,0.002,11.114,8.371,44.401
7776,4.632,1.551,17.833,0.139,0.200,0.002,0.515,8.204,33.053
7777,4.156,1.687,17.208,0.126,0.192,0.003,0.515,8.500,32.381
7778,5.200,1.531,17.327,0.129,0.198,0.002,0.522,8.236,33.146
7779,4.608,2.049,17.448,0.126,0.185,0.002,0.514,8.226,33.840
7780,4.448,1.485,18.476,0.127,0.187,0.002,0.529,8.277,33.520
7781,4.939,1.453,17.358,0.127,0.197,0.002,0.509,8.296,32.854
7782,4.703,1.432,17.445,0.129,0.200,0.003,0.515,8.300,32.688
7783,4.246,1.487,17.823,0.129,0.191,0.002,0.510,8.375,32.740
7784,4.984,1.437,24.755,0.133,0.195,0.003,0.507,8.176,40.152
7785,4.635,1.453,17.294,0.128,0.205,0.779,0.505,8.274,32.468
7786,4.441,1.408,17.369,0.130,0.205,0.002,8.622,8.218,42.455
7787,4.569,1.447,17.668,0.132,0.201,0.003,0.528,8.252,32.805
7788,4.801,1.586,19.420,0.131,0.206,0.003,0.514,8.297,34.962
7789,5.226,1.582,17.345,0.126,0.202,0.002,0.522,8.235,33.242
7790,4.686,1.643,17.803,0.129,0.206,0.002,0.508,8.218,33.194
7791,5.012,2.349,17.986,0.128,0.203,0.002,0.523,8.352,34.563
7792,4.693,1.693,18.182,0.128,0.193,1.200,0.514,8.121,33.538
7793,4.219,1.653,17.295,0.129,0.195,0.002,0.491,8.590,32.578
7794,4.764,1.445,17.564,0.130,0.192,0.002,0.505,8.231,32.844
7795,4.228,1.564,17.107,0.124,0.177,0.714,0.500,8.208,31.942
7796,5.501,1.460,18.302,0.126,0.174,0.003,0.533,8.473,34.615
7797,4.638,1.444,17.396,0.129,0.175,0.002,0.492,8.423,32.732
7798,4.524,1.414,17.433,0.126,0.170,0.002,0.502,8.257,32.471
7799,4.713,2.790,16.962,0.125,0.177,0.003,0.502,8.229,33.537
7800,4.042,1.458,17.270,0.125,0.175,0.002,0.513,8.158,31.779
7801,4.296,1.646,17.297,0.129,0.206,0.820,0.499,8.211,32.283
7802,4.644,1.452,17.240,0.131,0.191,0.003,0.505,8.270,32.446
7803,4.782,1.440,17.685,0.125,0.191,0.002,9.061,8.264,43.350
7804,4.242,1.519,18.445,0.129,0.190,0.002,0.514,8.542,33.600
7805,4.808,1.426,17.281,0.127,0.188,0.002,0.509,8.186,32.530
7806,5.217,1.914,17.866,0.133,0.187,0.006,0.522,8.281,34.121
7807,4.956,1.492,17.469,0.128,0.188,0.002,0.522,8.256,33.019
7808,4.921,1.475,18.447,0.128,0.190,0.002,0.521,8.535,34.223
7809,4.851,1.449,17.380,0.128,0.186,0.002,0.523,8.292,32.826
7810,4.841,1.483,17.228,0.131,0.189,0.002,0.513,8.219,32.612
7811,5.186,1.474,17.141,0.125,0.190,0.002,0.521,8.247,32.894
7812,4.658,1.740,25.365,0.129,0.186,0.002,0.518,8.457,41.055
7813,4.246,1.435,17.386,0.130,0.187,0.002,0.507,8.227,32.124
7814,4.726,1.459,17.480,0.127,0.189,0.002,0.477,8.360,32.824
7815,4.681,1.497,17.563,0.126,0.192,0.002,0.514,8.397,32.978
7816,4.926,1.730,18.045,0.129,0.192,0.002,0.506,8.175,33.708
7817,4.260,1.419,17.233,0.125,0.188,0.002,0.511,8.266,32.013
7818,4.733,1.580,17.384,0.126,0.197,0.002,0.497,8.342,32.865
7819,4.379,1.512,17.292,0.126,0.200,0.002,0.514,8.321,32.349
7820,4.670,1.491,19.004,0.127,0.189,0.002,0.511,8.423,34.430
7821,4.531,1.499,17.399,0.126,0.189,0.002,0.504,8.181,33.734
7822,4.473,1.454,17.568,0.129,0.192,0.002,0.512,8.509,32.818
7823,4.327,1.738,17.766,0.126,0.196,0.002,0.544,8.494,33.191
7824,4.281,1.477,21.694,0.136,0.206,0.002,0.517,8.745,37.020
7825,4.226,1.461,17.364,0.124,0.190,0.002,0.509,8.183,32.860
7826,4.430,1.477,17.477,0.128,0.187,0.002,0.543,8.319,32.536
7827,4.455,1.701,17.335,0.130,0.182,0.002,0.501,8.266,32.538
7828,5.149,1.691,19.200,0.131,0.186,0.002,0.504,8.270,35.093
7829,4.157,1.470,17.346,0.134,0.189,0.002,0.525,11.026,34.808
7830,20.453,1.928,63.212,0.124,0.181,0.002,0.657,8.296,94.852
7831,5.215,1.952,17.655,0.128,0.184,0.002,0.531,8.473,34.105
7832,4.426,1.736,19.979,0.129,0.186,0.002,0.520,8.330,35.269
7833,4.278,2.183,17.260,0.127,0.194,0.002,0.527,8.318,32.845
7834,4.721,1.477,17.423,0.125,0.183,0.002,0.503,8.568,32.975
7835,4.700,1.488,17.851,0.137,0.185,0.002,0.518,8.244,33.082
7836,4.279,1.473,18.407,0.129,0.187,0.002,0.531,8.232,33.210
7837,4.331,1.790,17.183,0.127,0.190,0.002,0.535,8.293,32.421
7838,5.107,1.650,17.642,0.132,0.189,0.002,0.506,8.254,33.440
7839,4.590,1.474,17.718,0.127,0.188,0.002,0.501,8.232,32.801
7840,4.586,1.481,18.990,0.129,0.191,0.002,0.497,8.350,34.186
7841,4.257,1.447,17.261,0.130,0.186,0.002,0.550,8.225,32.021
7842,4.938,1.455,17.518,0.126,0.190,0.003,0.500,8.264,32.961
7843,4.736,1.722,18.164,0.128,0.184,0.002,0.518,8.251,33.673
7844,4.495,1.653,18.942,0.139,0.200,0.003,0.579,8.429,34.401
7845,4.157,1.520,17.616,0.140,0.188,0.003,0.515,8.232,32.319
7846,4.609,1.524,17.254,0.138,0.197,0.003,0.517,8.317,32.503
7847,4.354,1.716,17.264,0.134,0.185,0.003,0.503,8.385,32.528
7848,5.159,1.874,21.905,0.130,0.186,0.002,0.499,8.487,38.204
7849,4.884,1.504,19.707,0.128,0.184,0.002,0.509,8.202,35.090
7850,4.726,1.440,17.574,0.132,0.191,0.002,9.299,8.320,43.460
7851,4.346,1.808,17.042,0.137,0.200,0.002,0.494,8.187,32.147
7852,4.623,1.494,17.971,0.138,0.189,0.002,8.638,8.302,42.013
7853,4.467,1.895,18.243,0.141,0.190,0.003,0.559,8.465,33.965
7854,4.756,1.900,17.705,0.131,0.187,0.002,0.520,8.341,34.740
7855,4.774,2.162,17.423,0.131,0.187,0.002,8.618,8.289,42.241
7856,4.425,1.519,18.059,0.133,0.191,0.002,0.529,8.210,33.074
7857,4.604,1.460,17.265,0.125,0.188,0.002,0.491,8.274,32.418
7858,4.721,1.469,17.353,0.136,0.192,0.002,0.518,8.622,33.018
7859,4.374,1.462,17.458,0.132,0.186,0.002,8.745,8.305,41.423
7860,4.286,1.692,17.402,0.131,0.188,0.002,0.491,8.206,32.396
7861,4.491,1.658,17.663,0.128,0.188,0.002,0.530,8.236,32.894
7862,4.795,1.696,17.306,0.132,0.191,0.002,0.534,8.535,33.179
7863,5.484,2.886,17.539,0.129,0.191,0.002,0.504,8.264,34.992
7864,5.854,1.469,18.969,0.136,0.189,0.002,0.508,8.519,35.629
7865,4.583,1.678,17.607,0.130,0.190,0.002,8.348,8.261,41.524
7866,4.726,1.657,17.619,0.130,0.191,0.002,0.521,8.221,33.083
7867,4.838,1.752,17.752,0.131,0.189,0.003,0.516,8.330,33.530
7868,4.463,1.500,17.385,0.130,0.185,0.002,0.497,8.630,32.805
7869,4.587,1.659,17.999,0.131,0.187,0.002,0.519,8.239,33.346
7870,4.763,1.456,17.277,0.128,0.187,0.002,0.519,8.249,32.604
7871,5.033,2.421,17.342,0.128,0.188,0.002,0.513,7.658,33.300
7872,4.945,1.458,17.514,0.134,0.190,0.002,9.155,8.168,42.284
7873,4.287,1.477,17.310,0.132,0.188,0.002,0.499,8.257,32.138
7874,4.852,1.585,17.829,0.127,0.185,0.002,0.506,8.883,33.964
7875,4.593,1.481,17.407,0.133,0.189,0.002,0.507,8.444,32.742
7876,5.063,1.479,17.816,0.136,0.171,0.768,0.514,8.340,33.518
7877,4.354,1.477,17.259,0.135,0.170,0.002,0.506,8.239,32.142
7878,4.732,1.445,17.375,0.132,0.168,0.002,0.506,8.336,32.703
7879,4.484,1.667,17.407,0.142,0.174,0.003,0.507,8.518,32.901
7880,5.224,1.756,18.240,0.138,0.170,0.003,9.952,8.195,44.394
7881,4.407,1.648,17.292,0.135,0.172,0.003,0.507,8.469,32.634
7882,4.783,1.491,17.605,0.139,0.174,0.003,0.507,8.589,33.287
7883,5.297,2.002,17.729,0.137,0.173,0.002,0.504,8.309,34.153
7884,4.969,1.469,18.587,0.132,0.174,0.002,0.501,8.625,34.473
7885,4.714,1.663,17.676,0.136,0.171,0.002,0.503,8.211,33.081
7886,4.691,1.458,17.304,0.130,0.170,0.002,0.498,8.235,32.504
7887,5.389,1.468,17.439,0.139,0.173,0.002,9.999,8.287,44.285
7888,4.694,1.484,17.517,0.141,0.170,0.002,0.496,8.288,32.787
7889,4.223,1.419,17.391,0.134,0.173,0.002,0.530,8.238,32.108
7890,4.631,1.478,17.478,0.138,0.174,0.002,0.504,8.293,32.689
7891,4.644,2.074,17.795,0.130,0.173,0.003,0.527,8.228,33.577
7892,5.169,1.673,23.183,0.131,0.170,0.002,0.506,8.231,39.068
7893,4.392,1.694,17.716,0.152,0.181,0.002,0.511,8.203,33.596
7894,4.657,1.465,17.722,0.140,0.171,0.003,0.499,8.237,32.895
7895,5.111,1.725,17.475,0.133,0.181,0.002,0.497,8.557,33.681
7896,5.071,1.542,18.759,0.137,0.175,0.003,0.506,8.244,34.443
7897,4.229,1.454,17.367,0.138,0.200,0.003,0.481,8.287,32.140
7898,4.266,1.471,17.364,0.134,0.179,0.003,0.480,8.306,32.210
7899,4.619,1.490,17.367,0.129,0.172,0.003,0.506,8.222,32.526
7900,4.442,1.973,17.756,0.132,0.174,0.003,0.497,8.220,33.206
7901,4.245,1.439,18.200,0.139,0.180,0.750,0.482,8.228,32.904
7902,4.706,1.471,17.233,0.134,0.179,0.002,0.513,8.259,32.508
7903,4.975,1.809,17.499,0.133,0.175,0.002,0.505,8.230,33.338
7904,5.279,1.708,22.588,0.135,0.173,0.002,0.502,8.239,38.635
7905,4.305,1.466,17.533,0.132,0.170,0.003,0.514,8.284,32.436
7906,4.775,1.448,18.055,0.130,0.173,0.003,0.479,8.292,33.362
7907,4.731,1.600,17.478,0.136,0.178,0.003,0.494,8.404,33.030
7908,4.717,1.480,18.899,0.139,0.182,0.002,0.517,8.785,34.714
7909,4.923,1.815,17.616,0.129,0.167,0.002,0.527,8.364,33.589
7910,4.724,1.677,17.281,0.133,0.176,0.002,0.490,9.529,34.017
7911,5.003,2.544,17.929,0.130,0.179,0.002,0.550,8.304,34.656
7912,5.442,1.681,18.401,0.132,0.178,0.002,0.512,8.575,34.931
7913,4.203,1.660,17.315,0.128,0.175,0.002,0.509,8.521,32.528
7914,4.652,1.903,18.091,0.133,0.174,0.003,0.499,8.256,33.714
7915,4.469,1.534,17.528,0.126,0.184,0.002,0.518,7.539,31.907
7916,4.806,1.528,17.689,0.128,0.193,0.002,0.543,8.638,33.548
7917,4.870,1.566,17.504,0.132,0.182,0.007,0.492,8.602,33.356
7918,4.782,1.475,17.555,0.131,0.180,0.002,0.491,8.345,32.979
7919,5.058,67.147,16.488,0.127,0.176,0.002,0.489,8.038,97.533
7920,3.726,1.641,17.433,0.130,0.178,0.002,0.510,8.117,31.745
7921,4.461,1.675,17.915,0.131,0.182,0.002,0.490,8.223,33.089
7922,4.746,1.428,17.264,0.130,0.181,0.003,0.506,8.523,32.799
7923,4.820,1.485,17.355,0.131,0.178,0.002,0.514,8.381,32.879
7924,4.464,1.471,18.178,0.132,0.181,0.002,0.525,8.605,33.575
7925,5.240,1.455,17.246,0.132,0.179,0.002,8.538,8.207,41.800
7926,4.725,1.794,17.512,0.132,0.179,0.002,0.497,8.397,33.263
7927,4.861,1.774,19.156,0.128,0.181,0.002,0.499,8.278,34.904
7928,4.627,2.022,17.742,0.130,0.179,0.003,0.527,8.316,33.576
7929,5.103,1.700,17.284,0.137,0.184,0.002,0.497,8.503,33.417
7930,4.690,1.474,17.530,0.132,0.178,0.002,0.492,8.472,32.996
7931,4.786,1.772,17.592,0.132,0.178,0.003,0.502,8.344,33.330
7932,4.867,1.510,17.300,0.131,0.179,0.002,9.270,8.257,42.727
7933,4.191,1.467,17.556,0.128,0.186,0.002,0.515,8.211,32.268
7934,4.742,1.463,17.499,0.130,0.179,0.002,0.495,9.550,34.074
7935,5.963,1.489,17.459,0.135,0.177,0.002,0.493,8.243,34.662
7936,4.607,1.486,17.712,0.131,0.178,0.002,0.502,8.661,33.272
7937,5.949,1.452,17.732,0.132,0.178,0.002,0.512,8.332,34.285
7938,4.780,1.719,17.891,0.141,0.180,0.003,0.505,8.200,33.392
7939,5.330,1.943,18.780,0.129,0.178,0.002,0.504,8.495,35.357
7940,4.688,1.696,19.418,0.133,0.175,0.002,0.485,8.449,35.041
7941,4.960,1.481,17.448,0.129,0.174,0.002,0.500,8.180,33.724
7942,4.734,1.466,17.760,0.129,0.174,0.003,0.500,8.402,33.187
7943,5.545,1.487,19.128,0.132,0.175,0.002,0.497,8.539,35.515
7944,4.347,1.523,17.436,0.127,0.174,0.002,0.512,8.429,32.570
7945,4.434,1.689,17.288,0.130,0.175,0.002,0.490,8.239,32.458
7946,4.812,1.447,17.520,0.136,0.178,0.002,0.505,9.078,33.688
7947,4.505,1.771,17.245,0.131,0.174,0.002,0.499,8.579,32.919
7948,4.232,3.406,18.482,0.132,0.175,0.002,0.501,8.347,35.289
7949,4.990,1.770,17.307,0.132,0.178,0.002,0.499,8.315,33.198
7950,4.743,1.700,17.447,0.133,0.178,0.002,0.505,9.588,34.306
7951,4.877,1.736,17.846,0.131,0.173,0.003,0.518,8.259,33.555
7952,4.757,1.777,22.689,0.131,0.176,0.002,0.508,8.306,38.355
7953,4.697,1.464,17.396,0.132,0.176,0.002,0.493,8.239,32.608
7954,4.588,1.669,17.646,0.135,0.180,0.003,0.493,8.358,33.073
7955,4.558,1.771,17.322,0.130,0.177,0.002,0.496,8.475,32.944
7956,4.619,1.701,19.129,0.134,0.178,0.002,0.499,8.261,34.533
7957,4.619,1.684,17.272,0.130,0.177,0.003,0.501,8.449,32.842
7958,5.377,1.412,17.753,0.136,0.181,0.003,0.507,8.493,33.867
7959,4.731,2.668,17.786,0.140,0.198,0.003,0.480,8.289,34.282
7960,4.815,1.495,20.320,0.133,0.183,0.002,0.484,8.286,35.719
7961,4.952,1.472,17.327,0.140,0.186,0.002,0.520,8.485,33.074
7962,4.409,1.476,17.438,0.135,0.181,0.002,0.500,8.217,32.364
7963,4.758,1.733,21.544,0.135,0.179,0.003,0.492,8.310,37.161
7964,4.837,1.724,20.472,0.132,0.181,0.002,0.531,8.264,36.173
7965,4.314,1.447,17.206,0.131,0.184,0.002,0.487,8.253,32.023
7966,4.790,1.464,17.571,0.135,0.180,0.002,0.502,8.351,32.996
7967,5.144,1.573,17.348,0.127,0.179,0.002,0.504,8.251,33.137
7968,4.403,2.773,23.572,0.142,0.182,0.002,0.507,8.321,39.896
7969,4.352,1.471,17.379,0.127,0.179,0.002,0.514,8.230,32.271
7970,4.716,1.455,17.411,0.131,0.178,0.002,0.487,8.307,32.684
7971,4.980,1.469,17.730,0.132,0.181,0.002,0.515,8.331,33.340
7972,4.648,1.495,24.493,0.134,0.179,0.002,0.488,8.386,39.829
7973,5.006,1.732,18.034,0.133,0.181,0.002,0.483,8.275,33.855
7974,4.745,1.614,17.336,0.132,0.174,0.002,0.482,8.216,32.703
7975,4.736,1.676,17.599,0.131,0.183,0.002,0.505,8.264,33.105
7976,5.212,1.760,19.421,0.134,0.180,0.002,0.488,8.337,35.537
7977,4.956,1.470,17.377,0.131,0.175,0.002,0.512,8.182,32.817
7978,4.338,1.447,17.352,0.129,0.173,0.002,0.522,8.239,32.223
7979,4.407,2.375,17.468,0.127,0.172,0.002,0.503,8.264,33.335
7980,4.744,1.458,26.535,0.130,0.180,0.002,0.511,8.268,41.838
7981,4.906,1.617,17.443,0.135,0.178,0.003,0.507,8.322,33.114
7982,4.815,1.458,17.437,0.130,0.178,0.002,0.498,9.605,34.132
7983,4.772,1.501,17.868,0.135,0.180,0.002,0.511,8.574,33.540
7984,5.327,1.467,18.601,0.131,0.180,0.002,0.509,8.848,35.096
7985,4.817,1.854,18.492,0.130,0.192,0.002,0.528,9.039,35.062
7986,4.774,1.632,17.926,0.135,0.182,0.002,0.535,7.769,32.973
7987,5.166,2.004,18.471,0.128,0.179,0.002,0.516,8.366,34.845
7988,5.823,2.600,20.241,0.130,0.180,0.002,0.515,8.357,37.854
7989,4.263,1.693,17.469,0.132,0.177,0.003,0.501,8.323,32.563
7990,4.820,1.655,17.653,0.135,0.177,0.004,0.515,8.361,33.330
7991,4.762,1.951,17.624,0.130,0.175,0.002,0.534,8.407,33.619
7992,4.752,1.941,17.895,0.129,0.178,0.002,0.517,8.857,34.292
7993,5.117,2.102,18.876,0.131,0.176,0.002,0.513,8.277,35.220
7994,4.720,1.866,17.322,0.131,0.176,0.002,0.506,8.275,33.010
7995,4.913,2.161,18.914,0.132,0.179,0.002,0.504,8.330,35.145
7996,4.336,1.833,17.498,0.131,0.182,0.002,0.490,8.618,33.100
7997,4.725,1.641,17.516,0.131,0.183,0.002,0.481,8.303,32.982
7998,4.890,2.049,17.398,0.133,0.178,0.002,0.523,8.936,34.127
7999,7.018,3.083,18.086,0.130,0.179,0.002,0.524,8.287,37.320
8000,4.910,2.283,20.996,0.133,0.181,0.002,0.507,8.274,37.292
8001,4.194,1.908,17.411,0.132,0.176,0.002,0.510,8.258,32.600
8002,4.852,1.831,17.979,0.131,0.174,0.002,0.529,8.249,33.766
8003,4.317,1.894,17.217,0.137,0.183,0.003,0.493,8.280,32.524
8004,4.791,1.798,25.350,0.132,0.177,0.002,0.503,8.324,41.096
8005,5.009,1.956,17.454,0.130,0.175,0.002,0.520,8.258,33.523
8006,4.783,1.586,17.478,0.145,0.177,0.002,0.523,8.209,32.903
8007,4.671,1.679,17.535,0.130,0.176,0.002,0.496,8.210,32.914
8008,4.437,3.276,18.660,0.132,0.181,0.003,0.510,8.268,35.470
8009,4.244,1.634,18.200,0.136,0.177,0.002,0.494,8.196,33.090
8010,4.697,1.873,17.394,0.133,0.176,0.002,0.496,8.341,33.119
8011,4.626,1.672,17.558,0.157,0.188,0.005,0.493,8.384,33.052
8012,5.707,1.630,24.413,0.335,0.221,0.003,0.514,10.156,42.748
8013,4.587,1.729,17.654,0.136,0.185,0.003,0.507,8.298,33.099
8014,4.661,1.645,17.421,0.140,0.182,0.003,0.487,8.455,32.984
8015,5.519,1.517,17.216,0.133,0.181,0.003,0.508,8.400,33.485
8016,4.769,1.483,22.993,0.132,0.191,0.003,0.521,8.209,39.050
8017,4.454,1.471,17.274,0.138,0.180,0.003,0.504,8.246,32.258
8018,4.631,1.825,17.418,0.132,0.181,0.002,0.523,8.243,32.944
8019,4.667,3.808,19.171,0.137,0.184,0.003,0.548,8.329,36.844
8020,4.515,1.729,17.585,0.135,0.185,0.002,0.528,8.398,33.066
8021,4.279,1.596,17.481,0.141,0.188,0.004,0.516,8.399,32.584
8022,5.189,1.555,18.448,0.138,0.184,0.002,0.515,8.518,34.541
8023,4.999,1.494,17.331,0.141,0.186,0.002,0.513,8.348,32.997
8024,4.559,1.803,17.904,0.143,0.204,0.003,0.489,8.328,33.393
8025,4.284,1.731,17.466,0.174,0.190,0.003,0.524,8.257,32.572
8026,4.486,1.465,17.435,0.136,0.180,0.002,0.483,8.282,32.453
8027,4.346,1.544,17.339,0.136,0.187,0.002,0.521,8.302,32.367
8028,5.091,1.795,17.917,0.135,0.185,0.002,0.495,8.206,33.819
8029,4.943,3.820,21.719,0.140,0.175,0.002,0.517,8.712,40.023
8030,4.827,1.919,17.771,0.130,0.168,0.002,0.520,8.263,33.615
8031,4.633,1.968,17.637,0.131,0.175,0.002,0.503,8.181,33.228
8032,4.402,1.699,24.411,0.137,0.178,0.002,0.519,8.200,39.535
8033,4.247,2.113,17.547,0.131,0.180,0.002,0.507,8.390,33.139
8034,4.769,1.517,17.325,0.139,0.176,0.002,0.529,8.273,32.728
8035,5.064,2.400,17.593,0.135,0.181,0.002,0.520,8.355,34.249
8036,5.559,2.070,17.904,0.135,0.183,0.002,0.508,8.779,35.134
8037,4.826,1.984,17.924,0.139,0.183,0.002,0.548,8.316,33.940
8038,4.336,2.281,17.450,0.137,0.188,0.002,0.518,8.228,33.130
8039,4.221,2.863,17.505,0.133,0.182,0.002,0.515,8.317,33.724
8040,4.332,1.675,17.906,0.134,0.180,0.003,0.517,8.273,33.012
8041,6.557,1.606,22.378,0.246,0.189,0.002,10.850,8.290,50.751
8042,5.025,1.560,22.119,0.131,0.179,1.348,0.513,8.251,37.785
8043,4.975,1.782,18.146,0.135,0.171,0.002,0.496,8.299,34.009
8044,5.093,4.866,19.336,0.135,0.170,0.003,0.514,8.273,38.393
8045,4.213,1.664,17.372,0.134,0.175,0.002,0.505,8.162,32.222
8046,4.326,1.770,18.085,0.129,0.166,0.002,0.505,8.559,33.553
8047,4.645,1.676,17.322,0.137,0.176,0.002,0.507,8.426,32.894
8048,4.745,4.390,17.544,0.142,0.175,0.003,0.576,8.331,35.911
8049,4.915,1.741,17.376,0.133,0.175,0.002,0.501,8.273,33.104
8050,4.272,1.701,17.563,0.136,0.174,0.002,0.543,8.285,32.676
8051,4.331,1.455,17.063,0.141,0.175,0.003,0.525,8.236,31.924
8052,4.836,1.538,18.101,0.142,0.177,0.003,0.520,8.266,33.573
8053,4.857,1.469,17.553,0.146,0.179,0.003,0.509,8.632,33.326
8054,4.629,1.525,18.080,0.139,0.169,0.002,0.511,8.515,33.571
8055,4.772,1.613,17.520,0.132,0.168,0.002,0.503,8.273,32.994
8056,4.936,2.270,17.479,0.136,0.173,0.002,0.521,8.226,33.757
8057,4.613,1.519,17.704,0.137,0.172,0.002,0.517,8.236,32.910
8058,4.741,1.501,17.517,0.140,0.203,0.003,0.517,8.604,33.194
8059,4.213,1.629,17.145,0.137,0.172,0.002,0.476,8.192,31.960
8060,4.890,1.631,17.906,0.135,0.182,0.002,0.533,8.397,33.668
8061,4.403,1.834,17.874,0.137,0.168,0.002,0.517,8.730,33.675
8062,4.793,1.510,21.009,0.132,0.166,0.002,0.500,8.233,36.360
8063,4.909,1.390,17.140,0.131,0.166,0.002,0.507,8.217,32.473
8064,4.554,1.451,18.207,0.139,0.167,0.002,0.508,8.593,33.628
8065,4.526,1.696,17.410,0.134,0.172,0.002,0.506,8.281,32.733
8066,4.438,1.665,18.012,0.132,0.167,0.002,0.507,8.317,33.253
8067,4.254,1.416,17.265,0.134,0.169,0.003,0.508,8.238,31.992
8068,4.938,1.447,17.599,0.134,0.168,0.003,0.511,8.533,33.340
8069,4.523,1.490,17.514,0.135,0.183,0.002,0.523,8.317,32.691
8070,4.974,1.938,17.766,0.145,0.172,0.004,0.536,8.577,34.105
8071,4.177,1.410,17.237,0.136,0.169,0.002,0.517,8.350,32.006
8072,4.441,1.428,17.485,0.141,0.172,0.002,0.508,8.221,32.395
8073,4.662,1.757,17.651,0.134,0.174,0.003,0.554,8.307,33.248
8074,4.915,1.760,17.632,0.134,0.171,0.002,0.537,8.278,33.435
8075,4.237,1.810,17.297,0.132,0.171,0.002,0.521,8.196,32.376
8076,4.395,1.578,17.168,0.141,0.173,0.002,0.512,8.254,32.219
8077,4.876,1.725,17.266,0.133,0.171,0.003,0.526,8.287,32.993
8078,5.142,1.654,17.809,0.134,0.167,0.003,0.541,8.369,33.839
8079,4.566,1.641,17.182,0.137,0.170,0.003,0.517,8.279,32.496
8080,4.365,1.436,17.684,0.137,0.178,0.003,0.525,8.455,32.777
8081,4.356,2.382,17.351,0.134,0.171,0.002,0.505,8.249,33.149
8082,4.321,1.472,20.833,0.132,0.168,0.002,0.502,8.471,35.906
8083,4.270,1.391,18.208,0.134,0.173,0.003,0.539,8.233,32.952
8084,5.165,1.744,18.640,0.136,0.174,0.003,0.514,8.284,34.652
8085,5.035,1.661,17.494,0.135,0.174,0.002,0.511,8.339,33.347
8086,4.568,1.424,17.643,0.140,0.173,0.002,0.526,8.221,32.698
8087,4.576,1.607,17.533,0.132,0.174,0.002,0.516,8.278,32.819
8088,4.599,2.007,17.948,0.134,0.167,0.002,0.509,8.253,33.626
8089,4.358,1.474,17.714,0.139,0.171,0.003,0.514,8.259,32.633
8090,4.406,2.266,17.667,0.140,0.169,0.003,0.514,8.320,33.488
8091,5.327,1.469,19.167,0.137,0.174,0.002,0.501,8.664,35.436
8092,4.590,1.682,18.298,0.134,0.192,0.763,0.510,8.549,33.941
8093,4.411,1.479,17.538,0.133,0.192,0.002,0.506,8.272,32.516
8094,5.313,1.741,18.340,0.128,0.201,0.804,0.532,9.718,35.962
8095,4.979,1.427,17.220,0.132,0.168,0.723,0.507,8.245,32.687
8096,4.645,1.941,17.366,0.155,0.169,0.003,0.529,8.289,33.086
8097,4.291,1.548,17.717,0.131,0.173,0.002,0.515,8.294,32.676
8098,4.841,1.556,17.497,0.143,0.168,0.003,0.526,8.560,33.302
8099,4.576,1.436,17.546,0.128,0.165,0.002,0.515,8.261,32.674
8100,3.967,1.428,17.275,0.131,0.169,0.002,0.528,8.299,31.814
8101,4.356,4.924,17.942,0.141,0.168,0.003,0.530,8.282,36.363
8102,4.531,1.506,18.019,0.135,0.166,0.002,0.519,8.621,33.516
8103,4.608,1.414,17.316,0.131,0.171,0.003,0.524,8.181,32.360
8104,4.153,1.456,17.323,0.162,0.177,0.003,0.532,8.257,32.037
8105,4.508,1.507,17.415,0.138,0.166,0.002,0.530,8.355,32.633
8106,4.678,1.510,17.406,0.138,0.191,0.003,0.522,8.413,32.849
8107,4.615,1.589,17.260,0.130,0.172,0.003,0.509,8.279,32.562
8108,5.708,1.446,18.248,0.131,0.169,0.003,0.529,8.554,34.812
8109,4.635,3.051,17.426,0.137,0.174,0.003,0.505,8.242,34.168
8110,5.466,1.677,19.671,0.138,0.171,0.002,0.497,8.473,36.097
8111,4.590,1.430,17.155,0.134,0.169,0.002,0.507,8.217,32.214
8112,4.255,1.680,17.348,0.135,0.173,0.002,0.541,8.259,32.399
8113,4.319,1.493,17.379,0.135,0.166,0.002,0.511,8.463,32.483
8114,4.808,1.533,17.458,0.136,0.166,0.003,0.513,8.640,33.261
8115,4.252,1.369,17.318,0.138,0.168,0.004,0.506,8.205,31.967
8116,4.291,1.467,17.940,0.168,0.175,0.003,0.521,8.240,32.777
8117,4.311,2.580,17.544,0.139,0.171,0.003,0.510,8.540,33.793
8118,4.628,1.493,18.193,0.176,0.175,0.003,0.501,8.281,33.401
8119,4.516,1.725,17.139,0.142,0.177,0.003,0.485,8.177,32.345
8120,4.419,1.673,18.360,0.144,0.171,0.003,0.548,8.257,33.570
8121,4.239,1.739,17.545,0.161,0.284,0.003,0.517,8.310,32.666
8122,4.411,1.547,17.313,0.143,0.174,0.003,0.510,8.490,32.582
8123,4.542,1.376,17.177,0.142,0.171,0.003,0.528,8.270,32.211
8124,4.697,1.661,17.960,0.149,0.206,0.633,0.529,8.597,33.759
8125,4.457,1.470,17.290,0.281,0.208,0.004,0.522,8.221,32.285
8126,4.620,1.513,18.101,0.157,0.214,0.003,0.536,8.343,33.433
8127,4.356,1.537,17.351,0.141,0.204,0.003,0.505,8.293,32.352
8128,4.402,1.666,17.377,0.143,0.214,0.003,0.515,8.213,32.487
8129,4.304,2.971,17.262,0.145,0.206,0.689,0.506,8.254,33.609
8130,4.499,1.497,21.815,0.151,0.178,0.605,0.538,8.415,37.081
8131,4.299,1.503,17.377,0.145,0.177,0.003,0.493,8.233,32.214
8132,4.983,1.629,17.940,0.196,0.180,0.003,0.514,8.263,33.638
8133,4.555,1.765,17.527,0.146,0.178,0.002,0.528,8.365,33.051
8134,5.142,1.632,18.960,0.149,0.182,0.003,0.519,8.421,34.984
8135,4.645,1.455,17.185,0.142,0.177,0.004,0.532,8.211,32.343
8136,4.873,1.499,20.283,0.159,0.178,0.004,0.519,8.553,36.044
8137,4.559,3.688,17.464,0.206,0.166,0.690,0.539,8.232,34.799
8138,4.685,1.516,17.452,0.158,0.146,0.002,0.527,8.162,32.657
8139,4.572,1.387,17.258,0.141,0.148,0.002,0.527,8.278,32.334
8140,4.322,1.451,17.580,0.145,0.148,0.002,0.516,8.462,32.648
8141,4.268,1.711,17.234,0.292,0.147,0.002,0.519,8.518,32.562
8142,4.597,1.761,17.718,0.144,0.146,0.002,0.515,8.308,33.208
8143,4.298,1.411,17.380,0.145,0.145,0.002,0.517,8.302,32.232
8144,6.050,1.429,17.995,0.142,0.149,0.002,0.525,8.220,34.532
8145,4.648,1.754,17.628,0.141,0.154,0.672,0.527,8.296,33.161
8146,5.328,1.721,19.722,0.138,0.160,0.002,0.530,8.214,35.839
8147,4.607,1.411,17.244,0.139,0.157,0.002,0.531,8.289,32.390
8148,5.113,1.463,18.065,0.148,0.154,0.003,0.524,8.253,33.734
8149,4.540,2.585,17.527,0.170,0.155,0.002,0.521,8.349,33.839
8150,4.907,1.500,17.746,0.138,0.151,0.002,0.510,8.646,33.623
8151,6.196,1.452,22.977,0.138,0.151,0.002,0.666,8.719,40.363
8152,8.013,2.356,54.019,0.499,0.305,0.004,0.850,8.525,74.330
8153,6.268,1.642,20.172,0.140,0.149,0.002,0.540,8.620,37.566
8154,5.630,2.101,22.672,0.141,0.152,0.002,0.555,8.478,39.762
8155,5.521,1.701,20.163,0.139,0.149,0.003,0.527,8.527,36.757
8156,4.718,2.041,18.973,0.410,0.157,0.004,0.556,8.259,34.872
8157,4.453,3.730,17.757,0.155,0.175,0.723,0.541,8.450,35.252
8158,5.145,1.930,23.272,0.142,0.177,0.002,0.536,8.286,39.485
8159,5.515,1.499,18.381,0.150,0.176,0.002,0.564,8.591,34.875
8160,4.296,2.152,18.659,0.149,0.177,0.003,0.530,8.550,34.509
8161,4.989,1.887,21.781,0.140,0.171,0.002,0.585,8.422,37.999
8162,5.160,1.964,19.662,0.141,0.175,0.002,0.539,9.308,36.959
8163,5.718,1.644,22.701,0.142,0.174,0.003,0.550,8.373,39.316
8164,4.697,1.733,30.948,0.149,0.174,0.002,0.880,9.370,47.979
8165,4.882,1.743,19.615,0.140,0.180,0.002,0.539,8.839,35.987
8166,5.786,2.929,21.695,0.144,0.175,0.003,0.545,8.790,40.064
8167,4.814,1.779,17.522,0.140,0.173,0.002,0.545,8.408,33.394
8168,4.630,1.661,17.740,0.140,0.173,0.663,0.538,8.336,33.228
8169,4.655,1.804,18.288,0.140,0.171,0.002,0.546,8.423,34.033
8170,4.984,1.632,21.313,0.148,0.173,0.003,0.507,8.290,37.028
8171,4.258,1.972,17.238,0.142,0.176,0.002,0.511,8.413,32.701
8172,4.648,1.548,17.348,0.144,0.170,0.003,0.543,8.349,32.754
8173,4.658,1.671,17.190,0.140,0.173,0.002,0.531,8.248,32.612
8174,4.344,1.537,17.770,0.137,0.174,0.002,0.520,8.414,32.902
8175,4.624,1.590,17.274,0.148,0.179,0.003,0.536,9.469,33.812
8176,5.657,1.631,22.415,0.140,0.170,0.003,0.551,8.520,39.096
8177,5.606,3.234,20.129,0.141,0.167,0.002,0.539,8.429,38.263
8178,4.605,1.634,18.216,0.140,0.166,0.002,0.555,8.348,33.686
8179,4.401,1.704,17.546,0.149,0.168,0.002,0.527,8.281,32.778
8180,5.276,2.082,20.406,0.147,0.175,0.004,0.536,8.270,36.889
8181,4.338,1.534,17.750,0.179,0.180,0.002,0.556,8.565,33.180
8182,5.008,1.871,19.095,0.178,0.190,0.003,11.679,8.182,47.495
8183,4.398,1.661,17.481,0.151,0.175,0.003,0.507,8.305,32.663
8184,4.506,1.684,17.233,0.150,0.190,0.003,0.509,8.273,32.513
8185,4.843,1.541,17.370,0.147,0.191,0.657,0.518,7.591,32.176
8186,4.927,4.283,17.167,0.142,0.191,0.002,0.511,8.214,35.399
8187,4.328,1.382,17.417,0.142,0.191,0.002,0.532,8.193,32.169
8188,4.894,1.622,20.283,0.142,0.185,0.002,0.532,8.427,36.080
8189,4.741,1.989,17.653,0.140,0.184,0.002,0.510,8.342,33.545
8190,4.967,1.914,17.386,0.142,0.187,0.003,0.529,9.277,34.387
8191,6.856,1.661,20.537,0.138,0.189,0.002,0.559,8.350,38.285
8192,4.795,1.985,28.483,0.135,0.195,0.006,0.558,10.245,46.507
8193,4.630,2.324,19.167,0.137,0.191,0.002,0.558,8.663,35.671
8194,4.409,1.695,19.691,0.137,0.191,0.002,0.540,8.914,35.561
8195,5.054,2.104,18.947,0.134,0.188,0.002,0.540,8.266,35.214
8196,4.856,1.567,21.230,0.144,0.189,0.004,0.556,8.378,36.900
8197,5.111,5.303,17.852,0.134,0.185,0.002,0.561,8.319,37.459
8198,5.056,1.872,22.758,0.141,0.175,0.741,0.574,8.335,38.943
8199,4.259,2.157,17.745,0.137,0.176,0.002,0.562,8.383,33.418
8200,4.431,2.240,17.511,0.139,0.177,0.002,0.523,8.233,33.258
8201,4.379,2.124,19.778,0.138,0.176,0.002,0.544,8.355,35.489
8202,5.017,2.239,18.529,0.140,0.174,0.003,0.540,8.364,34.990
8203,4.385,2.166,17.219,0.154,0.180,0.003,0.536,8.229,32.834
8204,4.687,2.226,19.659,0.142,0.178,0.002,0.547,8.328,35.756
8205,4.527,2.454,19.379,0.139,0.176,0.003,0.544,8.387,35.599
8206,5.068,5.247,17.808,0.139,0.179,0.002,0.519,8.227,37.173
8207,4.392,2.170,17.253,0.155,0.181,0.003,0.548,8.297,32.966
8208,4.420,1.836,17.565,0.141,0.172,0.002,0.531,8.338,32.994
8209,4.346,2.686,17.387,0.137,0.172,0.002,0.551,8.360,33.651
8210,4.786,1.534,20.181,0.140,0.168,0.002,0.570,9.121,36.514
8211,5.024,1.982,19.488,0.141,0.170,0.002,0.545,8.467,35.814
8212,5.302,2.381,17.882,0.136,0.177,0.002,0.533,8.514,34.929
8213,4.565,1.987,18.241,0.137,0.169,0.002,0.539,8.349,33.992
8214,5.294,1.760,18.662,0.139,0.166,0.002,0.519,8.407,34.950
8215,4.163,1.895,18.558,0.145,0.167,0.002,0.535,8.470,33.927
8216,4.363,2.152,19.325,0.141,0.179,1.118,0.550,8.472,35.180
8217,4.272,3.633,17.342,0.139,0.177,0.002,0.567,8.594,34.715
8218,5.028,1.728,19.075,0.147,0.190,0.003,0.529,8.262,34.926
8219,4.202,1.970,17.481,0.139,0.185,0.003,0.517,8.329,32.811
8220,4.085,1.766,17.305,0.147,0.154,1.443,0.550,8.343,32.369
8221,4.913,2.268,17.683,0.145,0.158,0.002,0.555,8.275,34.003
8222,4.966,1.507,21.966,0.170,0.163,0.004,0.522,8.312,37.576
8223,4.258,2.148,17.220,0.142,0.160,0.003,0.542,8.326,32.805
8224,4.666,1.766,17.722,0.142,0.163,0.002,0.526,8.233,33.227
8225,4.511,3.214,17.393,0.158,0.161,0.002,0.527,8.506,34.462
8226,4.285,1.512,18.961,0.143,0.157,0.003,0.548,8.472,34.094
8227,4.335,2.150,17.419,0.142,0.155,0.002,0.521,8.226,32.961
8228,4.290,1.902,17.649,0.145,0.158,0.003,0.516,8.373,33.035
8229,4.350,1.958,17.950,0.141,0.166,0.004,0.543,8.339,33.454
8230,4.473,2.109,17.709,0.174,0.158,0.002,0.537,9.647,34.787
8231,4.486,2.295,17.551,0.292,0.168,0.002,0.538,8.572,33.756
8232,5.322,2.246,17.685,0.159,0.161,0.002,0.539,8.224,35.105
8233,4.338,2.135,17.679,0.148,0.159,0.002,0.515,8.228,33.223
8234,5.451,2.219,17.777,0.147,0.159,0.002,9.656,8.748,44.984
8235,5.043,2.345,17.731,0.166,0.167,0.003,0.574,8.233,34.951
8236,4.617,1.823,18.432,0.141,0.162,0.004,0.520,8.351,34.073
8237,4.585,2.006,17.508,0.163,0.165,0.003,0.514,8.273,33.195
8238,5.717,2.724,20.001,0.144,0.169,0.673,0.526,8.302,37.585
8239,4.352,2.115,17.257,0.145,0.171,0.003,0.524,8.200,32.745
8240,4.279,2.209,17.667,0.148,0.172,0.003,0.521,8.237,33.217
8241,4.332,1.996,18.244,0.140,0.167,0.002,0.532,8.429,33.845
8242,5.259,2.220,18.253,0.141,0.169,0.002,0.520,8.370,34.925
8243,4.427,1.671,17.563,0.141,0.163,0.002,0.501,8.354,32.821
8244,4.297,1.660,25.425,0.167,0.177,0.002,0.552,8.467,40.743
8245,4.479,2.277,18.496,0.145,0.170,0.002,0.539,8.650,34.749
8246,4.905,2.021,21.579,0.138,0.172,0.641,0.579,8.386,37.804
8247,4.420,1.527,17.366,0.153,0.287,0.004,0.521,8.305,32.444
8248,4.682,1.741,17.675,0.139,0.170,0.003,0.493,8.363,33.257
8249,4.683,2.303,18.722,0.142,0.170,0.002,0.515,8.462,35.000
8250,4.550,1.998,29.677,0.137,0.167,0.002,0.527,8.281,45.345
8251,4.371,1.774,17.227,0.140,0.164,0.002,0.501,8.290,32.469
8252,4.458,1.471,17.349,0.152,0.171,0.003,0.522,8.194,32.306
8253,4.659,3.319,17.906,0.158,0.170,0.003,0.513,8.353,35.053
8254,4.848,1.468,18.449,0.144,0.162,0.003,0.523,9.074,34.668
8255,8.272,2.312,21.890,0.142,0.173,0.002,0.527,8.464,41.776
8256,7.057,2.305,27.483,0.141,0.174,0.002,0.684,8.482,46.359
8257,4.649,1.987,18.709,0.141,0.176,0.003,0.516,9.164,35.338
8258,4.994,1.776,58.047,0.145,0.175,0.002,0.639,8.832,74.645
8259,9.850,2.202,26.371,0.157,0.176,0.003,0.536,8.872,48.155
8260,5.178,1.754,22.211,0.141,0.164,0.613,0.565,8.313,38.339
8261,4.789,1.870,19.735,0.136,0.166,0.002,0.565,8.402,35.809
8262,6.051,2.209,30.547,0.143,0.163,0.003,0.760,9.341,49.230
8263,11.399,2.725,48.048,0.144,0.164,0.002,0.536,8.766,71.794
8264,7.761,2.490,41.824,0.140,0.162,0.003,0.549,9.757,63.370
8265,11.778,2.356,44.446,0.145,0.169,0.002,1.420,11.172,71.668
8266,8.776,4.104,80.252,0.140,0.164,0.002,0.740,9.357,103.605
8267,13.674,4.920,22.560,0.155,0.173,0.003,0.630,8.841,50.974
8268,5.153,2.776,21.435,0.154,0.162,0.003,0.565,8.396,38.686
8269,5.146,2.967,19.462,0.150,0.163,0.003,13.194,8.344,50.155
8270,5.770,4.092,27.351,0.142,0.164,0.002,0.533,8.880,47.560
8271,5.547,2.414,24.791,0.139,0.161,0.002,0.563,8.691,42.331
8272,6.725,2.400,28.917,0.156,0.164,0.002,0.564,8.650,47.636
8273,6.979,3.976,27.751,0.141,0.156,0.721,0.539,8.851,48.423
8274,7.569,2.700,44.256,0.157,0.158,0.003,0.541,8.789,64.190
8275,6.402,2.351,22.448,0.142,0.155,0.002,0.568,8.413,40.506
8276,5.642,2.352,21.517,0.140,0.155,0.003,0.719,9.032,39.606
8277,4.637,3.771,64.058,0.141,0.146,0.002,0.596,8.611,82.736
8278,5.055,3.215,32.121,0.143,0.159,0.003,0.615,9.790,51.104
8279,11.108,2.531,41.292,0.137,0.148,0.002,0.547,9.472,65.243
8280,7.106,3.535,44.338,0.178,0.183,0.004,0.574,10.714,66.565
8281,30.571,5.791,54.310,0.141,0.180,0.766,0.597,8.860,100.571
8282,4.474,4.090,30.645,0.140,0.178,0.002,0.564,8.767,48.836
8283,4.856,4.658,20.873,0.143,0.179,0.004,0.690,8.576,39.947
8284,5.676,2.563,32.127,0.147,0.177,0.002,0.542,8.732,49.934
8285,6.726,3.075,32.198,0.157,0.183,0.003,12.198,8.780,63.947
8286,5.151,3.140,35.295,0.139,0.153,0.636,0.551,9.798,54.237
8287,6.100,4.051,35.225,0.148,0.156,0.003,0.648,8.666,54.989
8288,6.853,3.017,21.775,0.136,0.157,0.002,0.601,8.288,40.841
8289,5.776,2.584,23.923,0.147,0.153,0.002,0.532,9.994,43.138
8290,5.181,2.552,36.281,0.147,0.159,0.004,0.547,9.543,54.396
8291,8.110,4.475,31.057,0.142,0.159,0.002,0.543,8.545,53.021
8292,5.576,2.481,31.915,0.140,0.163,0.003,0.614,11.352,52.747
8293,12.428,5.887,25.064,0.134,0.173,0.004,0.540,8.491,52.704
8294,9.327,32.777,34.283,0.144,0.160,0.003,0.565,9.940,87.187
8295,5.482,5.099,33.770,0.141,0.158,0.002,0.546,8.551,53.739
8296,4.883,2.573,35.283,0.150,0.162,0.003,0.731,9.078,53.120
8297,4.948,2.614,24.522,0.136,0.154,0.003,0.531,8.320,41.989
8298,5.503,2.205,21.788,0.137,0.155,0.003,0.539,9.231,39.588
8299,4.895,2.224,18.976,0.152,0.158,0.003,0.524,8.526,35.474
8300,5.289,3.388,29.480,0.159,0.156,0.002,0.574,10.965,50.026
8301,7.142,3.169,26.633,0.167,0.171,0.003,0.520,8.538,46.317
8302,6.089,2.288,21.600,0.143,0.176,0.004,0.525,8.359,39.180
8303,5.885,2.305,32.181,0.166,0.162,0.004,0.533,8.591,49.814
8304,6.406,2.279,29.870,0.141,0.159,0.002,0.533,8.818,48.233
8305,6.681,2.961,17.910,0.139,0.154,0.002,0.569,8.314,36.760
8306,4.778,2.979,18.948,0.137,0.161,0.002,0.534,8.331,35.893
8307,4.754,2.061,18.033,0.137,0.157,0.002,0.542,8.220,33.925
8308,5.312,2.788,25.324,0.144,0.158,0.003,12.248,8.433,55.082
8309,5.575,2.483,19.215,0.156,0.160,0.003,0.505,8.282,36.374
8310,4.588,2.151,20.773,0.159,0.159,0.003,0.521,8.218,36.576
8311,5.314,2.033,17.885,0.140,0.157,0.002,0.522,8.408,34.483
8312,5.204,2.262,20.744,0.137,0.156,0.002,0.523,8.488,37.538
8313,4.449,2.197,17.526,0.154,0.158,0.005,0.529,8.217,33.233
8314,5.303,2.232,18.918,0.142,0.157,0.003,0.508,8.470,35.746
8315,5.115,2.334,18.674,0.139,0.157,0.003,0.543,8.348,35.345
8316,4.819,2.522,17.260,0.141,0.158,0.002,0.518,8.337,33.771
8317,4.505,2.354,17.192,0.153,0.161,0.002,0.522,8.463,33.346
8318,5.208,2.300,18.360,0.140,0.159,0.003,0.517,8.407,35.103
8319,9.143,3.264,25.787,0.139,0.158,0.003,0.522,9.041,48.080
8320,6.153,2.290,29.760,0.140,0.157,0.002,0.573,8.570,47.673
8321,5.062,2.492,33.334,0.136,0.153,0.002,0.706,8.863,50.820
8322,7.461,3.757,38.920,0.155,0.152,0.002,0.644,9.841,61.000
8323,6.584,3.417,28.790,0.137,0.152,0.002,0.562,8.762,48.445
8324,6.437,2.247,33.429,0.138,0.148,0.002,0.575,8.900,51.932
8325,5.221,2.997,22.579,0.134,0.157,0.002,0.541,8.699,41.033
8326,4.729,1.966,19.846,0.137,0.155,0.002,0.551,8.433,35.863
8327,5.269,3.822,19.855,0.137,0.155,0.002,0.530,8.867,38.680
8328,5.652,1.906,32.055,0.136,0.156,0.003,0.529,8.644,49.116
8329,5.170,3.547,20.650,0.135,0.157,0.004,0.520,8.388,38.602
8330,5.377,1.885,17.687,0.151,0.160,0.003,0.521,8.303,34.105
8331,4.703,1.869,17.627,0.137,0.157,0.002,0.512,8.259,33.301
8332,4.939,2.023,22.868,0.143,0.157,0.003,0.502,8.285,38.953
8333,4.972,2.174,17.330,0.142,0.155,0.002,0.520,8.487,33.814
8334,4.298,2.261,17.542,0.135,0.151,0.004,0.512,8.203,33.147
8335,5.035,2.757,17.423,0.139,0.155,0.002,0.503,8.280,34.322
8336,4.403,2.046,33.320,0.136,0.159,0.002,0.531,8.944,49.581
8337,5.648,2.347,17.615,0.144,0.158,0.003,0.502,8.233,34.668
8338,4.920,2.194,17.482,0.138,0.155,0.003,0.529,9.553,35.737
8339,5.008,2.504,17.856,0.144,0.160,0.002,0.558,8.244,34.488
8340,4.774,2.541,17.507,0.145,0.154,0.002,0.519,8.354,34.014
8341,4.826,3.358,19.267,0.138,0.159,0.002,0.514,8.266,36.548
8342,4.694,2.485,17.841,0.133,0.156,0.003,0.538,8.580,34.455
8343,5.116,3.122,23.446,0.136,0.154,0.003,0.598,8.922,41.541
8344,6.080,2.727,23.167,0.139,0.156,0.002,0.530,8.890,41.718
8345,5.296,6.083,18.792,0.137,0.158,0.003,0.536,8.256,39.281
8346,5.735,5.586,20.360,0.130,0.154,0.002,0.527,8.367,40.894
8347,6.063,2.598,25.475,0.137,0.155,0.002,0.525,8.443,43.443
8348,4.578,2.399,28.735,0.141,0.156,0.002,0.532,8.325,44.886
8349,4.716,4.397,17.776,0.134,0.154,0.002,0.535,8.304,36.040
8350,4.512,2.451,19.485,0.132,0.156,0.002,0.540,8.647,35.947
8351,9.993,2.949,21.769,0.137,0.159,0.003,0.596,8.449,44.073
8352,5.819,2.559,17.973,0.131,0.158,0.002,0.538,8.247,35.453
8353,5.444,2.315,17.797,0.136,0.161,0.002,0.521,8.469,34.855
8354,4.927,2.415,17.932,0.136,0.160,0.002,0.542,8.321,34.445
8355,5.267,4.059,20.242,0.134,0.159,0.003,0.528,8.398,38.809
8356,4.306,1.994,18.939,0.131,0.160,0.002,12.034,8.243,46.956
8357,4.501,2.366,17.420,0.135,0.160,0.002,0.510,8.389,33.505
8358,5.794,2.400,19.454,0.135,0.154,0.002,0.571,8.499,37.058
8359,5.009,4.110,24.107,0.136,0.156,0.002,0.513,8.356,42.422
8360,5.358,2.764,18.513,0.135,0.155,0.002,10.571,8.881,47.831
8361,5.412,2.678,22.681,0.132,0.150,0.002,0.542,8.528,40.149
8362,5.559,4.140,23.559,0.141,0.151,0.003,0.670,9.385,43.654
8363,6.275,3.180,25.411,0.139,0.151,0.002,0.542,8.511,44.226
8364,4.682,2.917,18.314,0.138,0.150,0.003,0.512,8.840,35.573
8365,5.123,4.827,18.714,0.249,0.153,0.003,0.572,8.545,38.102
8366,4.959,2.691,18.777,0.165,0.176,0.004,0.516,8.438,35.685
8367,6.122,2.634,18.484,0.135,0.157,0.003,0.510,8.520,36.570
8368,6.085,2.021,26.434,0.142,0.158,0.002,0.525,8.385,43.758
8369,5.844,4.125,18.195,0.134,0.157,0.003,0.531,8.292,37.299
8370,5.671,2.682,23.832,0.135,0.159,0.002,0.612,8.544,41.678
8371,4.895,2.570,23.188,0.143,0.159,0.002,0.545,8.477,40.137
8372,5.612,2.489,29.787,0.137,0.151,0.002,0.562,8.160,46.935
8373,4.835,2.931,21.138,0.138,0.152,0.002,0.545,8.515,38.275
8374,5.380,4.751,17.794,0.136,0.148,0.003,0.530,8.396,37.161
8375,4.732,2.771,38.035,0.139,0.152,0.003,0.664,8.936,55.478
8376,4.973,3.280,25.655,0.130,0.150,0.002,0.530,8.711,43.456
8377,5.857,2.913,19.030,0.138,0.150,0.002,0.612,8.628,37.373
8378,4.843,2.460,19.056,0.136,0.150,0.003,12.116,8.500,47.963
8379,4.727,2.483,20.293,0.135,0.151,0.002,0.551,8.535,36.908
8380,4.513,2.867,27.694,0.131,0.147,0.002,0.546,8.430,44.373
8381,4.505,2.763,17.513,0.146,0.158,0.002,0.531,8.287,33.910
8382,4.635,2.294,21.773,0.135,0.151,0.002,0.548,8.377,37.940
8383,4.884,2.788,23.796,0.138,0.150,0.002,0.532,8.711,41.019
8384,4.481,3.051,37.811,0.137,0.154,0.002,0.618,9.366,55.674
8385,5.874,2.226,21.468,0.141,0.151,0.002,0.522,8.348,38.757
8386,4.634,2.270,18.498,0.137,0.150,0.003,9.848,8.394,44.596
8387,4.978,2.375,24.259,0.138,0.150,0.012,0.555,8.707,41.320
8388,4.955,2.258,19.090,0.136,0.150,0.003,0.538,8.485,35.639
8389,5.915,3.346,28.146,0.138,0.152,0.002,0.535,8.461,46.719
8390,4.512,2.432,20.207,0.136,0.149,0.002,0.518,8.405,36.382
8391,7.201,4.825,26.267,0.139,0.152,0.003,0.611,8.330,47.541
8392,6.760,2.258,27.462,0.136,0.151,0.002,0.622,7.853,45.282
8393,5.350,2.561,18.857,0.137,0.155,0.002,0.558,8.811,36.469
8394,5.617,2.464,18.562,0.134,0.153,0.002,0.564,8.463,35.981
8395,5.072,3.271,17.672,0.137,0.155,0.003,0.533,8.312,35.179
8396,4.385,2.754,25.997,0.136,0.162,0.007,0.542,8.787,42.783
8397,5.131,4.667,20.194,0.134,0.159,0.002,0.541,8.979,39.833
8398,5.204,2.587,24.042,0.134,0.158,0.002,0.571,8.776,41.502
8399,5.054,4.126,22.847,0.142,0.162,0.003,0.537,8.267,41.168
8400,5.042,2.318,27.840,0.133,0.160,0.002,11.076,8.478,55.673
8401,4.790,2.497,21.084,0.133,0.156,0.002,0.499,8.316,37.493
8402,4.887,2.346,18.571,0.137,0.154,0.003,0.566,9.365,36.045
8403,5.023,3.012,21.504,0.144,0.160,0.003,0.555,8.434,38.839
8404,4.575,2.373,28.021,0.142,0.167,0.002,0.566,8.630,44.471
8405,5.062,2.472,18.387,0.133,0.154,0.002,0.538,8.284,35.061
8406,4.374,2.495,19.851,0.137,0.159,0.002,0.522,8.235,35.784
8407,4.999,2.521,35.037,0.134,0.173,1.406,0.546,9.204,52.640
8408,8.127,3.285,35.207,0.137,0.168,0.002,0.632,8.719,56.292
8409,4.957,2.784,22.029,0.136,0.167,0.002,0.564,8.624,39.275
8410,9.714,2.870,28.072,0.132,0.165,0.002,0.546,8.344,49.856
8411,4.979,2.908,18.090,0.134,0.162,0.002,0.531,8.264,35.077
8412,5.584,2.169,21.959,0.131,0.163,0.002,0.570,8.355,38.959
8413,5.049,2.652,20.256,0.130,0.158,0.002,10.062,8.237,47.276
8414,4.415,2.533,20.369,0.136,0.164,0.002,0.544,8.814,36.995
8415,4.583,2.867,19.970,0.139,0.164,0.003,0.534,8.572,36.827
8416,5.670,2.092,22.554,0.144,0.165,0.003,0.550,8.547,39.712
8417,4.226,2.228,17.497,0.131,0.168,0.002,0.528,8.447,33.216
8418,4.692,2.293,18.329,0.139,0.173,0.003,0.580,8.382,34.582
8419,4.882,2.726,17.838,0.128,0.166,0.002,0.537,8.359,34.629
8420,4.678,2.222,24.657,0.139,0.169,0.004,0.596,9.282,41.800
8421,4.625,2.386,17.599,0.125,0.174,0.002,10.275,8.264,44.237
8422,4.433,2.242,21.351,0.125,0.164,0.003,0.523,8.802,37.672
8423,5.168,2.905,20.632,0.126,0.172,0.002,0.531,8.426,37.990
8424,5.252,2.162,25.996,0.128,0.168,0.002,0.559,8.740,43.038
8425,5.081,2.336,22.041,0.133,0.170,0.002,0.603,8.562,38.968
8426,5.063,2.678,18.347,0.129,0.177,0.002,10.737,8.701,46.455
8427,4.633,2.627,20.581,0.131,0.165,0.002,0.564,8.909,37.622
8428,5.212,1.826,24.053,0.130,0.167,0.002,0.518,8.268,40.173
8429,4.928,2.680,17.818,0.128,0.169,0.002,0.529,8.464,34.723
8430,6.420,2.460,28.969,0.130,0.174,0.002,0.610,8.357,47.126
8431,6.023,3.123,19.044,0.128,0.174,0.002,0.514,8.422,37.431
8432,4.735,2.300,26.141,0.130,0.176,0.717,0.549,8.535,42.566
8433,4.317,2.184,17.875,0.130,0.179,1.192,0.566,8.318,33.572
8434,4.872,2.334,29.499,0.130,0.196,0.697,0.548,8.559,46.121
8435,5.009,2.097,30.094,0.131,0.189,0.002,0.543,8.448,46.493
8436,4.621,1.703,19.138,0.124,0.186,0.002,0.598,8.434,34.810
8437,4.419,2.031,20.060,0.129,0.189,0.003,0.551,8.360,35.715
8438,4.648,1.980,17.365,0.134,0.192,0.002,0.519,8.239,33.047
8439,4.680,1.897,19.509,0.129,0.190,0.003,0.558,8.387,35.345
8440,5.866,2.216,23.868,0.123,0.192,0.002,0.544,8.979,41.791
8441,4.761,1.733,23.804,0.127,0.191,0.002,0.599,8.689,39.928
8442,4.431,2.644,27.975,0.128,0.189,0.002,0.600,8.828,44.801
8443,6.260,7.552,34.469,0.131,0.189,0.003,0.569,8.654,57.836
8444,6.364,5.229,49.433,0.133,0.182,1.164,0.597,8.354,70.281
8445,7.783,2.749,31.187,0.150,0.184,0.002,0.529,8.468,51.010
8446,4.871,2.124,18.347,0.134,0.181,0.002,0.542,8.271,34.455
8447,4.931,6.112,28.841,0.135,0.184,0.003,0.528,8.234,48.942
8448,6.273,2.292,32.441,0.133,0.185,0.002,0.562,8.799,50.673
8449,5.902,2.077,28.221,0.130,0.181,0.002,0.588,8.525,45.633
8450,5.251,2.215,39.389,0.134,0.184,0.002,0.602,9.620,57.399
8451,9.991,4.721,31.656,0.134,0.182,0.003,0.547,8.586,55.804
8452,7.102,3.068,39.279,0.161,0.184,0.003,0.551,8.595,58.892
8453,6.230,2.710,23.052,0.137,0.182,0.003,0.634,8.284,41.229
8454,4.777,2.731,24.827,0.138,0.186,0.002,0.724,8.729,42.093
8455,5.169,2.997,21.331,0.143,0.187,0.004,0.550,8.610,38.958
8456,5.148,2.297,30.060,0.132,0.183,0.002,0.551,8.389,46.747
8457,5.500,2.976,20.378,0.134,0.180,0.002,0.581,8.464,38.216
8458,5.373,2.669,24.890,0.132,0.178,0.002,0.549,8.519,42.303
8459,4.859,2.849,19.318,0.136,0.177,0.002,0.550,8.895,36.773
8460,4.274,2.359,19.909,0.131,0.176,0.002,0.532,8.398,35.772
8461,4.386,2.375,22.236,0.132,0.176,0.002,0.536,8.265,38.091
8462,4.714,2.502,18.037,0.133,0.179,0.002,0.559,8.557,34.679
8463,5.120,5.165,18.331,0.134,0.177,0.002,0.543,8.407,37.858
8464,4.671,2.522,18.520,0.136,0.176,0.004,0.512,8.396,34.911
8465,5.200,2.308,17.206,0.133,0.179,0.002,0.518,8.209,33.735
8466,5.134,2.157,19.145,0.131,0.179,0.002,0.499,8.584,35.813
8467,5.528,2.531,18.397,0.133,0.175,0.002,0.493,8.487,35.731
8468,4.975,40.975,19.479,0.148,0.183,0.003,0.522,8.252,74.498
8469,4.613,6.389,25.281,0.133,0.172,0.002,0.540,9.434,46.554
8470,6.150,2.295,21.137,0.135,0.171,0.002,0.587,9.935,40.422
8471,5.934,2.698,22.527,0.138,0.174,0.003,0.534,8.445,40.434
8472,5.643,2.204,25.283,0.128,0.172,0.002,0.543,10.096,44.073
8473,22.385,2.883,29.756,0.133,0.192,0.846,0.536,9.019,64.880
8474,5.254,3.013,20.691,0.128,0.186,0.002,0.516,8.268,38.032
8475,4.961,2.630,21.350,0.141,0.186,0.002,0.536,8.473,38.247
8476,4.722,2.234,18.821,0.127,0.185,0.003,0.550,8.501,35.127
8477,4.718,2.306,19.339,0.127,0.184,0.002,0.820,8.380,35.869
8478,4.495,2.581,18.821,0.128,0.183,0.002,0.531,8.274,34.999
8479,5.144,2.552,19.283,0.128,0.187,0.002,0.546,8.246,36.078
8480,4.162,2.281,17.995,0.142,0.190,0.003,0.530,8.285,33.556
8481,4.953,3.165,17.411,0.131,0.187,0.002,0.542,8.444,34.815
8482,4.809,2.176,17.861,0.130,0.185,0.002,0.520,8.327,33.986
8483,5.465,2.004,17.364,0.135,0.190,0.002,0.511,8.342,33.980
8484,4.188,2.178,17.344,0.137,0.186,0.003,0.514,8.515,33.036
8485,4.549,2.428,17.851,0.129,0.186,0.002,0.529,8.236,33.893
8486,4.729,2.055,17.510,0.131,0.187,0.002,0.498,8.294,33.374
8487,4.962,1.981,18.709,0.133,0.185,0.002,0.533,8.568,35.048
8488,4.597,2.060,17.496,0.133,0.188,0.002,0.510,8.239,33.202
8489,4.601,2.239,17.694,0.133,0.188,0.003,0.509,8.305,33.640
8490,5.013,2.068,17.334,0.135,0.191,0.002,0.504,8.266,33.477
8491,4.390,1.847,17.348,0.126,0.188,0.002,0.517,8.937,33.338
8492,4.670,1.938,17.347,0.136,0.195,0.002,0.495,8.230,32.974
8493,4.638,2.289,17.645,0.126,0.189,0.002,0.520,8.200,33.591
8494,4.174,2.166,17.651,0.132,0.194,0.002,0.521,8.234,33.046
8495,5.098,2.223,23.033,0.132,0.193,0.002,0.527,8.244,39.423
8496,4.143,1.857,17.244,0.127,0.184,0.002,0.501,8.195,32.233
8497,6.030,1.960,17.424,0.129,0.184,0.003,0.510,8.289,34.511
8498,4.371,1.891,17.388,0.129,0.184,0.002,0.517,8.310,32.770
8499,4.345,1.535,17.866,0.131,0.184,0.002,0.517,8.498,33.056
8500,4.798,1.722,18.523,0.125,0.185,0.002,0.507,8.453,34.295
8501,4.964,2.264,17.386,0.127,0.183,0.002,0.506,8.217,33.622
8502,4.886,1.632,17.553,0.128,0.187,0.002,0.520,8.382,33.268
8503,4.533,1.570,19.033,0.128,0.184,0.002,0.511,8.351,34.292
8504,4.544,1.488,17.264,0.129,0.185,0.002,0.521,8.441,32.549
8505,4.632,1.537,26.866,0.137,0.188,0.003,0.580,8.914,42.936
8506,8.186,2.710,25.124,0.129,0.184,0.002,0.624,9.109,46.100
8507,8.611,4.229,25.762,0.144,0.184,0.003,0.525,8.266,47.687
8508,6.307,1.622,20.575,0.132,0.186,0.002,0.536,8.321,37.664
8509,4.910,1.686,18.547,0.129,0.203,0.003,0.503,8.507,34.448
8510,4.539,2.515,18.580,0.129,0.190,0.002,0.501,8.333,34.765
8511,4.713,1.736,17.902,0.134,0.198,0.002,0.534,8.256,33.447
8512,4.486,1.897,17.786,0.125,0.185,0.002,0.525,8.633,33.619
8513,5.583,1.980,17.818,0.127,0.183,0.003,0.535,8.236,34.443
8514,4.656,2.222,17.446,0.127,0.184,0.002,0.510,8.367,33.490
8515,4.509,1.855,20.615,0.124,0.185,0.002,0.514,8.318,36.106
8516,4.371,1.622,17.375,0.129,0.185,0.002,0.500,8.472,32.623
8517,4.742,1.574,18.233,0.127,0.191,0.002,0.526,8.311,33.677
8518,4.768,1.818,17.577,0.124,0.186,0.002,0.521,8.592,33.566
8519,5.060,1.550,18.649,0.132,0.188,0.002,0.514,8.524,34.587
8520,3.870,1.456,17.180,0.128,0.179,1.588,0.480,8.486,31.754
8521,4.384,1.510,19.623,0.131,0.179,0.002,0.513,8.677,35.014
8522,5.437,1.532,18.755,0.140,0.180,0.002,0.520,8.381,34.915
8523,4.698,1.814,18.500,0.207,0.204,0.005,0.530,8.315,34.149
8524,4.827,1.448,18.304,0.167,0.174,0.737,0.537,8.342,33.752
8525,4.957,1.778,19.265,0.135,0.171,0.002,0.530,8.508,35.332
8526,4.308,1.774,19.081,0.141,0.173,0.003,0.565,8.333,34.353
8527,4.329,1.587,22.965,0.132,0.168,0.002,0.584,8.417,38.184
8528,6.152,1.592,18.496,0.142,0.170,0.002,0.519,8.267,35.315
8529,4.381,1.549,18.959,0.144,0.168,0.003,0.536,8.568,34.287
8530,4.605,1.776,17.816,0.148,0.164,0.003,0.533,8.402,33.421
8531,5.010,1.507,18.435,0.142,0.167,0.002,0.525,8.341,34.113
8532,4.403,1.989,17.248,0.142,0.166,0.002,0.517,8.206,32.653
8533,4.600,1.549,17.379,0.198,0.169,0.004,0.514,8.325,32.662
8534,5.368,1.521,17.543,0.136,0.168,0.002,0.520,8.363,33.607
8535,4.357,1.876,18.904,0.138,0.173,0.003,0.527,8.242,34.202
8536,4.893,1.522,18.693,0.136,0.157,0.905,0.543,8.249,34.207
8537,4.867,1.677,18.424,0.137,0.162,0.002,0.522,8.294,34.080
8538,4.868,1.620,18.467,0.136,0.161,0.655,0.516,8.578,34.345
8539,4.569,1.736,21.011,0.136,0.155,0.002,0.545,8.365,36.534
8540,4.768,1.488,17.718,0.137,0.155,0.002,0.509,8.303,33.081
8541,4.914,1.737,17.645,0.136,0.157,0.003,0.521,8.306,33.417
8542,4.721,1.552,17.353,0.135,0.153,0.002,0.527,8.583,33.032
8543,4.691,1.623,20.059,0.139,0.160,0.003,0.518,8.601,35.801
8544,4.970,1.497,17.494,0.134,0.154,0.003,0.543,8.244,33.060
8545,4.763,1.533,18.391,0.140,0.149,0.002,0.526,8.512,34.016
8546,4.838,1.748,19.188,0.139,0.148,0.002,0.517,8.286,34.876
8547,5.744,1.457,17.877,0.138,0.152,0.002,11.955,8.224,46.972
8548,4.389,1.565,17.856,0.133,0.151,0.002,0.520,8.294,32.933
8549,5.491,1.523,17.541,0.131,0.181,0.746,0.510,8.461,33.834
8550,4.806,2.048,17.782,0.137,0.213,0.738,0.529,8.309,33.775
8551,4.276,1.580,17.576,0.141,0.215,0.002,0.518,8.412,32.662
8552,4.364,1.690,17.248,0.140,0.215,0.002,0.517,8.247,32.361
8553,4.908,1.742,17.621,0.143,0.207,0.003,0.502,8.382,33.447
8554,5.049,1.761,26.563,0.134,0.214,0.002,0.542,8.472,42.690
8555,5.940,2.268,34.410,0.135,0.221,0.002,0.564,8.574,52.062
8556,5.021,2.546,17.816,0.135,0.214,0.002,0.585,8.461,34.742
8557,5.259,1.668,19.060,0.134,0.213,0.002,0.551,8.314,35.155
8558,4.402,2.048,18.084,0.135,0.216,0.002,0.598,8.431,33.878
8559,5.026,1.726,21.526,0.136,0.214,0.002,0.518,8.134,37.227
8560,4.449,1.597,17.707,0.131,0.207,0.002,0.630,8.343,33.042
8561,4.918,1.927,17.797,0.135,0.205,0.002,0.509,8.287,33.741
8562,4.937,1.578,17.540,0.136,0.208,0.003,0.501,8.212,33.060
8563,4.230,1.510,18.488,0.140,0.209,0.002,0.496,8.727,33.752
8564,4.276,1.825,17.401,0.134,0.213,0.002,0.517,8.210,32.529
8565,5.259,1.528,17.792,0.131,0.210,0.002,0.541,8.240,33.666
8566,4.291,1.489,17.392,0.133,0.213,0.003,0.525,8.548,32.555
8567,4.314,1.675,17.628,0.137,0.209,0.002,0.519,8.270,32.705
8568,6.710,1.587,20.343,0.133,0.213,0.002,0.516,8.243,37.699
8569,4.573,1.608,17.406,0.137,0.212,0.002,0.506,8.266,32.659
8570,4.972,1.890,17.245,0.137,0.212,0.002,0.502,8.203,33.120
8571,4.354,1.834,18.020,0.142,0.215,0.002,0.494,8.570,33.578
8572,4.405,1.644,17.457,0.134,0.209,0.002,0.526,8.475,33.530
8573,4.678,1.618,17.651,0.134,0.180,0.757,0.517,8.301,34.267
8574,4.570,1.863,18.186,0.136,0.181,0.003,0.519,8.313,34.474
8575,4.304,1.917,19.309,0.140,0.181,0.003,0.504,8.544,34.901
8576,4.476,1.815,17.788,0.144,0.192,0.003,0.485,8.294,33.170
8577,4.599,1.948,17.312,0.134,0.182,0.003,0.488,8.250,32.919
8578,4.930,1.599,17.465,0.136,0.180,0.003,0.537,8.272,33.132
8579,4.259,1.675,18.168,0.138,0.171,0.002,0.519,8.569,33.514
8580,4.113,1.531,17.152,0.136,0.172,0.002,0.495,8.282,31.891
8581,5.113,1.618,21.989,0.134,0.179,0.002,0.542,8.300,37.883
8582,4.783,2.579,17.687,0.135,0.177,0.002,0.526,8.537,34.433
8583,4.379,1.586,18.706,0.141,0.179,0.002,0.501,8.789,34.284
8584,5.101,1.642,17.733,0.143,0.176,0.002,0.541,9.933,36.432
8585,5.023,2.621,22.921,0.146,0.182,0.003,0.561,8.273,39.737
8586,5.045,1.656,17.703,0.143,0.180,0.003,0.517,8.309,33.549
8587,4.378,1.688,18.017,0.137,0.187,0.002,0.546,8.423,33.375
8588,4.466,1.965,17.678,0.134,0.184,0.002,0.539,8.259,33.229
8589,4.445,1.629,17.470,0.137,0.188,0.002,0.518,8.235,32.610
8590,4.960,1.866,17.428,0.134,0.182,0.002,0.520,8.258,33.353
8591,4.421,1.701,17.588,0.138,0.190,0.002,0.493,8.234,32.756
8592,4.583,1.794,17.984,0.140,0.184,0.002,0.505,8.289,33.502
8593,5.095,1.803,17.634,0.141,0.190,0.002,0.540,8.322,33.716
8594,4.630,3.240,24.034,0.133,0.177,0.002,0.551,8.760,41.545
8595,5.671,2.307,23.815,0.142,0.150,0.807,0.555,8.439,41.122
8596,4.614,2.099,19.015,0.139,0.152,0.002,0.529,8.330,34.905
8597,5.616,2.288,18.913,0.135,0.158,0.002,0.542,8.307,35.983
8598,5.344,2.040,17.895,0.136,0.154,0.002,0.536,8.522,34.650
8599,5.267,2.542,22.688,0.136,0.156,0.003,0.535,10.329,41.677
8600,4.366,2.046,17.453,0.142,0.159,0.002,0.499,8.342,33.016
8601,4.758,2.208,17.686,0.137,0.151,0.002,0.527,8.378,33.868
8602,4.938,1.691,19.170,0.135,0.150,0.002,0.518,8.298,34.931
8603,4.716,1.720,18.950,0.135,0.151,0.002,0.532,8.379,34.612
8604,4.480,2.243,17.803,0.135,0.154,0.002,0.571,8.275,33.689
8605,4.717,2.322,18.743,0.135,0.155,0.002,0.531,8.365,34.993
8606,5.010,2.255,18.804,0.134,0.147,0.002,0.535,8.356,35.274
8607,4.950,2.116,18.081,0.137,0.160,0.003,0.539,8.344,34.342
8608,4.905,1.834,17.779,0.134,0.154,0.003,0.536,8.271,33.661
8609,4.484,1.988,18.238,0.138,0.178,0.776,0.533,8.297,33.849
8610,4.419,1.876,17.307,0.136,0.180,0.002,0.504,8.471,32.884
8611,5.107,1.876,18.059,0.137,0.185,0.002,0.544,8.523,34.425
8612,4.452,1.956,17.296,0.137,0.180,0.002,0.506,8.477,32.991
8613,4.737,2.197,17.978,0.139,0.176,0.003,0.520,8.221,34.827
8614,4.912,1.866,17.440,0.133,0.178,0.002,0.505,8.341,33.382
8615,5.474,1.530,18.464,0.133,0.179,0.002,0.517,8.284,34.599
8616,4.691,1.494,19.015,0.135,0.174,0.003,0.509,8.267,34.292
8617,4.975,1.984,17.665,0.133,0.208,1.508,0.508,8.429,33.875
8618,4.873,1.970,17.548,0.138,0.208,0.002,0.523,8.541,33.769
8619,4.615,1.507,19.016,0.144,0.213,0.003,0.520,8.338,34.316
8620,4.879,1.627,21.236,0.134,0.216,0.003,0.566,8.368,37.011
8621,4.747,1.969,19.054,0.135,0.213,0.002,0.514,8.500,35.106
8622,5.122,1.792,20.236,0.137,0.210,0.002,0.525,8.391,36.383
8623,4.716,1.746,22.539,0.133,0.212,0.002,0.518,8.562,38.410
8624,4.552,1.816,18.781,0.139,0.217,0.002,0.530,8.256,34.261
8625,4.460,1.530,18.544,0.136,0.214,0.003,0.523,8.262,33.637
8626,4.228,1.842,17.779,0.134,0.216,0.002,0.516,8.287,32.973
8627,4.858,1.584,17.834,0.132,0.214,0.002,0.524,8.479,33.600
8628,5.473,1.502,17.708,0.133,0.209,0.002,0.525,10.009,35.541
8629,4.657,1.572,18.187,0.136,0.209,0.002,0.535,8.512,33.789
8630,4.356,2.292,18.666,0.133,0.212,0.002,0.514,8.581,34.738
8631,4.675,1.717,18.177,0.133,0.214,0.002,0.496,8.212,33.594
8632,5.122,1.498,19.017,0.133,0.214,0.003,0.571,8.458,34.999
8633,4.878,1.869,18.885,0.133,0.210,0.003,0.516,8.271,34.737
8634,5.226,1.574,21.758,0.132,0.207,0.002,0.549,8.497,37.933
8635,4.493,1.683,20.914,0.130,0.210,0.002,0.532,8.299,36.250
8636,4.770,1.458,18.350,0.134,0.224,0.002,0.523,8.297,33.712
8637,4.963,1.722,17.761,0.133,0.214,0.002,0.528,8.340,33.630
8638,4.338,2.124,17.699,0.127,0.209,0.002,0.517,8.319,33.313
8639,4.585,1.616,18.779,0.133,0.217,0.002,0.507,8.681,34.486
8640,3.986,1.649,17.223,0.133,0.220,0.002,0.490,8.214,31.875
8641,5.111,1.707,17.249,0.134,0.206,0.002,0.488,8.240,33.108
8642,5.367,1.534,17.343,0.131,0.206,0.002,0.518,8.570,33.649
8643,5.069,1.471,19.370,0.132,0.208,0.002,0.514,8.305,35.044
8644,5.050,1.970,18.900,0.132,0.210,0.002,0.516,8.270,35.024
8645,4.903,1.736,19.292,0.133,0.198,0.727,0.520,8.238,35.018
8646,5.211,1.653,18.018,0.162,0.197,0.003,0.516,8.221,33.936
8647,4.716,1.577,18.163,0.138,0.206,0.002,0.527,8.762,34.078
8648,5.245,1.616,18.150,0.133,0.196,0.002,0.532,8.284,34.151
8649,4.690,1.526,19.049,0.130,0.164,0.629,0.565,8.324,34.490
8650,4.756,2.082,17.524,0.131,0.171,0.003,0.524,8.303,33.510
8651,4.633,1.523,18.171,0.132,0.171,0.002,0.556,8.738,33.957
8652,4.251,1.459,17.467,0.133,0.168,0.002,0.506,8.227,32.223
8653,5.675,1.703,17.861,0.134,0.178,0.002,0.517,8.264,34.333
8654,4.928,1.473,17.781,0.127,0.168,0.002,0.509,8.439,33.443
8655,4.635,1.488,17.476,0.131,0.169,0.002,0.495,8.477,32.882
8656,4.311,1.468,17.205,0.129,0.167,0.002,0.530,8.592,32.424
8657,4.582,1.492,18.404,0.133,0.168,0.002,0.523,8.237,33.559
8658,4.337,1.481,17.365,0.140,0.170,0.003,0.515,8.332,32.343
8659,4.638,1.761,18.606,0.138,0.171,0.002,0.507,9.007,34.841
8660,4.220,1.481,17.474,0.129,0.172,0.002,0.534,8.248,33.855
8661,5.163,1.454,17.438,0.128,0.170,0.002,0.512,8.190,33.071
8662,4.251,2.721,17.846,0.133,0.180,0.002,0.530,8.861,34.534
8663,5.214,1.693,102.100,0.130,0.167,0.002,1.010,9.018,119.455
8664,11.985,2.332,40.592,0.130,0.169,0.003,0.658,8.922,65.568
8665,6.655,2.097,20.095,0.130,0.176,0.002,0.540,8.360,38.056
8666,4.989,1.807,19.971,0.131,0.181,0.002,0.564,8.473,36.121
8667,4.913,1.657,20.897,0.129,0.190,0.768,0.528,8.760,37.060
8668,5.238,1.990,19.062,0.126,0.187,0.002,0.557,8.475,35.638
8669,5.481,3.579,19.071,0.128,0.189,0.002,0.574,8.382,37.404
8670,5.645,2.513,19.982,0.125,0.188,0.002,0.546,8.440,37.442
8671,5.024,2.521,22.525,0.129,0.188,0.002,0.546,8.662,39.590
8672,4.827,2.246,21.035,0.130,0.188,0.002,0.529,8.328,37.278
8673,5.741,2.112,24.673,0.130,0.178,0.759,0.909,9.243,43.049
8674,4.551,3.082,20.090,0.125,0.189,0.688,0.529,8.554,37.114
8675,5.490,2.363,20.873,0.125,0.188,0.002,0.539,8.495,38.074
8676,4.585,1.876,18.061,0.128,0.186,0.002,11.243,8.354,45.318
8677,5.096,1.962,17.677,0.126,0.189,0.002,0.509,8.259,33.805
8678,5.142,2.049,17.788,0.124,0.189,0.002,10.210,8.241,44.383
8679,4.953,1.922,18.537,0.125,0.189,0.002,0.494,9.056,35.257
8680,4.399,2.130,17.447,0.129,0.187,0.002,0.515,8.240,33.026
8681,4.747,2.233,17.555,0.128,0.187,0.002,0.505,8.279,33.615
8682,4.339,2.422,18.484,0.124,0.191,0.002,0.524,8.266,34.327
8683,4.940,2.505,18.581,0.130,0.195,0.002,0.526,8.890,35.744
8684,4.350,2.304,17.313,0.126,0.186,0.002,0.495,8.240,32.995
8685,4.618,2.256,17.747,0.135,0.201,0.002,0.523,8.496,33.932
8686,4.382,9.845,17.138,0.129,0.192,0.002,0.526,8.292,40.475
8687,4.768,2.788,20.916,0.128,0.186,0.002,0.526,8.356,37.648
8688,4.832,2.380,17.468,0.129,0.180,0.002,0.506,8.464,33.938
8689,4.590,2.264,17.718,0.130,0.164,0.679,10.535,8.249,44.415
8690,4.953,2.270,17.298,0.127,0.173,0.002,9.315,8.230,43.156
8691,4.558,2.226,17.724,0.128,0.170,0.002,0.500,8.239,33.606
8692,4.158,2.172,17.657,0.129,0.168,0.002,0.521,8.973,33.838
8693,4.580,2.500,17.230,0.129,0.167,0.002,0.517,8.338,33.519
8694,4.774,2.627,17.960,0.127,0.169,0.002,0.529,8.283,34.525
8695,4.523,2.503,18.224,0.129,0.164,0.002,0.513,8.237,34.359
8696,4.267,2.229,17.382,0.129,0.170,0.002,0.510,8.291,33.032
8697,4.585,2.267,17.303,0.130,0.170,0.002,0.498,8.247,33.252
8698,4.310,2.735,17.755,0.128,0.165,0.002,0.513,8.219,33.887
8699,4.305,2.280,17.614,0.134,0.172,0.002,0.506,8.376,33.434
8700,3.900,2.113,17.085,0.132,0.163,0.002,0.480,8.201,32.119
8701,4.626,2.478,21.782,0.132,0.165,0.002,0.510,8.212,37.951
8702,4.320,2.447,17.636,0.129,0.169,0.002,0.507,8.421,33.679
8703,5.261,2.109,17.339,0.129,0.166,0.002,0.502,8.303,33.866
8704,4.577,2.188,17.272,0.129,0.200,1.391,0.501,8.257,33.145
8705,4.606,2.270,17.531,0.127,0.204,0.002,0.481,8.223,33.456
8706,4.434,1.974,17.770,0.127,0.197,0.002,0.501,8.253,33.281
8707,5.623,2.001,18.118,0.132,0.199,0.003,0.509,8.505,35.105
8708,4.382,2.136,17.313,0.132,0.203,0.003,0.501,8.257,32.937
8709,5.685,1.940,17.388,0.128,0.204,0.015,0.496,8.255,34.117
8710,4.956,2.543,17.354,0.140,0.207,0.002,0.507,8.325,34.037
8711,4.809,2.018,17.588,0.142,0.203,0.003,0.530,8.420,33.723
8712,4.584,1.883,17.197,0.134,0.205,0.003,0.509,8.272,32.791
8713,5.154,2.067,17.465,0.138,0.206,0.002,10.440,8.578,44.775
8714,4.941,1.958,17.459,0.130,0.206,0.002,0.527,8.348,33.555
8715,4.587,2.017,18.251,0.136,0.180,0.844,0.525,8.440,34.145
8716,4.151,1.782,17.696,0.134,0.178,0.002,0.545,8.454,32.968
8717,4.909,1.956,17.818,0.134,0.181,0.002,0.504,9.149,34.656
8718,5.708,1.540,23.430,0.133,0.187,0.003,0.514,8.454,39.965
8719,4.765,30.748,16.993,0.131,0.186,0.002,0.518,8.257,61.592
8720,4.225,1.578,17.460,0.133,0.185,0.002,0.502,8.225,32.303
8721,4.211,1.785,18.526,0.137,0.185,0.002,0.498,8.458,33.793
8722,4.743,2.226,17.681,0.135,0.195,0.003,0.502,8.417,33.885
8723,5.275,1.690,17.709,0.135,0.186,0.002,0.522,8.193,33.712
8724,4.653,1.782,18.089,0.134,0.183,0.002,0.508,8.816,34.169
8725,5.345,1.998,18.965,0.134,0.180,0.002,0.537,8.482,35.659
8726,5.151,1.974,18.648,0.130,0.183,0.002,0.531,14.184,40.814
8727,5.283,1.670,17.961,0.131,0.179,0.002,0.506,9.505,35.253
8728,4.621,1.771,18.747,0.136,0.187,0.002,0.504,8.335,34.301
8729,4.480,1.722,17.782,0.135,0.182,0.002,0.517,8.334,33.163
8730,4.177,1.635,17.189,0.134,0.188,0.003,0.523,8.523,32.366
8731,4.985,2.950,17.494,0.139,0.187,0.002,0.505,8.319,34.584
8732,4.313,1.495,23.021,0.140,0.200,0.002,0.523,8.246,37.926
8733,4.309,1.801,20.006,0.139,0.190,0.002,0.511,8.356,35.317
8734,4.451,1.417,17.137,0.140,0.183,0.003,0.493,8.336,32.147
8735,4.719,1.475,17.327,0.140,0.213,0.761,9.987,8.295,42.904
8736,4.459,2.152,23.447,0.131,0.216,0.002,0.507,8.191,39.050
8737,4.218,1.738,19.612,0.135,0.208,0.002,0.529,8.240,34.633
8738,4.167,1.419,17.170,0.131,0.209,0.002,0.509,8.425,31.984
8739,4.987,1.704,17.700,0.136,0.209,0.002,0.507,8.195,33.389
8740,4.311,1.751,17.391,0.147,0.214,0.002,0.517,8.329,32.604
8741,5.217,1.571,18.463,0.131,0.210,0.002,0.516,8.693,34.751
8742,4.181,1.467,17.212,0.131,0.213,0.002,0.515,8.218,31.882
8743,4.633,1.510,17.478,0.142,0.183,0.699,0.505,8.249,32.665
8744,4.315,1.733,17.594,0.134,0.185,0.003,0.505,8.790,33.229
8745,4.591,3.676,17.617,0.131,0.175,0.002,0.500,8.242,34.919
8746,4.584,1.743,17.284,0.129,0.178,0.002,0.512,8.264,32.672
8747,4.597,1.513,17.417,0.135,0.186,0.002,0.519,8.210,32.556
8748,4.266,1.517,20.014,0.134,0.183,0.002,0.494,8.435,35.018
8749,4.898,1.538,17.553,0.132,0.184,0.002,10.559,8.361,44.002
8750,4.376,1.451,17.380,0.136,0.184,0.002,0.508,8.246,32.280
8751,4.635,1.551,17.553,0.132,0.178,0.002,0.519,8.239,32.823
8752,4.743,1.518,24.173,0.133,0.180,0.002,0.524,8.500,39.779
8753,4.191,1.545,18.201,0.156,0.188,0.003,0.516,8.336,33.107
8754,4.511,1.671,17.561,0.137,0.186,0.002,0.515,8.235,32.808
8755,4.626,1.484,17.579,0.163,0.183,0.002,0.524,8.257,32.786
8756,4.351,3.071,18.147,0.143,0.186,0.003,0.508,8.596,34.986
8757,4.333,1.522,19.667,0.132,0.179,0.002,9.763,8.167,45.302
8758,4.232,1.730,17.328,0.134,0.184,0.002,0.496,8.442,32.576
8759,5.088,1.648,20.114,0.134,0.181,0.002,0.523,10.967,38.701
8760,4.520,1.818,17.806,0.133,0.174,0.002,0.562,10.119,35.178
8761,5.176,1.528,21.860,0.132,0.201,0.721,0.516,8.354,37.786
8762,4.189,1.452,17.157,0.131,0.207,0.002,0.508,8.211,31.868
8763,4.584,1.614,17.369,0.133,0.211,0.003,0.508,8.217,32.640
8764,4.968,1.514,19.219,0.167,0.210,0.003,0.511,8.213,34.783
8765,4.645,1.589,19.779,0.148,0.206,0.002,0.521,8.465,35.353
8766,4.193,1.723,17.842,0.138,0.207,0.002,0.511,8.244,32.866
8767,4.887,2.184,17.375,0.138,0.211,0.003,0.514,8.275,33.584
8768,4.594,1.580,21.031,0.133,0.208,0.002,0.514,8.259,36.324
8769,4.924,1.528,18.996,0.136,0.209,0.002,0.513,8.240,34.550
8770,4.315,1.479,17.071,0.130,0.216,0.002,0.498,8.231,31.941
8771,4.785,1.546,17.601,0.130,0.206,0.002,0.490,8.337,33.109
8772,4.760,1.476,17.902,0.136,0.213,0.002,0.528,8.299,33.315
8773,4.621,1.775,18.944,0.134,0.209,0.003,0.511,8.405,34.602
8774,4.680,1.418,17.091,0.133,0.212,0.002,0.504,8.214,32.248
8775,4.808,1.576,17.579,0.146,0.214,0.002,0.494,8.280,33.080
8776,4.420,1.858,18.829,0.141,0.211,0.002,0.511,8.496,34.476
8777,5.023,1.522,18.170,0.148,0.225,0.002,0.500,8.473,34.037
8778,4.225,1.717,17.127,0.137,0.206,0.002,0.474,8.506,32.388
8779,4.646,1.885,17.604,0.139,0.214,0.002,0.505,8.348,33.340
8780,4.750,1.899,18.660,0.138,0.210,0.002,0.521,8.218,34.404
8781,4.584,1.527,19.566,0.140,0.214,0.003,0.510,8.606,35.136
8782,5.264,1.397,17.159,0.136,0.206,0.003,0.501,8.216,32.878
8783,5.032,1.483,17.319,0.145,0.237,0.004,0.482,8.306,32.966
8784,5.011,1.777,18.564,0.136,0.212,0.003,0.514,8.405,34.617
8785,4.666,1.507,17.910,0.135,0.210,0.002,0.489,8.288,33.918
8786,4.615,1.520,18.978,0.134,0.207,0.002,0.516,8.521,34.514
8787,4.944,1.455,17.529,0.141,0.212,0.002,0.551,8.416,33.241
8788,4.862,2.109,18.584,0.138,0.214,0.002,0.518,8.311,34.717
8789,4.375,1.509,17.561,0.136,0.210,0.003,10.784,8.173,43.325
8790,4.159,1.957,17.172,0.132,0.220,0.003,0.508,8.264,32.365
8791,4.610,1.595,17.343,0.133,0.214,0.005,0.500,9.569,33.924
8792,5.162,1.473,21.945,0.138,0.212,0.002,0.515,8.328,37.726
8793,4.189,1.709,18.458,0.142,0.215,0.002,0.514,8.434,33.619
8794,4.183,1.424,17.145,0.143,0.218,0.002,0.495,8.269,31.814
8795,4.682,1.510,17.513,0.135,0.214,0.003,0.509,8.657,33.175
8796,4.395,1.589,17.425,0.132,0.209,0.003,0.496,8.304,32.508
8797,4.401,1.721,17.451,0.135,0.179,0.731,0.507,8.780,33.164
8798,5.015,1.455,17.378,0.139,0.181,0.003,0.517,8.275,32.955
8799,4.618,1.492,17.468,0.138,0.180,0.002,0.480,8.284,32.655
8800,5.050,2.158,18.332,0.167,0.188,0.003,0.518,8.632,34.996
8801,4.981,1.519,20.957,0.150,0.184,0.003,0.500,8.348,36.606
8802,4.694,1.428,17.331,0.277,0.189,0.004,0.531,8.637,32.937
8803,5.299,1.440,17.454,0.145,0.183,0.003,0.501,8.241,33.236
8804,5.285,1.755,17.668,5.050,0.654,0.042,0.507,8.531,34.049
8805,4.344,1.487,21.279,0.261,0.184,0.003,0.512,8.272,36.203
8806,4.264,1.636,17.117,0.134,0.181,0.003,0.526,8.297,32.157
8807,4.628,1.511,17.490,0.131,0.182,0.002,0.500,8.297,33.513
8808,5.511,1.478,23.233,0.136,0.180,0.002,0.512,8.294,39.344
8809,5.559,1.907,19.913,0.145,0.179,0.003,0.481,8.250,36.430
8810,4.479,1.493,17.342,0.153,0.184,0.002,0.523,8.256,32.410
8811,4.613,1.446,17.453,0.137,0.181,0.002,0.500,8.255,32.588
8812,4.946,1.495,24.059,0.135,0.178,0.002,0.494,9.274,40.589
8813,4.897,1.537,18.888,0.138,0.184,0.002,0.513,8.343,35.246
8814,4.259,1.480,17.613,0.130,0.182,0.002,0.505,8.203,33.063
8815,5.161,1.489,17.501,0.142,0.185,0.002,0.516,8.341,33.323
8816,4.939,1.534,18.560,0.191,0.191,0.002,0.514,8.270,34.134
8817,4.422,1.719,17.497,0.137,0.186,0.003,0.500,8.607,33.064
8818,4.858,2.447,17.461,0.162,0.192,0.002,0.506,8.320,33.909
8819,4.653,1.477,17.405,0.134,0.184,0.002,0.498,8.208,32.559
8820,4.292,1.441,17.640,0.139,0.186,0.002,0.531,8.349,32.573
8821,4.638,1.484,19.697,0.138,0.156,0.870,0.502,8.490,35.128
8822,4.728,1.412,17.272,0.131,0.156,0.003,0.500,8.291,32.521
8823,4.676,1.496,17.519,0.145,0.162,0.002,0.496,8.266,32.780
8824,4.997,1.490,17.380,0.142,0.160,0.004,0.506,8.760,33.448
8825,4.716,1.519,17.570,0.136,0.155,0.003,0.533,8.554,33.232
8826,4.732,1.517,17.264,0.136,0.151,0.003,0.501,8.290,32.629
8827,4.620,1.445,17.449,0.137,0.158,0.002,0.502,8.285,32.619
8828,4.335,3.117,19.428,0.134,0.144,0.002,0.516,8.263,35.970
8829,4.243,1.500,18.051,0.135,0.143,0.003,0.507,8.518,33.794
8830,4.751,1.591,17.441,0.133,0.147,0.002,0.519,8.342,32.947
8831,4.639,1.461,17.419,0.129,0.145,0.002,0.529,8.223,32.573
8832,5.040,1.504,18.721,0.135,0.145,0.002,0.500,8.231,34.295
8833,6.086,1.487,19.069,0.132,0.142,0.003,0.514,8.693,36.149
8834,4.295,1.437,17.151,0.132,0.151,0.002,0.509,8.271,31.961
8835,4.567,1.622,17.381,0.142,0.151,0.003,0.524,8.209,32.600
8836,4.549,1.675,18.455,0.132,0.158,0.002,0.509,8.350,33.840
8837,4.298,3.058,18.448,0.131,0.147,0.003,0.514,8.331,34.954
8838,4.471,1.438,17.276,0.133,0.153,0.002,0.491,8.447,32.418
8839,4.679,1.447,17.293,0.135,0.157,0.002,0.526,8.292,32.546
8840,4.971,1.845,18.720,0.133,0.158,0.003,0.525,8.600,34.959
8841,5.254,1.506,18.373,0.134,0.157,0.003,0.513,8.187,34.134
8842,4.259,1.416,17.525,0.133,0.151,0.002,0.507,8.190,32.197
8843,4.614,1.460,17.199,0.134,0.152,0.002,0.499,8.215,32.286
8844,4.400,1.503,22.257,0.138,0.157,0.003,9.973,8.208,48.063
8845,4.426,1.719,17.338,0.134,0.160,0.002,0.487,8.191,32.495
8846,4.385,1.630,17.472,0.139,0.151,0.003,0.516,8.401,32.732
8847,4.652,1.491,17.917,0.144,0.163,1.197,0.525,8.511,33.430
8848,4.805,2.717,23.832,0.146,0.158,0.002,0.522,8.615,40.829
8849,4.433,1.550,17.482,0.161,0.166,0.003,0.530,8.214,32.557
8850,4.868,1.623,18.010,0.144,0.162,0.003,0.553,8.318,33.722
8851,4.849,1.998,20.225,0.139,0.167,0.002,0.551,8.464,36.436
8852,4.416,2.157,20.963,0.136,0.164,0.002,0.546,8.264,36.689
8853,4.505,1.569,22.130,0.147,0.169,0.003,0.549,8.360,37.460
8854,4.347,1.739,17.699,0.136,0.168,0.003,0.524,8.268,32.916
8855,4.593,1.505,17.822,0.142,0.170,0.003,10.413,8.225,43.719
8856,5.062,1.560,17.411,0.134,0.174,0.002,0.521,8.384,33.253
8857,4.602,1.500,17.344,0.136,0.176,0.713,0.543,8.553,32.859
8858,4.851,1.378,17.133,0.137,0.176,0.002,0.532,8.318,32.535
8859,4.699,1.477,17.657,0.135,0.176,0.002,0.526,8.260,32.938
8860,4.574,2.349,20.743,0.132,0.177,0.002,0.525,8.252,36.764
8861,4.841,1.542,19.186,0.133,0.180,0.002,0.530,8.756,35.179
8862,4.212,1.562,17.348,0.135,0.180,0.002,0.528,8.213,32.198
8863,4.852,1.570,17.795,0.133,0.178,0.002,0.522,8.328,33.391
8864,5.143,1.463,21.251,0.136,0.173,0.002,0.534,8.270,36.982
8865,4.469,1.578,18.267,0.137,0.174,0.002,0.500,8.385,33.516
8866,4.225,1.745,17.892,0.133,0.177,0.003,0.510,8.240,32.928
8867,5.105,1.666,17.630,0.132,0.172,0.003,0.497,8.277,33.489
8868,4.704,1.528,23.934,0.132,0.177,0.003,0.536,8.279,39.307
8869,4.372,1.529,20.460,0.126,0.175,0.002,0.520,8.723,35.926
8870,5.202,1.470,18.189,0.133,0.177,0.003,0.531,8.272,33.990
8871,4.607,1.476,17.424,0.129,0.177,0.003,0.504,8.386,32.727
8872,4.488,2.736,21.410,0.130,0.174,0.002,0.568,8.660,38.206
8873,4.622,1.823,34.271,0.139,0.185,0.002,0.572,8.577,50.199
8874,5.337,1.468,17.628,0.137,0.172,0.002,0.567,8.336,33.663
8875,4.734,1.853,19.223,0.133,0.178,0.003,10.841,8.294,46.061
8876,4.572,1.735,18.752,0.133,0.172,0.002,0.542,8.464,34.415
8877,4.672,1.707,19.302,0.131,0.179,0.002,0.533,8.431,34.990
8878,4.409,1.396,17.256,0.137,0.174,0.003,0.512,8.277,32.195
8879,4.695,1.459,17.598,0.134,0.183,0.002,0.506,8.221,32.828
8880,4.600,1.713,17.412,0.141,0.178,0.002,0.515,9.012,33.618
8881,5.815,1.490,18.490,0.130,0.180,0.002,0.500,8.626,35.266
8882,4.882,3.667,17.491,0.130,0.175,0.002,0.508,8.209,35.104
8883,4.314,1.728,17.426,0.130,0.173,0.002,10.312,8.237,43.042
8884,4.310,1.472,17.615,0.127,0.177,0.003,0.512,8.439,32.670
8885,5.048,1.733,20.359,0.138,0.183,0.003,0.511,8.193,36.153
8886,4.167,1.454,17.151,0.132,0.179,0.002,0.523,8.232,31.838
8887,4.567,1.445,17.491,0.149,0.178,0.002,0.535,8.272,32.634
8888,4.455,1.466,23.981,0.131,0.175,0.002,0.506,8.418,39.144
8889,4.580,1.501,17.991,0.131,0.177,0.003,0.594,8.235,33.221
8890,4.202,1.647,17.185,0.131,0.172,0.002,0.531,8.314,32.202
8891,4.705,1.458,17.432,0.138,0.184,0.003,0.496,8.199,32.603
8892,4.826,2.276,19.032,0.130,0.180,0.003,0.523,8.667,35.641
8893,5.006,1.668,30.296,0.135,0.175,0.002,0.672,9.069,47.059
8894,4.378,2.015,19.202,0.132,0.175,0.002,0.552,8.522,34.994
8895,6.042,1.576,23.593,0.137,0.180,0.002,0.684,8.345,40.590
8896,12.981,2.460,27.941,0.131,0.173,0.002,0.586,11.237,55.537
8897,5.669,2.226,23.215,0.132,0.177,0.002,0.516,8.314,40.255
8898,4.403,1.662,17.638,0.136,0.177,0.003,0.538,8.361,32.923
8899,4.286,1.811,17.752,0.152,0.188,0.003,0.541,8.320,33.029
8900,5.186,1.692,21.723,0.133,0.176,0.002,0.536,8.486,37.935
8901,4.499,2.182,18.160,0.135,0.181,0.002,9.902,8.229,44.026
8902,4.268,1.570,17.305,0.132,0.178,0.002,0.510,8.443,32.437
8903,4.737,1.666,17.592,0.165,0.185,0.004,0.541,8.299,33.183
8904,4.583,3.439,97.039,0.166,0.193,0.004,0.634,8.753,114.829
8905,4.939,2.087,23.077,0.136,0.178,0.003,0.564,8.408,39.433
8906,4.281,2.007,17.316,0.133,0.186,0.002,0.540,8.319,32.811
8907,4.604,2.458,17.759,0.149,0.177,0.003,0.535,8.329,34.038
8908,4.497,2.140,18.570,0.130,0.185,0.003,0.508,8.397,34.456
8909,4.356,2.038,18.574,0.138,0.216,0.003,0.548,8.586,34.450
8910,4.177,1.954,17.099,0.137,0.176,0.003,0.518,8.268,32.366
8911,4.661,2.022,17.489,0.229,0.530,0.011,0.498,8.285,33.292
8912,4.658,1.936,23.059,0.151,0.422,0.003,0.549,8.321,38.875
8913,4.778,2.286,17.756,0.131,0.179,0.002,0.546,8.193,33.905
8914,4.318,2.175,17.120,0.135,0.179,0.002,0.537,8.607,33.106
8915,5.499,2.411,21.284,0.132,0.178,0.003,0.547,8.674,38.779
8916,4.650,3.269,19.648,0.127,0.183,0.002,0.537,8.293,36.753
8917,4.727,2.399,21.769,0.139,0.189,0.003,0.540,8.312,38.123
8918,4.344,2.245,17.178,0.133,0.178,0.003,0.490,8.308,32.911
8919,4.756,2.474,17.771,0.131,0.177,0.002,0.558,8.566,34.480
8920,4.355,2.274,18.054,0.126,0.178,0.003,0.530,8.655,34.219
8921,4.344,2.428,18.598,0.130,0.179,0.003,0.550,8.688,34.966
8922,4.772,2.378,17.554,0.133,0.176,0.002,0.513,8.414,33.977
8923,4.806,2.425,19.370,0.132,0.175,0.002,0.566,8.368,35.923
8924,4.837,2.491,20.563,0.142,0.183,0.002,0.509,8.347,37.099
8925,4.806,2.275,22.579,0.130,0.182,0.002,0.521,8.338,38.868
8926,4.963,2.355,18.219,0.138,0.182,0.003,0.521,8.532,34.934
8927,4.805,2.275,17.854,0.135,0.178,0.003,0.547,8.318,34.154
8928,4.884,2.904,17.949,0.130,0.174,0.002,0.529,8.304,34.926
8929,5.747,2.321,24.682,0.130,0.174,0.002,0.509,9.077,42.685
8930,4.581,2.384,17.426,0.128,0.174,0.002,0.533,8.271,33.551
8931,4.805,2.325,19.686,0.143,0.178,0.003,0.544,8.572,36.285
8932,5.229,2.295,26.646,0.134,0.179,0.002,0.527,8.275,43.326
8933,4.343,2.632,18.941,0.134,0.177,0.002,0.546,8.664,35.486
8934,4.841,2.338,18.056,0.154,0.182,0.003,0.556,8.323,34.479
8935,5.172,1.933,17.386,0.144,0.180,0.003,0.536,8.302,33.682
8936,5.938,2.330,25.402,0.162,0.186,0.003,0.510,8.610,43.135
8937,4.525,2.841,17.717,0.150,0.184,0.002,10.777,8.236,45.142
8938,4.501,2.096,17.285,0.136,0.178,0.002,0.513,8.289,33.007
8939,4.674,1.962,18.905,0.131,0.176,0.002,0.540,8.565,34.967
8940,4.362,2.309,24.357,0.127,0.178,0.002,0.636,8.948,40.972
8941,7.190,2.503,49.043,0.132,0.173,0.002,0.541,16.984,76.600
8942,21.129,2.284,40.045,0.145,0.184,0.003,0.567,8.975,73.474
8943,8.141,2.603,43.326,0.131,0.178,0.002,0.563,9.175,64.141
8944,11.085,2.764,66.088,0.132,0.173,0.002,8.600,26.273,120.591
8945,25.699,3.726,63.456,0.128,0.170,0.002,4.089,10.510,107.931
8946,7.911,5.238,20.106,0.132,0.170,0.002,0.550,9.194,43.317
8947,4.985,3.010,20.327,0.132,0.172,0.002,0.548,8.469,37.656
8948,4.918,3.678,23.717,0.128,0.175,0.002,0.543,8.493,41.668
8949,5.814,2.155,21.735,0.138,0.179,0.003,0.624,8.241,38.896
8950,4.778,2.604,27.160,0.132,0.176,0.002,0.590,9.256,44.729
8951,4.973,2.036,19.465,0.132,0.175,0.002,0.536,8.352,35.683
8952,5.138,2.292,20.348,0.138,0.175,0.002,0.519,8.357,36.970
8953,5.650,2.563,18.060,0.132,0.174,0.002,0.537,8.329,35.463
8954,4.882,6.357,17.445,0.130,0.174,0.002,0.523,8.265,37.786
8955,4.694,2.341,17.743,0.131,0.179,0.003,0.550,8.495,34.153
8956,4.649,2.671,19.428,0.127,0.171,0.003,0.552,8.554,36.239
8957,7.483,2.861,19.478,0.131,0.172,0.002,0.538,8.553,39.240
8958,4.436,2.293,19.382,0.131,0.181,0.002,0.638,8.884,35.992
8959,5.044,2.539,18.637,0.124,0.192,1.119,0.554,8.268,35.364
8960,5.279,3.677,19.723,0.129,0.191,0.002,0.537,8.304,37.848
8961,4.409,2.526,17.917,0.127,0.189,0.002,11.785,8.215,46.016
8962,4.514,2.371,17.344,0.130,0.191,0.002,0.494,8.274,33.288
8963,5.343,2.540,20.326,0.130,0.188,0.002,0.542,8.384,37.448
8964,5.440,2.505,22.235,0.137,0.187,0.003,0.537,8.333,39.358
8965,5.040,4.485,19.136,0.126,0.188,0.002,0.538,8.710,38.203
8966,4.868,2.200,18.288,0.122,0.185,0.002,0.515,8.788,34.949
8967,5.022,2.302,20.212,0.125,0.185,0.002,0.535,8.637,37.007
8968,4.836,2.255,17.457,0.128,0.190,0.002,0.527,9.778,35.134
8969,5.982,40.026,16.866,0.139,0.197,0.003,0.504,8.193,71.852
8970,4.765,2.185,17.643,0.141,0.191,0.002,0.530,8.350,33.757
8971,4.985,2.430,18.726,0.409,0.196,0.002,0.496,8.715,35.630
8972,4.754,2.228,19.718,0.132,0.202,0.002,0.519,8.279,35.782
8973,4.616,2.728,17.479,0.141,0.208,0.003,0.535,8.282,33.918
8974,5.019,2.440,17.207,0.139,0.196,0.004,0.528,8.519,33.999
8975,4.256,2.328,18.027,0.129,0.191,0.002,0.547,8.307,33.762
8976,4.202,2.278,17.292,0.280,0.432,0.005,0.510,8.294,32.869
8977,4.638,2.279,17.506,0.143,0.218,1.374,0.517,8.255,33.478
8978,4.490,2.290,17.312,0.132,0.177,0.002,0.523,8.266,33.171
8979,4.455,2.656,17.673,0.136,0.186,0.003,0.512,8.613,34.204
8980,4.652,2.240,17.522,0.149,0.181,0.002,0.530,8.315,33.553
8981,4.597,7.175,17.470,0.148,0.182,0.003,0.538,8.241,38.315
8982,4.909,2.259,18.555,0.134,0.179,0.002,0.513,8.272,34.793
8983,5.012,2.039,18.192,0.154,0.177,0.002,0.516,8.543,34.593
8984,4.591,2.477,18.015,0.132,0.178,0.003,0.530,8.311,34.223
8985,5.052,2.063,17.779,0.131,0.182,0.003,0.509,8.319,34.019
8986,4.625,2.027,18.078,0.129,0.178,0.002,0.542,8.529,34.095
8987,4.594,2.094,33.633,0.135,0.176,0.002,12.020,8.720,62.568
8988,4.491,2.707,19.863,0.129,0.179,0.002,0.531,8.515,36.415
8989,6.901,2.403,30.062,0.135,0.182,0.002,0.644,8.967,49.308
8990,11.348,4.056,26.989,0.134,0.179,0.003,0.568,8.838,52.108
8991,6.713,2.330,24.517,0.130,0.183,0.002,0.552,8.445,42.868
8992,4.577,2.242,21.048,0.129,0.180,0.002,0.544,8.621,37.335
8993,5.225,2.176,25.492,0.131,0.179,0.002,0.552,8.438,42.203
8994,5.262,1.987,25.844,0.130,0.185,0.002,0.546,8.394,42.340
8995,5.461,2.244,31.467,0.131,0.176,0.002,0.554,8.633,48.676
8996,5.997,2.261,17.942,0.134,0.176,0.003,0.542,8.280,35.332
8997,4.635,1.886,18.475,0.203,0.176,0.002,0.532,8.356,34.911
8998,4.474,1.884,17.983,0.130,0.178,0.003,0.551,8.332,33.541
8999,4.504,2.853,18.441,0.129,0.181,0.002,0.539,8.329,34.981
9000,4.670,2.094,17.609,0.130,0.171,0.002,0.534,8.345,33.565
9001,5.017,1.846,22.881,0.131,0.172,0.002,0.539,8.265,38.865
9002,5.187,2.122,17.825,0.134,0.171,0.002,0.519,8.585,34.556
9003,4.312,2.037,17.991,0.132,0.170,0.003,0.525,8.458,33.639
9004,4.539,1.957,17.339,0.139,0.181,0.003,0.501,8.207,32.854
9005,4.623,2.308,17.573,0.127,0.172,0.002,0.523,8.287,33.629
9006,4.525,2.144,17.391,0.131,0.174,0.002,0.522,8.296,33.189
9007,4.320,1.966,18.954,0.155,0.176,0.002,0.533,8.445,34.527
9008,5.169,1.906,17.467,0.126,0.172,0.002,0.518,8.432,33.804
9009,4.647,2.306,17.322,0.129,0.179,0.002,0.517,8.282,33.377
9010,4.549,3.016,18.188,0.164,0.189,0.003,0.533,8.278,34.878
9011,4.796,1.845,18.912,0.133,0.172,0.002,0.505,8.302,34.670
9012,4.225,2.113,17.303,0.128,0.175,0.002,0.498,8.196,32.642
9013,4.614,1.992,17.795,0.130,0.168,1.591,0.568,8.360,33.656
9014,4.288,2.147,18.481,0.136,0.162,0.002,0.534,8.349,34.111
9015,4.586,2.111,17.486,0.138,0.163,0.003,0.514,8.753,33.766
9016,5.973,1.751,17.650,0.134,0.161,0.002,0.528,8.229,34.439
9017,4.704,1.812,17.603,0.131,0.166,0.003,0.515,8.243,33.190
9018,4.629,1.659,17.207,0.146,0.162,0.003,0.525,8.303,32.636
9019,4.856,1.586,21.847,0.141,0.162,0.003,0.523,8.511,37.642
9020,4.325,1.654,18.591,0.141,0.205,0.004,0.528,8.387,33.807
9021,4.599,1.700,17.466,0.140,0.164,0.002,0.529,8.270,32.875
9022,5.273,4.407,17.941,0.139,0.161,0.003,0.528,8.325,36.781
9023,4.654,1.665,17.875,0.137,0.158,0.003,0.505,8.968,33.974
9024,5.217,2.071,17.437,0.134,0.161,0.002,0.497,8.230,33.759
9025,4.667,1.895,17.894,0.141,0.160,0.002,0.549,8.530,33.859
9026,4.375,2.028,18.080,0.136,0.174,0.004,0.520,8.364,33.681
9027,4.607,1.727,19.095,0.136,0.158,0.003,0.556,8.563,34.877
9028,4.624,1.658,17.447,0.135,0.164,0.002,0.539,8.377,32.953
9029,4.962,1.913,17.479,0.138,0.169,0.002,0.519,8.299,33.486
9030,5.071,1.652,19.030,0.134,0.162,0.003,0.525,8.231,34.814
9031,4.368,1.645,18.350,0.139,0.160,0.002,0.554,9.303,34.545
9032,4.747,1.594,18.099,0.128,0.162,0.002,0.549,8.312,33.615
9033,4.590,1.681,18.470,0.133,0.167,0.002,0.522,8.242,33.819
9034,5.089,2.211,17.545,0.134,0.162,0.002,0.531,8.295,33.981
9035,4.964,1.506,18.941,0.137,0.168,0.002,0.521,8.658,34.911
9036,5.668,1.589,17.234,0.134,0.168,0.002,0.521,8.233,33.553
9037,5.226,1.762,17.431,0.133,0.168,0.002,0.515,8.770,34.017
9038,4.573,1.992,19.630,0.140,0.167,0.003,0.527,8.072,35.110
9039,4.824,2.347,20.006,0.141,0.166,0.003,0.579,8.347,36.446
9040,4.860,1.996,19.160,0.127,0.164,0.002,0.542,8.320,35.191
9041,4.683,1.758,18.250,0.126,0.143,1.555,0.520,8.269,33.800
9042,4.971,1.938,18.688,0.129,0.146,0.002,0.541,8.491,34.943
9043,8.034,3.625,43.876,0.130,0.194,1.192,0.682,13.285,69.859
9044,21.072,8.225,48.454,0.128,0.167,0.692,0.779,11.004,89.916
9045,22.332,6.307,39.936,0.136,0.203,1.102,0.572,11.116,80.582
9046,10.928,6.572,34.797,0.488,0.226,1.019,0.553,8.405,61.578
9047,6.622,4.719,38.774,0.146,0.232,0.003,0.849,13.760,65.056
9048,6.589,4.704,19.500,0.132,0.228,0.003,0.528,8.907,40.547
9049,6.326,2.830,23.297,0.143,0.227,0.003,0.552,8.300,41.663
9050,6.759,2.712,20.836,0.140,0.220,0.003,0.565,9.346,40.535
9051,7.696,3.332,33.516,0.144,0.263,0.004,0.759,10.614,56.693
9052,9.217,2.653,27.958,0.136,0.225,0.003,0.572,9.570,50.547
9053,5.418,2.406,20.273,0.134,0.226,0.003,0.589,8.568,37.566
9054,4.802,3.591,18.671,0.136,0.219,0.003,0.553,8.376,36.310
9055,4.453,4.494,20.085,0.140,0.229,0.003,0.527,8.875,38.748
9056,5.199,2.351,19.137,0.138,0.226,0.003,0.553,8.415,35.968
9057,5.303,2.360,18.017,0.134,0.219,0.003,0.580,8.342,34.934
9058,5.281,2.365,19.043,0.134,0.220,0.003,0.535,8.449,35.988
9059,5.181,2.314,19.656,0.131,0.222,0.003,0.543,8.485,36.491
9060,4.115,2.216,22.784,0.133,0.236,0.003,0.495,8.306,38.223
9061,4.662,2.281,19.296,0.132,0.229,0.003,0.536,8.461,35.549
9062,5.078,3.327,18.210,0.134,0.224,0.003,0.538,8.564,36.029
9063,6.001,2.248,18.518,0.134,0.226,0.003,0.535,8.417,36.029
9064,4.454,2.636,18.492,0.134,0.219,0.003,0.582,9.031,35.523
9065,4.895,2.388,18.817,0.135,0.221,0.003,0.563,8.307,35.284
9066,4.313,2.529,18.642,0.134,0.227,0.003,0.543,8.285,34.635
9067,4.802,2.326,19.542,0.137,0.231,0.003,0.533,8.194,35.713
9068,4.348,2.234,17.677,0.177,0.268,0.005,0.549,8.218,33.334
9069,4.907,3.039,17.648,0.137,0.238,0.003,0.520,8.245,34.667
9070,4.823,2.674,19.124,0.132,0.234,0.003,0.510,8.433,35.870
9071,5.667,2.377,23.155,0.134,0.217,0.003,0.576,8.464,40.563
9072,4.588,4.856,19.974,0.134,0.239,0.810,0.562,8.435,38.731
9073,4.766,4.468,18.763,0.134,0.241,0.003,0.572,8.605,37.488
9074,4.555,2.940,19.601,0.132,0.241,0.003,0.624,9.434,37.495
9075,4.783,2.650,26.947,0.134,0.233,0.003,0.634,9.212,44.554
9076,6.139,2.649,26.105,0.131,0.230,0.003,0.605,8.571,44.423
9077,6.402,2.558,19.293,0.138,0.229,0.003,0.529,8.284,37.404
9078,4.411,6.069,17.643,0.135,0.231,0.003,0.539,8.465,37.445
9079,4.337,2.344,21.639,0.128,0.222,0.003,0.533,8.289,37.451
9080,5.073,4.784,18.755,0.126,0.234,0.003,0.529,8.372,37.821
9081,4.770,2.771,18.383,0.133,0.241,0.003,0.530,8.458,35.220
9082,4.505,2.376,19.760,0.127,0.235,0.002,0.540,8.289,35.803
9083,4.491,2.560,22.392,0.131,0.243,0.003,0.533,8.808,39.097
9084,5.928,2.500,21.766,0.144,0.227,0.939,0.558,8.346,39.407
9085,4.939,4.126,18.064,0.148,0.232,0.004,0.539,8.294,36.264
9086,4.469,2.555,18.190,0.148,0.213,0.720,0.523,8.329,34.372
9087,6.201,2.319,20.285,0.133,0.183,1.581,0.546,8.418,38.076
9088,4.377,2.281,17.748,0.136,0.209,1.538,0.528,8.240,33.481
9089,4.924,2.319,18.144,0.139,0.211,0.003,0.521,8.443,34.672
9090,5.053,2.350,17.606,0.133,0.205,0.003,0.521,8.592,34.433
9091,5.260,2.456,20.467,0.136,0.215,0.003,0.542,8.392,37.428
9092,4.419,2.284,17.865,0.162,0.250,1.079,0.540,8.517,33.941
9093,4.778,3.011,17.446,0.134,0.197,0.759,0.517,8.661,34.721
9094,4.598,2.781,18.504,0.139,0.194,0.003,0.533,8.301,35.024
9095,4.641,1.954,18.681,0.138,0.187,0.003,0.516,8.697,34.801
9096,4.762,2.505,17.732,0.147,0.201,0.003,0.517,8.236,34.054
9097,4.612,2.368,17.575,0.215,0.184,0.003,0.545,8.414,33.820
9098,4.625,2.386,18.032,0.135,0.183,0.003,0.508,8.351,34.216
9099,4.564,2.026,18.286,0.137,0.195,0.003,0.532,8.290,35.134
9100,4.702,1.915,17.730,0.147,0.203,0.003,0.511,8.226,33.408
9101,4.851,2.305,17.984,0.137,0.198,0.003,0.516,8.274,34.249
9102,5.071,2.362,18.260,0.136,0.198,0.003,0.524,8.354,34.896
9103,5.275,1.755,19.775,0.138,0.188,0.003,0.518,8.305,35.948
9104,4.598,1.750,17.758,0.149,0.192,0.003,0.512,8.519,33.466
9105,4.966,2.104,19.082,0.139,0.191,0.003,0.502,8.923,35.894
9106,5.156,50.548,17.037,0.142,0.199,0.003,0.512,8.236,81.798
9107,4.151,1.463,17.831,0.141,0.183,0.003,0.515,8.249,32.522
9108,5.947,1.530,17.873,0.135,0.191,0.003,0.520,8.300,34.491
9109,5.019,1.611,51.611,0.135,0.185,0.003,0.563,8.449,67.595
9110,5.171,1.742,22.383,0.132,0.187,0.003,0.527,9.039,39.198
9111,5.418,2.097,37.924,0.132,0.194,0.002,0.599,8.683,55.330
9112,6.086,2.779,36.512,0.133,0.188,0.003,0.545,8.966,55.226
9113,5.017,2.604,24.523,0.138,0.196,0.003,0.530,8.305,41.332
9114,14.849,3.404,35.238,0.135,0.192,0.003,0.658,9.634,64.126
9115,5.426,3.221,37.498,0.136,0.212,0.761,0.542,9.444,56.455
9116,6.505,3.212,23.732,0.143,0.211,0.003,0.620,8.509,43.296
9117,5.675,2.923,20.278,0.136,0.209,0.003,0.590,8.676,39.880
9118,4.624,6.329,21.003,0.141,0.217,0.004,0.537,9.537,42.344
9119,7.809,2.876,23.037,0.145,0.199,0.003,0.549,9.125,43.723
9120,5.440,5.870,19.533,0.135,0.208,0.003,0.576,8.533,40.286
9121,4.793,4.860,22.451,0.135,0.198,0.003,0.563,9.175,42.178
9122,4.953,2.592,18.794,0.144,0.208,0.003,0.568,8.984,36.206
9123,4.574,2.529,20.679,0.135,0.209,0.003,0.648,8.825,37.591
9124,6.056,2.486,17.664,0.153,0.210,0.003,0.556,8.382,35.458
9125,4.396,2.337,18.134,0.143,0.211,0.003,0.543,8.334,34.060
9126,4.676,3.656,19.423,0.149,0.209,0.003,0.550,8.519,37.135
9127,4.952,2.587,17.856,0.144,0.203,0.003,0.527,8.488,34.724
9128,4.784,2.234,17.697,0.141,0.208,0.003,0.494,8.535,34.056
9129,4.711,2.316,18.763,0.132,0.210,0.003,0.525,8.531,35.167
9130,4.336,2.378,19.666,0.131,0.198,0.003,0.557,8.238,35.491
9131,4.706,2.398,26.557,0.134,0.202,0.003,0.531,8.381,42.890
9132,4.946,2.271,18.380,0.130,0.207,0.003,0.565,8.368,34.843
9133,4.571,2.810,19.800,0.136,0.204,0.003,0.549,8.625,36.668
9134,4.635,6.674,19.012,0.133,0.199,0.003,0.538,8.723,39.900
9135,5.536,2.672,25.816,0.134,0.200,0.003,0.526,9.085,43.947
9136,5.139,2.291,22.902,0.133,0.210,0.003,0.649,8.573,39.868
9137,5.482,2.655,22.496,0.132,0.210,0.003,0.538,8.586,40.140
9138,5.101,3.028,17.994,0.135,0.213,0.003,0.550,8.430,35.415
9139,6.747,4.375,36.648,0.131,0.210,0.003,0.540,8.470,57.093
9140,5.075,3.544,22.013,0.131,0.212,0.003,0.540,8.408,39.885
9141,4.583,2.400,18.021,0.131,0.203,0.003,0.538,8.277,34.125
9142,4.580,2.547,18.090,0.135,0.217,0.003,0.550,8.299,34.375
9143,4.877,2.296,22.985,0.130,0.208,0.002,0.546,8.266,39.276
9144,4.577,3.233,18.523,0.132,0.210,0.003,0.562,8.490,35.707
9145,5.124,2.514,18.064,0.135,0.216,0.003,0.524,8.445,34.975
9146,5.161,2.596,24.404,0.169,0.242,0.003,0.524,8.401,41.395
9147,4.911,2.943,18.184,0.130,0.210,0.003,0.600,8.607,35.580
9148,4.576,2.583,17.700,0.131,0.200,0.003,0.517,8.241,33.919
9149,4.797,2.289,17.353,0.135,0.222,1.962,0.536,8.360,33.646
9150,7.041,3.491,35.561,0.131,0.222,0.004,0.640,9.166,56.256
9151,4.738,2.449,34.029,0.131,0.228,0.003,0.577,8.276,50.377
9152,5.467,2.381,17.401,0.133,0.223,0.003,0.524,8.368,34.447
9153,4.739,2.348,17.476,0.154,0.258,0.003,13.328,8.428,48.209
9154,4.253,2.293,17.465,0.134,0.211,0.003,0.537,8.513,33.362
9155,4.359,2.577,18.096,0.157,0.212,0.003,0.547,8.580,34.465
9156,6.170,4.125,18.052,0.133,0.222,0.003,0.534,8.695,37.876
9157,5.526,2.686,18.718,0.130,0.218,0.003,0.541,8.340,36.113
9158,4.740,2.553,22.303,0.130,0.218,0.003,0.563,8.265,38.736
9159,4.923,2.820,21.327,0.133,0.218,0.003,0.552,8.730,38.658
9160,4.532,3.927,17.953,0.133,0.233,0.004,0.578,8.623,35.963
9161,5.994,2.347,18.004,0.143,0.226,1.862,0.541,8.314,35.508
9162,5.244,2.413,18.716,0.129,0.210,0.780,0.556,8.367,35.600
9163,4.490,2.498,17.845,0.133,0.215,0.003,0.538,8.578,34.247
9164,5.063,2.585,22.473,0.144,0.218,0.003,0.523,8.330,39.272
9165,4.666,8.020,24.831,0.131,0.214,0.003,0.576,8.647,47.046
9166,4.912,2.544,18.160,0.134,0.216,0.004,0.536,8.308,34.774
9167,5.419,2.450,19.441,0.141,0.220,0.003,0.536,8.978,37.121
9168,4.613,2.047,24.867,0.131,0.215,0.003,0.537,8.209,40.575
9169,4.752,2.508,17.921,0.134,0.227,0.003,0.538,8.326,34.355
9170,5.206,3.838,20.510,0.132,0.213,0.003,0.524,8.304,38.684
9171,4.342,2.075,19.942,0.130,0.221,0.003,0.541,8.380,35.583
9172,6.517,1.964,19.074,0.132,0.217,0.003,0.529,8.434,36.811
9173,4.313,2.186,17.661,0.138,0.211,0.003,0.526,8.370,33.359
9174,4.954,1.747,17.894,0.132,0.211,0.003,0.537,8.364,33.796
9175,5.769,1.895,18.784,0.130,0.215,0.003,0.535,8.401,35.693
9176,4.191,1.680,17.340,0.132,0.211,0.003,0.536,8.215,32.267
9177,4.657,1.655,17.897,0.140,0.227,0.003,0.524,9.179,34.218
9178,5.379,2.490,22.518,0.140,0.212,0.004,0.553,8.959,40.209
9179,11.825,2.161,36.717,0.134,0.213,0.003,0.532,8.279,59.825
9180,3.969,1.669,17.380,0.134,0.213,0.004,0.551,8.263,32.126
9181,4.622,1.983,18.173,0.133,0.213,0.003,0.521,8.323,35.448
9182,4.325,2.947,17.704,0.134,0.222,0.002,0.533,8.237,34.025
9183,4.498,1.675,22.199,0.136,0.227,0.003,10.148,8.314,48.352
9184,4.265,1.887,18.242,0.148,0.229,0.003,9.895,8.265,43.543
9185,5.053,1.734,18.359,0.136,0.229,0.003,9.930,8.361,44.880
9186,4.577,1.795,17.211,0.137,0.224,0.003,0.482,8.455,34.255
9187,5.025,1.850,18.893,0.133,0.226,0.003,0.541,8.290,34.981
9188,4.253,1.710,17.817,0.136,0.227,0.003,0.525,8.209,32.877
9189,4.684,1.727,21.520,0.136,0.222,0.003,0.516,8.304,37.124
9190,5.239,2.200,17.944,0.131,0.217,0.003,0.536,8.351,34.634
9191,4.686,1.940,20.988,0.133,0.212,0.003,0.527,8.475,37.028
9192,4.698,1.982,17.661,0.140,0.219,0.003,0.531,8.613,33.849
9193,5.277,1.761,19.136,0.135,0.214,0.002,0.532,8.532,35.604
9194,5.722,2.918,17.950,0.136,0.216,0.003,0.520,8.268,35.737
9195,5.029,1.798,27.644,0.138,0.223,0.003,0.545,8.817,44.207
9196,4.229,1.799,18.076,0.136,0.216,0.003,0.524,8.589,33.585
9197,5.477,2.042,22.488,0.139,0.208,0.925,0.522,8.538,39.425
9198,5.444,1.718,17.980,0.136,0.197,0.003,0.532,8.224,34.256
9199,4.837,1.600,17.551,0.138,0.200,0.003,0.520,8.289,33.153
9200,4.699,1.824,17.878,0.138,0.209,0.003,0.547,8.485,33.806
9201,4.641,1.759,17.339,0.139,0.203,0.003,0.510,8.251,32.865
9202,5.252,2.597,17.613,0.142,0.205,0.003,0.540,8.235,34.599
9203,4.308,1.555,24.381,0.138,0.211,0.003,0.515,8.390,39.512
9204,5.247,1.850,17.764,0.133,0.199,0.003,0.504,7.563,33.285
9205,6.191,1.733,18.150,0.147,0.209,0.003,0.588,8.535,35.557
9206,5.229,1.612,17.554,0.135,0.211,0.003,0.530,8.202,33.491
9207,4.251,1.434,18.378,0.135,0.202,0.003,0.529,9.195,34.160
9208,4.980,1.800,22.097,0.137,0.208,0.003,0.735,8.756,38.820
9209,5.407,1.604,20.809,0.133,0.210,0.003,0.547,8.354,37.101
9210,5.292,2.170,17.924,0.134,0.201,0.003,0.530,8.335,34.620
9211,4.680,1.968,33.521,0.136,0.217,0.003,0.523,8.396,49.444
9212,4.192,1.483,17.687,0.138,0.220,0.003,0.519,8.249,33.314
9213,4.508,1.497,18.446,0.145,0.230,0.003,0.535,8.401,33.766
9214,4.734,2.279,17.345,0.134,0.202,0.003,0.539,8.380,33.653
9215,4.272,1.555,21.207,0.139,0.222,0.855,0.525,8.422,36.353
9216,4.200,1.824,18.096,0.142,0.226,0.003,0.486,8.390,33.362
9217,4.632,1.755,22.881,0.137,0.193,0.691,0.539,8.456,38.633
9218,5.670,1.702,20.109,0.133,0.185,0.003,0.531,8.537,36.920
9219,4.899,16.055,18.876,0.133,0.227,0.973,0.509,8.465,49.157
9220,4.375,1.654,18.668,0.131,0.240,2.206,0.520,8.235,33.815
9221,4.257,1.773,18.137,0.130,0.224,2.539,0.531,8.590,33.666
9222,5.088,2.497,17.427,0.129,0.229,0.003,0.525,8.319,34.223
9223,4.816,1.727,17.427,0.132,0.251,0.867,0.512,8.214,33.072
9224,4.831,1.495,22.480,0.127,0.255,0.003,0.563,8.344,39.023
9225,4.608,1.532,18.206,0.131,0.232,0.825,0.546,8.570,33.846
9226,4.985,1.637,18.911,0.132,0.233,0.003,10.596,8.329,45.541
9227,4.315,1.460,17.664,0.130,0.231,0.003,0.514,8.226,34.077
9228,4.418,1.443,18.814,0.132,0.258,0.764,9.966,8.490,45.015
9229,4.987,1.847,26.284,0.130,0.226,0.652,0.512,8.356,42.340
9230,4.203,1.484,19.287,0.126,0.254,0.775,0.512,8.570,34.398
9231,4.727,2.959,17.770,0.124,0.213,0.712,0.534,8.255,34.601
9232,4.969,1.670,25.032,0.134,0.210,0.002,11.451,8.596,53.211
9233,4.607,1.747,17.546,0.126,0.193,1.088,0.517,8.206,33.715
9234,4.571,1.450,17.499,0.130,0.237,0.761,0.518,8.232,32.606
9235,5.421,1.873,19.764,0.127,0.208,0.681,0.531,8.227,36.146
9236,4.697,3.743,24.798,0.130,0.241,1.641,0.581,8.721,42.893
9237,5.219,2.057,26.402,0.156,0.268,1.253,0.534,8.277,42.893
9238,4.651,1.521,17.396,0.135,0.268,0.003,0.549,8.293,32.731
9239,4.742,1.674,20.444,0.133,0.271,0.003,0.535,8.763,36.496
9240,4.753,1.898,23.929,0.133,0.268,0.003,0.612,8.438,39.984
9241,5.299,1.710,23.398,0.132,0.266,0.003,0.523,8.534,39.803
9242,4.845,1.439,17.397,0.131,0.267,0.003,0.535,8.295,32.850
9243,4.900,1.755,20.368,0.133,0.263,0.003,0.524,7.552,35.428
9244,5.162,2.193,21.665,0.260,0.246,0.795,0.582,8.574,38.522
9245,5.968,1.924,26.013,0.132,0.271,1.051,0.531,8.898,43.668
9246,5.623,2.179,18.496,0.133,0.266,0.003,0.571,8.537,35.750
9247,5.201,1.741,19.049,0.129,0.266,0.003,0.540,8.379,35.238
9248,6.167,1.518,18.784,0.131,0.269,0.003,0.521,8.692,36.012
9249,5.434,1.795,29.778,0.130,0.278,0.728,0.499,8.095,45.925
9250,4.201,1.479,17.489,0.128,0.276,0.003,0.561,8.367,32.421
9251,4.612,1.749,17.375,0.129,0.278,0.003,0.526,8.319,32.910
9252,4.872,2.745,21.933,0.146,0.294,0.004,0.518,8.409,38.802
9253,6.385,2.195,28.138,0.130,0.283,0.003,0.536,8.278,45.870
9254,4.376,1.804,17.315,0.130,0.279,0.003,0.528,8.245,32.598
9255,4.365,1.594,17.438,0.133,0.281,0.003,8.679,8.402,41.589
9256,5.201,1.839,23.065,0.140,0.272,0.872,0.548,8.598,39.610
9257,5.807,2.215,23.446,0.134,0.272,0.003,0.539,8.337,40.693
9258,4.263,1.837,19.752,0.135,0.248,0.857,0.556,8.384,35.155
9259,5.261,2.073,21.359,0.131,0.265,0.758,0.585,8.337,37.964
9260,4.913,1.688,20.062,0.143,0.264,0.750,0.546,8.362,35.919
9261,4.370,2.014,20.887,0.156,0.274,0.004,0.516,8.322,36.445
9262,4.741,2.067,17.994,0.137,0.258,0.767,0.544,8.367,34.070
9263,4.629,1.791,17.700,0.150,0.253,0.003,0.529,8.259,33.255
9264,4.528,2.075,20.499,0.154,0.245,1.038,0.583,8.229,36.279
9265,4.956,2.039,19.006,0.153,0.249,0.008,0.542,8.277,35.179
9266,4.428,2.113,18.880,0.144,0.246,0.005,0.561,9.011,35.356
9267,5.634,2.582,19.785,0.138,0.242,0.003,0.531,8.405,37.286
9268,4.832,2.200,21.843,0.135,0.261,0.739,0.555,8.672,38.454
9269,5.578,2.034,28.151,0.135,0.262,0.003,0.544,8.214,44.866
9270,4.264,1.875,17.266,0.132,0.263,0.003,0.543,8.239,32.521
9271,4.635,1.918,17.364,0.137,0.259,0.003,0.554,8.310,33.120
9272,4.739,1.942,18.926,0.319,0.265,0.003,0.527,8.298,34.773
9273,4.317,2.890,24.360,0.133,0.252,0.003,0.531,8.195,40.638
9274,4.278,1.591,18.340,0.135,0.255,0.003,0.533,8.283,33.361
9275,4.656,1.750,17.722,0.143,0.221,0.696,0.540,8.261,33.267
9276,4.430,1.666,17.450,0.147,0.225,0.003,0.551,8.285,32.729
9277,4.676,2.525,23.442,0.149,0.150,0.003,0.539,8.290,39.818
9278,4.376,1.830,17.546,0.131,0.154,0.002,0.595,8.252,32.952
9279,4.636,1.683,17.383,0.135,0.173,1.658,0.536,8.273,32.855
9280,5.579,1.641,22.079,0.156,0.200,0.003,0.526,8.880,39.052
9281,4.172,1.879,18.293,0.133,0.169,0.002,0.525,8.392,33.599
9282,4.705,1.901,19.173,0.129,0.165,0.003,0.536,8.300,34.971
9283,4.829,1.619,17.696,0.136,0.164,0.002,0.530,8.373,33.389
9284,5.156,2.754,18.268,0.129,0.179,0.749,0.546,8.268,35.338
9285,4.581,1.742,17.610,0.132,0.176,0.002,0.526,8.440,33.254
9286,4.802,1.545,17.298,0.132,0.178,0.002,0.544,8.338,32.941
9287,4.721,1.703,17.521,0.135,0.177,0.002,0.513,8.256,33.058
9288,5.467,1.732,22.858,0.139,0.177,0.003,0.553,8.322,39.267
9289,4.510,1.505,25.588,0.132,0.172,0.002,0.643,9.837,44.404
9290,5.882,1.844,21.994,0.129,0.172,0.002,0.547,8.530,39.156
9291,5.150,1.534,18.304,0.126,0.171,0.002,0.541,8.519,34.410
9292,6.489,1.738,18.240,0.139,0.179,0.003,0.547,8.429,35.804
9293,7.113,1.728,27.727,0.131,0.178,0.003,0.589,8.830,46.403
9294,4.484,1.465,17.705,0.134,0.185,0.002,0.558,8.346,32.908
9295,4.881,1.558,20.642,0.130,0.183,0.002,0.579,8.490,36.523
9296,4.872,3.630,17.829,0.134,0.182,0.002,0.549,7.559,34.798
9297,4.277,1.614,18.326,0.129,0.182,0.002,0.514,8.429,33.512
9298,4.676,1.717,17.579,0.127,0.181,0.002,0.534,8.314,33.170
9299,4.266,1.730,17.636,0.128,0.188,0.002,0.530,8.261,32.779
9300,4.511,1.886,18.205,0.131,0.187,0.003,0.532,8.387,33.892
9301,4.377,1.486,20.722,0.135,0.189,0.003,0.615,8.568,38.001
9302,4.442,1.499,17.630,0.125,0.183,0.002,0.544,8.242,33.477
9303,4.625,1.533,17.541,0.128,0.188,0.002,0.533,8.297,32.881
9304,4.338,2.140,26.899,0.130,0.188,0.002,0.556,8.642,42.941
9305,5.590,1.745,23.666,0.129,0.184,0.002,0.527,8.271,40.148
9306,4.251,1.477,17.736,0.124,0.222,0.864,0.548,8.203,32.570
9307,4.385,1.666,19.574,0.127,0.225,0.003,0.573,8.543,35.108
9308,5.491,2.007,21.594,0.126,0.223,0.002,0.528,8.314,38.285
9309,4.742,1.790,20.233,0.125,0.222,0.003,0.535,8.426,36.091
9310,4.258,1.608,18.121,0.132,0.238,0.003,0.530,8.523,33.390
9311,4.871,1.599,18.192,0.126,0.219,0.002,0.536,8.203,33.755
9312,4.942,1.501,19.664,0.128,0.222,0.002,0.533,8.211,35.204
9313,4.470,1.506,20.720,0.130,0.220,0.003,0.526,8.370,35.946
9314,4.179,2.314,18.741,0.125,0.225,0.002,0.544,8.312,34.437
9315,4.608,1.702,17.921,0.123,0.227,0.002,0.528,8.239,33.345
9316,5.014,1.729,19.391,0.124,0.222,0.003,0.543,8.607,35.631
9317,6.039,1.519,19.507,0.126,0.221,0.003,0.540,8.475,36.451
9318,4.216,1.514,19.298,0.125,0.223,0.003,0.566,8.492,34.443
9319,6.370,1.490,21.100,0.125,0.220,0.003,0.530,8.397,38.238
9320,4.292,1.475,25.805,0.122,0.219,0.002,0.535,8.276,40.735
9321,4.867,1.730,25.299,0.123,0.220,0.002,0.516,8.322,41.082
9322,4.227,1.664,17.348,0.123,0.221,0.002,0.526,8.654,32.778
9323,5.070,1.671,17.695,0.125,0.221,0.003,0.533,8.883,34.219
9324,4.322,2.475,24.640,0.131,0.224,0.004,0.630,8.768,41.218
9325,5.375,1.786,18.544,0.124,0.219,0.002,0.539,8.442,35.056
9326,4.606,1.451,17.488,0.126,0.219,0.003,0.548,8.311,32.769
9327,4.683,1.468,17.661,0.126,0.220,0.002,0.545,8.230,32.950
9328,5.012,1.486,17.500,0.128,0.224,0.003,0.534,8.310,33.209
9329,4.479,1.750,19.806,0.137,0.243,0.003,0.530,8.567,35.495
9330,4.865,1.511,18.520,0.122,0.210,0.002,0.521,8.325,34.094
9331,4.774,1.466,17.359,0.121,0.230,0.935,0.512,8.216,32.675
9332,5.254,1.893,22.641,0.121,0.231,0.003,0.536,8.351,39.038
9333,4.765,1.737,17.390,0.122,0.231,0.003,0.531,8.363,33.139
9334,4.452,1.483,17.168,0.118,0.221,0.002,0.497,8.259,32.216
9335,5.020,1.470,17.380,0.121,0.230,0.003,0.548,8.274,33.056
9336,4.970,2.933,18.185,0.897,0.381,0.012,0.530,8.510,35.485
9337,4.795,1.771,19.056,0.135,0.240,0.004,0.523,8.299,35.719
9338,4.467,1.632,17.516,0.138,0.235,0.003,0.553,8.289,32.795
9339,4.408,1.734,20.838,0.123,0.233,0.003,0.628,8.691,36.642
9340,4.940,1.596,21.952,0.130,0.233,0.003,0.530,8.313,37.682
9341,4.645,1.637,18.268,0.127,0.231,0.003,0.519,8.681,34.095
9342,4.733,1.600,17.372,0.129,0.236,0.003,0.530,8.265,32.852
9343,4.656,1.935,17.394,0.131,0.236,0.003,0.537,8.309,33.183
9344,4.763,1.677,19.980,0.161,0.190,0.842,0.504,9.235,36.494
9345,5.658,1.546,19.593,0.129,0.187,0.002,0.553,8.820,36.531
9346,4.639,4.430,17.061,0.139,0.183,0.921,0.536,8.300,35.317
9347,4.580,1.865,17.490,0.133,0.179,0.002,0.542,8.291,33.110
9348,4.887,1.474,22.506,0.148,0.245,0.004,0.535,8.655,38.405
9349,5.068,1.883,19.232,0.132,0.169,0.003,0.519,8.911,35.960
9350,4.640,1.499,17.588,0.132,0.155,0.747,0.532,8.277,32.874
9351,4.699,1.621,17.488,0.133,0.158,0.002,0.534,8.278,32.978
9352,5.554,1.521,23.277,0.151,0.162,0.004,0.532,8.339,39.586
9353,5.392,1.514,18.017,0.138,0.155,0.003,0.572,8.481,34.354
9354,4.309,1.465,17.179,0.137,0.163,0.003,0.501,8.405,32.199
9355,4.721,1.800,17.334,0.138,0.155,0.002,8.575,8.224,41.873
9356,4.883,2.320,22.769,0.134,0.157,0.003,0.520,8.282,39.146
9357,4.468,1.689,18.528,0.140,0.160,0.003,0.508,8.428,34.643
9358,4.629,1.484,17.383,0.132,0.159,0.002,0.508,8.276,32.602
9359,4.713,1.464,17.776,0.134,0.167,0.002,8.351,8.443,42.081
9360,4.231,1.589,19.174,0.136,0.165,0.002,0.495,8.248,36.315
9361,4.904,1.516,18.904,0.130,0.165,0.002,8.160,8.195,44.573
9362,4.643,1.593,17.390,0.136,0.162,0.003,0.496,8.224,32.707
9363,4.695,1.651,17.590,0.137,0.164,0.003,8.027,8.500,41.715
9364,4.687,1.485,17.473,0.136,0.165,0.002,0.512,8.337,32.881
9365,5.214,1.841,19.995,0.152,0.165,0.002,8.323,8.215,44.778
9366,4.268,1.430,17.428,0.167,0.171,0.002,0.515,8.224,32.233
9367,4.648,1.462,18.444,0.136,0.166,0.003,0.510,8.329,33.758
9368,4.900,1.675,17.446,0.136,0.164,0.003,8.965,8.213,42.353
9369,4.482,1.515,18.675,0.137,0.175,0.003,8.176,8.151,42.006
9370,4.274,1.425,17.328,0.136,0.172,0.003,7.489,8.214,39.886
9371,4.834,1.834,17.688,0.134,0.170,0.002,0.509,8.529,34.444
9372,5.112,1.458,17.951,0.133,0.170,0.002,0.497,8.229,33.594
9373,4.234,1.459,18.486,0.134,0.168,0.002,0.520,8.453,34.560
9374,4.698,1.719,18.004,0.135,0.167,0.002,0.515,8.307,34.371
9375,4.745,1.772,17.631,0.136,0.168,0.002,8.249,8.253,41.667
9376,4.593,1.743,18.250,0.133,0.167,0.002,8.415,8.550,43.568
9377,7.372,3.088,99.068,0.148,0.165,0.002,8.759,8.291,128.257
9378,4.868,1.733,17.897,0.137,0.166,0.003,0.510,8.343,33.759
9379,4.948,1.742,18.060,0.131,0.174,0.002,0.519,8.796,34.472
9380,5.068,1.524,18.813,0.130,0.143,2.018,0.527,8.337,34.673
9381,5.079,1.707,20.090,0.128,0.188,1.160,0.539,8.462,36.278
9382,4.435,1.843,17.453,0.136,0.188,2.153,0.525,8.261,32.919
9383,4.300,1.597,17.502,0.135,0.204,0.743,0.527,8.226,32.552
9384,4.726,1.565,25.747,0.134,0.206,0.002,0.520,8.506,42.367
9385,4.563,1.809,19.429,0.123,0.181,1.337,0.515,8.521,36.290
9386,4.877,1.708,17.790,0.122,0.180,0.002,0.509,8.255,33.542
9387,4.804,1.579,18.248,0.116,0.231,0.730,0.514,8.291,33.836
9388,5.203,2.777,19.890,0.117,0.234,0.003,0.538,8.573,37.385
9389,4.609,1.738,27.056,0.124,0.232,0.003,0.518,8.358,43.415
9390,4.369,1.715,17.254,0.121,0.232,0.003,0.522,8.351,32.619
9391,4.784,1.767,18.456,0.138,0.203,0.770,0.516,8.585,34.519
9392,5.364,1.558,23.250,0.132,0.202,0.002,0.582,9.196,40.395
9393,6.032,1.890,25.898,0.142,0.243,0.807,0.526,8.346,43.109
9394,4.404,1.702,17.503,0.138,0.224,0.845,0.521,8.290,32.833
9395,4.863,1.761,17.877,0.133,0.223,0.003,0.518,10.633,36.070
9396,7.693,1.763,27.345,0.134,0.240,0.711,0.533,8.617,47.236
9397,4.571,1.784,19.898,0.135,0.227,0.720,0.544,9.416,36.623
9398,4.213,1.690,17.438,0.133,0.225,0.003,7.992,8.325,40.900
9399,5.242,1.895,17.891,0.135,0.225,0.003,8.408,8.293,42.884
9400,5.324,2.006,20.433,0.131,0.220,0.003,0.532,8.627,38.080
9401,5.649,1.618,29.360,0.137,0.227,0.003,0.620,9.101,46.784
9402,4.800,1.738,17.624,0.132,0.231,0.003,7.882,8.217,41.425
9403,4.519,1.674,19.419,0.137,0.222,0.682,0.529,8.763,35.311
9404,5.053,2.046,102.017,0.129,0.216,0.003,9.472,10.332,130.364
9405,5.572,2.148,42.593,0.128,0.211,0.003,0.605,8.468,59.798
9406,4.928,2.212,23.276,0.130,0.216,0.003,0.586,8.574,39.973
9407,5.719,3.425,22.873,0.138,0.207,0.003,0.538,8.515,41.453
9408,5.764,6.502,17.646,0.364,0.205,0.822,8.849,8.342,48.237
9409,4.407,3.565,22.217,0.141,0.211,0.742,0.536,12.653,43.780
9410,5.826,2.545,17.497,0.147,0.192,0.003,0.530,8.245,35.041
9411,5.166,2.828,20.421,0.146,0.205,1.299,0.570,8.911,38.296
9412,5.984,2.929,22.595,0.135,0.215,0.003,0.546,8.610,41.253
9413,4.540,4.515,22.764,0.142,0.233,2.018,0.521,8.452,41.182
9414,4.524,2.534,18.717,0.132,0.196,0.828,0.522,8.763,35.456
9415,5.424,3.763,22.734,0.137,0.193,0.003,0.531,8.301,41.815
9416,4.644,2.856,18.906,0.134,0.189,0.003,0.521,8.482,35.785
9417,4.411,1.842,23.786,0.135,0.223,0.832,0.547,8.404,39.294
9418,5.306,1.950,17.405,0.140,0.223,0.003,0.521,8.230,33.701
9419,4.615,2.211,17.564,0.137,0.230,0.003,8.717,8.982,44.056
9420,5.308,2.634,23.827,0.139,0.219,0.003,0.551,8.530,41.208
9421,5.855,1.899,21.361,0.148,0.207,0.812,0.538,8.284,38.242
9422,4.959,2.156,17.618,0.136,0.204,0.003,0.517,8.493,34.042
9423,5.101,2.269,17.650,0.137,0.205,0.003,0.533,8.596,34.452
9424,4.316,2.792,22.624,0.134,0.198,0.003,0.514,8.560,39.863
9425,6.158,2.127,18.397,0.136,0.216,0.960,0.518,8.242,35.752
9426,4.177,2.382,17.192,0.152,0.223,0.003,0.517,8.253,32.835
9427,4.602,2.257,18.178,0.136,0.225,0.003,0.541,8.286,34.179
9428,5.010,2.205,20.095,0.136,0.222,0.003,0.538,8.514,36.681
9429,5.036,2.278,23.301,0.138,0.226,0.003,0.529,8.240,39.692
9430,4.190,2.206,17.249,0.137,0.227,0.003,0.513,8.219,32.682
9431,4.623,2.295,17.411,0.138,0.219,0.003,0.504,8.215,33.349
9432,5.034,2.953,23.937,0.132,0.227,0.003,0.537,8.261,41.043
9433,4.642,2.035,17.811,0.136,0.229,0.003,0.519,8.240,33.559
9434,4.195,2.067,17.231,0.133,0.197,0.768,0.522,8.234,32.570
9435,4.578,2.250,17.612,0.136,0.182,0.003,0.529,8.470,33.755
9436,5.446,2.468,17.900,0.133,0.186,0.003,0.574,7.835,34.542
9437,5.025,1.904,18.543,0.147,0.193,0.005,0.521,8.416,34.723
9438,4.709,2.434,17.131,0.144,0.211,1.538,0.521,8.179,33.284
9439,4.931,2.420,17.664,0.136,0.212,0.003,0.504,8.484,34.324
9440,5.008,2.243,18.453,0.154,0.196,0.003,0.515,8.580,35.122
9441,5.091,2.624,18.414,0.136,0.205,0.003,0.545,8.542,35.544
9442,4.534,2.510,19.225,0.133,0.215,0.004,0.504,8.254,35.338
9443,5.300,2.621,17.330,0.141,0.206,0.003,0.514,8.237,34.320
9444,4.353,2.243,18.550,0.137,0.215,0.003,0.513,8.313,34.294
9445,5.021,2.138,17.581,0.135,0.203,0.003,0.509,9.233,34.798
9446,4.258,2.164,17.092,0.136,0.209,0.003,0.516,8.448,33.689
9447,4.801,2.584,18.371,0.131,0.209,0.003,0.518,8.809,35.439
9448,6.607,2.658,22.448,0.135,0.207,0.004,0.524,8.317,40.906
9449,4.565,2.092,17.340,0.144,0.217,0.003,0.510,8.361,33.221
9450,5.605,2.575,17.863,0.180,0.230,0.005,0.552,8.358,35.327
9451,4.617,2.465,18.131,0.151,0.215,0.003,0.514,8.363,34.438
9452,4.602,4.038,18.060,0.149,0.233,0.008,0.513,8.268,35.837
9453,4.333,1.581,20.377,0.145,0.213,0.003,0.555,8.308,35.508
9454,4.485,2.315,17.506,0.143,0.220,0.004,0.550,8.281,33.490
9455,4.647,2.203,17.243,0.135,0.210,0.003,0.525,8.357,33.329
9456,4.667,2.213,17.465,0.133,0.205,0.003,0.507,8.293,33.496
9457,4.827,1.877,18.247,0.142,0.223,0.919,0.498,8.376,34.177
9458,4.599,2.062,17.547,0.142,0.229,0.003,0.517,8.192,33.268
9459,4.597,1.792,17.449,0.136,0.220,0.003,0.512,8.228,32.928
9460,4.645,1.986,23.933,0.140,0.218,0.003,0.502,8.371,39.781
9461,4.549,1.716,18.269,0.136,0.218,0.003,0.501,8.406,33.788
9462,4.519,1.810,17.104,0.148,0.224,0.003,0.510,8.213,32.503
9463,4.369,2.354,17.677,0.134,0.220,0.003,0.499,8.903,34.153
9464,5.582,1.505,21.384,0.141,0.214,0.003,0.542,8.415,37.788
9465,4.327,1.770,17.434,0.140,0.209,0.003,0.506,8.486,32.870
9466,4.320,1.423,17.399,0.131,0.216,0.003,0.510,8.371,32.372
9467,5.365,1.688,17.822,0.132,0.206,0.003,0.515,8.204,33.944
9468,5.509,1.493,25.099,0.140,0.209,0.003,0.515,8.306,41.277
9469,4.778,27.059,17.174,0.134,0.212,0.003,0.548,8.349,58.292
9470,4.776,1.857,17.457,0.134,0.216,0.003,0.494,8.233,33.153
9471,4.311,1.634,17.667,0.211,0.218,0.004,0.516,8.622,34.038
9472,4.833,2.509,18.711,0.136,0.215,0.003,0.534,8.300,35.243
9473,4.229,1.697,18.203,0.145,0.211,0.003,0.503,8.730,33.718
9474,4.159,1.465,17.898,0.132,0.212,0.003,0.500,8.237,32.603
9475,4.598,1.902,17.633,0.137,0.215,0.003,0.487,8.719,33.694
9476,41.267,3.227,60.281,0.132,0.216,0.003,1.336,15.038,122.444
9477,27.448,3.099,35.454,0.134,0.209,0.003,0.559,9.627,76.568
9478,6.774,3.465,29.050,0.155,0.224,0.004,0.574,8.701,48.942
9479,7.421,1.881,22.950,0.149,0.224,0.003,0.505,8.945,42.063
9480,5.640,2.317,18.980,0.139,0.220,0.003,0.644,8.610,36.558
9481,5.434,4.373,23.237,0.141,0.220,0.004,0.533,8.310,42.249
9482,5.771,2.035,18.017,0.138,0.221,0.003,0.498,8.479,35.170
9483,5.054,1.900,19.051,0.138,0.220,0.004,0.546,8.769,35.693
9484,5.002,3.021,18.888,0.140,0.224,0.003,0.517,8.381,37.003
9485,4.903,6.279,18.522,0.138,0.224,0.003,0.518,8.294,38.836
9486,4.846,3.740,18.430,0.140,0.222,0.003,0.600,8.333,37.193
9487,4.434,2.377,23.652,0.144,0.222,0.003,0.558,8.735,40.070
9488,4.403,2.153,17.826,0.133,0.220,0.003,0.639,8.512,33.931
9489,4.742,2.274,17.704,0.146,0.237,0.004,0.527,8.222,33.774
9490,4.396,2.378,17.813,0.142,0.217,0.003,0.534,8.293,34.450
9491,5.532,5.277,18.161,0.140,0.211,0.003,0.587,8.811,38.662
9492,4.689,2.042,17.827,0.139,0.210,0.003,0.650,8.390,33.917
9493,5.036,2.461,21.106,0.137,0.213,0.003,0.530,8.430,37.859
9494,5.080,13.907,20.165,0.142,0.214,0.003,0.547,8.270,48.273
9495,5.089,2.223,21.288,0.170,0.223,0.003,0.537,8.305,37.738
9496,4.281,2.385,18.445,0.142,0.217,0.003,0.524,8.630,34.560
9497,5.176,2.332,19.415,0.201,0.214,0.003,0.537,8.244,36.008
9498,4.881,2.217,17.880,0.136,0.218,0.003,0.529,8.387,34.188
9499,4.634,2.839,19.426,0.136,0.209,0.003,0.520,8.376,36.099
9500,4.244,2.258,17.883,0.135,0.219,0.003,0.534,8.447,33.671
9501,4.720,2.191,18.802,0.149,0.222,0.003,0.524,8.411,34.946
9502,5.769,2.591,22.249,0.136,0.218,0.003,0.551,9.125,40.589
9503,5.071,2.641,30.274,0.139,0.222,0.003,0.587,9.293,48.173
9504,5.874,3.473,21.131,0.137,0.218,0.003,0.631,8.618,40.030
9505,4.615,2.813,21.514,0.136,0.219,0.003,0.580,8.507,38.350
9506,5.256,3.728,20.227,0.140,0.225,0.003,0.544,8.286,38.383
9507,5.863,2.561,24.585,0.136,0.222,0.003,0.543,8.203,42.062
9508,4.519,2.239,18.369,0.139,0.223,0.003,0.555,8.588,34.578
9509,4.912,2.327,18.306,0.141,0.223,0.003,0.552,8.333,34.746
9510,5.018,2.654,20.233,0.139,0.214,0.003,0.543,8.294,37.053
9511,5.116,4.308,20.278,0.142,0.214,0.004,0.524,8.402,38.935
9512,5.600,2.521,18.335,0.162,0.247,0.005,0.532,8.439,35.734
9513,4.842,2.344,18.868,0.144,0.218,0.003,0.552,8.347,35.258
9514,5.127,3.025,18.101,0.145,0.219,0.003,0.524,8.266,35.348
9515,4.880,2.370,17.820,0.139,0.209,0.003,0.528,8.444,34.348
9516,4.269,2.213,17.606,0.135,0.215,0.003,0.537,8.429,33.356
9517,5.296,2.262,17.794,0.138,0.215,0.003,0.539,8.266,34.474
9518,5.008,3.190,18.672,0.136,0.213,0.003,0.521,8.341,36.037
9519,4.453,2.413,19.405,0.139,0.210,0.003,0.533,8.645,35.758
9520,4.864,2.417,17.939,0.134,0.213,0.003,0.525,8.482,36.518
9521,4.693,2.505,18.018,0.137,0.222,0.003,10.516,8.655,45.863
9522,4.972,2.296,20.879,0.137,0.217,0.003,9.200,8.433,48.258
9523,4.861,4.678,20.280,0.137,0.219,0.003,9.168,8.705,48.774
9524,4.785,2.493,19.883,0.140,0.219,0.003,0.536,8.198,36.238
9525,4.542,3.822,20.682,0.138,0.220,0.003,8.305,8.229,47.223
9526,4.412,2.239,17.637,0.137,0.221,0.003,0.503,8.543,33.641
9527,5.215,2.241,26.355,0.139,0.216,0.003,0.525,8.817,44.231
9528,5.269,2.275,17.656,0.134,0.212,0.003,0.502,8.249,34.305
9529,5.591,5.067,26.473,0.147,0.225,0.003,0.570,8.166,46.228
9530,5.052,8.880,17.775,0.137,0.213,0.003,0.510,8.290,40.863
9531,4.407,2.887,20.984,0.143,0.213,0.004,8.696,8.192,46.277
9532,4.624,2.990,18.545,0.142,0.211,0.004,0.501,8.397,35.394
9533,5.506,2.334,20.996,0.147,0.211,0.877,0.527,9.112,39.670
9534,4.486,2.303,25.933,0.138,0.208,0.003,0.536,9.258,43.726
9535,7.623,2.235,30.022,0.151,0.208,0.003,0.541,8.368,49.150
9536,5.044,2.204,22.369,0.160,0.214,0.003,0.541,8.240,39.484
9537,4.841,2.288,18.424,0.139,0.208,0.004,0.531,8.294,35.462
9538,5.049,2.551,19.180,0.141,0.201,0.004,0.538,8.335,36.016
9539,4.375,2.486,18.237,0.139,0.196,0.003,0.529,8.258,34.248
9540,4.259,2.380,18.084,0.133,0.202,0.005,0.518,8.191,33.785
9541,4.316,4.991,18.863,0.136,0.199,0.003,0.526,8.264,37.329
9542,4.649,2.331,19.257,0.146,0.208,0.003,0.536,8.292,35.432
9543,4.444,1.768,21.776,0.137,0.205,0.003,0.524,8.278,37.831
9544,4.220,1.902,17.692,0.150,0.207,0.003,0.532,8.243,32.938
9545,4.638,1.913,18.030,0.135,0.205,0.003,0.513,8.243,33.681
9546,4.419,1.851,18.652,0.137,0.199,0.003,0.518,8.312,34.102
9547,4.247,1.966,20.608,0.138,0.204,0.003,0.525,8.249,35.943
9548,4.466,2.145,20.673,0.141,0.213,0.003,9.465,8.683,46.825
9549,6.145,6.065,19.673,0.137,0.205,0.003,0.617,8.636,42.233
9550,5.060,6.401,19.974,0.137,0.204,0.003,0.650,8.596,41.024
9551,4.801,2.115,19.939,0.140,0.201,0.003,8.849,8.307,45.663
9552,4.496,2.514,18.438,0.135,0.204,0.003,0.532,8.253,34.589
9553,4.884,2.250,18.340,0.133,0.213,0.733,8.714,8.367,44.950
9554,4.737,2.342,18.739,0.139,0.217,0.003,0.523,8.257,35.756
9555,4.392,4.228,80.203,0.148,0.235,0.003,0.527,8.496,98.179
9556,4.595,2.688,18.517,0.138,0.202,0.789,0.536,8.278,34.942
9557,5.497,2.138,17.422,0.146,0.219,0.003,8.922,8.314,43.484
9558,4.701,5.422,17.979,0.140,0.238,0.695,0.544,8.237,37.249
9559,4.798,2.231,19.494,0.137,0.202,0.982,0.534,8.445,35.873
9560,4.787,2.311,18.005,0.128,0.204,0.655,0.502,8.286,34.254
9561,4.633,2.299,17.815,0.134,0.244,0.706,8.674,8.310,42.897
9562,5.181,4.227,19.252,0.136,0.249,0.003,0.524,8.312,37.841
9563,4.333,2.322,18.189,0.135,0.245,0.771,0.518,8.311,34.019
9564,4.435,2.246,17.617,0.129,0.227,0.003,0.519,8.401,33.555
9565,5.118,2.500,19.095,0.126,0.219,0.003,8.429,8.420,44.875
9566,6.054,2.339,19.430,0.132,0.227,0.702,0.566,8.287,37.054
9567,5.061,2.531,18.010,0.133,0.213,0.003,0.518,8.652,35.136
9568,5.067,2.501,17.375,0.134,0.247,0.857,0.536,8.233,34.075
9569,4.591,2.277,18.893,0.134,0.247,0.873,0.508,8.297,34.934
9570,5.099,2.327,18.413,0.145,0.293,0.719,0.504,8.386,35.098
9571,4.535,1.890,20.385,0.136,0.297,0.003,0.526,8.460,36.159
9572,4.707,2.777,17.381,0.139,0.295,0.003,0.508,8.473,34.209
9573,4.650,2.268,17.911,0.130,0.289,0.003,0.520,8.343,34.062
9574,4.697,2.317,18.280,0.139,0.313,0.003,0.525,8.245,35.162
9575,4.617,1.832,18.487,0.142,0.296,0.749,0.520,8.460,34.237
9576,6.232,2.248,18.554,0.140,0.262,0.945,0.508,8.177,36.042
9577,5.253,8.033,23.357,0.133,0.258,0.003,0.599,8.488,46.077
9578,4.751,2.450,25.987,0.146,0.267,0.003,9.303,8.242,52.626
9579,4.506,2.090,18.979,0.138,0.284,1.404,0.512,8.351,34.790
9580,4.909,2.235,17.555,0.131,0.273,0.004,0.529,8.516,34.099
9581,4.809,2.297,18.083,0.140,0.284,0.003,0.527,8.243,34.304
9582,4.933,3.918,17.676,0.134,0.280,0.003,0.521,8.263,35.664
9583,5.309,2.211,19.142,0.133,0.285,0.003,0.506,8.230,35.748
9584,4.322,2.044,17.834,0.141,0.283,0.003,0.514,8.238,33.308
9585,4.920,1.976,17.673,0.128,0.287,0.003,0.519,8.465,33.896
9586,4.319,1.964,17.884,0.129,0.235,1.308,0.550,8.327,33.394
9587,4.413,1.929,19.592,0.140,0.279,0.741,0.506,8.235,35.019
9588,5.320,1.761,17.712,0.136,0.282,0.002,0.524,8.602,34.265
9589,4.794,2.228,17.920,0.134,0.247,0.786,0.552,9.569,35.432
9590,17.482,4.812,74.916,0.145,0.244,0.004,0.840,16.608,115.075
9591,10.246,4.557,34.801,0.137,0.154,0.002,0.580,8.801,59.356
9592,5.935,4.429,23.317,0.137,0.173,1.523,0.692,8.736,43.501
9593,5.820,7.185,25.615,0.138,0.171,0.002,0.598,9.028,48.611
9594,6.527,5.368,21.559,0.137,0.168,0.828,0.540,10.096,44.457
9595,7.655,4.353,27.717,0.128,0.140,0.635,0.549,10.756,51.379
9596,7.701,3.382,23.294,0.138,0.146,0.003,0.508,8.292,43.520
9597,6.429,4.543,23.453,0.132,0.141,0.002,0.525,8.525,44.762
9598,5.239,2.404,22.174,0.137,0.150,0.003,0.531,8.501,39.223
9599,5.216,2.900,18.896,0.134,0.151,0.002,0.540,8.980,36.893
9600,6.167,2.782,19.197,0.136,0.185,0.792,0.541,8.270,37.320
9601,7.284,2.563,21.498,0.137,0.187,0.887,0.550,8.284,40.538
9602,4.934,4.034,20.833,0.132,0.190,0.002,0.557,8.432,39.165
9603,5.268,2.369,17.943,0.136,0.179,0.002,0.531,8.648,35.117
9604,4.457,2.516,17.205,0.134,0.174,0.002,0.551,8.231,33.317
9605,4.727,6.396,21.532,0.158,0.184,0.004,0.527,8.289,41.826
9606,4.648,2.384,18.921,0.146,0.179,0.003,0.516,8.284,35.104
9607,4.770,2.498,23.018,0.157,0.188,0.003,0.519,8.324,39.471
9608,4.155,2.324,19.588,0.161,0.187,0.003,0.535,8.364,35.320
9609,4.587,2.261,18.431,0.154,0.193,0.002,0.514,8.310,34.454
9610,4.873,2.510,17.520,0.136,0.183,0.002,0.517,8.198,33.970
9611,4.904,2.904,21.470,0.144,0.156,1.523,0.588,8.658,38.959
9612,4.735,2.413,17.657,0.134,0.147,0.002,0.516,8.348,34.024
9613,4.779,7.422,18.324,0.151,0.164,0.003,0.525,8.291,39.700
9614,4.286,2.325,19.194,0.147,0.141,0.003,0.509,8.401,35.061
9615,4.836,6.326,19.851,0.134,0.143,0.002,0.520,8.664,40.553
9616,4.540,2.447,17.405,0.137,0.147,0.002,0.510,8.219,33.473
9617,4.806,2.521,17.611,0.135,0.150,0.002,0.524,9.051,34.859
9618,5.336,2.778,27.724,0.132,0.144,0.002,0.572,8.941,45.734
9619,5.417,3.062,27.043,0.137,0.161,0.757,0.583,9.138,45.620
9620,9.474,2.481,19.504,0.134,0.160,0.002,0.552,8.553,40.926
9621,4.589,2.288,18.757,0.149,0.171,0.003,0.563,8.463,35.026
9622,5.064,5.110,19.688,0.146,0.176,0.003,0.620,8.356,39.201
9623,4.886,2.326,21.731,0.150,0.169,0.002,0.535,8.558,38.399
9624,5.333,2.739,19.074,0.134,0.168,0.004,0.537,8.301,36.353
9625,4.899,2.304,19.836,0.137,0.170,0.002,0.554,9.002,36.961
9626,6.286,2.603,18.596,0.142,0.174,0.002,0.544,8.363,36.759
9627,5.251,2.284,18.413,0.140,0.171,0.002,0.541,8.593,35.451
9628,5.102,2.252,17.377,0.147,0.167,0.003,0.519,8.241,33.850
9629,4.900,2.555,21.538,0.130,0.164,0.002,0.619,8.422,38.422
9630,5.349,2.607,17.717,0.143,0.168,0.003,0.531,8.542,35.110
9631,5.051,2.230,19.971,0.141,0.162,0.003,0.535,8.582,36.724
9632,5.232,2.450,17.686,0.137,0.172,0.002,0.530,8.270,34.522
9633,4.620,4.512,19.194,0.138,0.185,0.860,0.528,8.270,37.477
9634,5.009,2.270,18.359,0.133,0.188,0.003,0.538,8.611,35.148
9635,5.272,2.603,23.629,0.133,0.178,0.002,0.563,9.197,41.661
9636,5.413,2.613,20.757,0.141,0.178,0.002,0.528,8.661,38.336
9637,4.978,4.081,18.630,0.143,0.183,0.003,0.517,8.349,36.974
9638,4.396,2.748,18.745,0.133,0.174,0.002,0.529,8.330,35.107
9639,4.592,2.490,23.368,0.135,0.180,0.002,0.528,8.902,40.229
9640,4.915,2.133,21.247,0.135,0.177,0.002,0.529,8.261,37.444
9641,4.717,2.762,24.178,0.143,0.179,0.003,0.617,8.789,41.439
9642,5.838,4.228,22.493,0.127,0.172,0.002,0.527,8.334,41.779
9643,4.878,1.990,23.122,0.131,0.176,0.007,0.541,8.301,39.198
9644,4.322,2.075,17.619,0.135,0.176,0.002,0.543,8.237,33.155
9645,4.907,2.174,19.382,0.151,0.182,0.002,0.525,8.260,35.609
9646,4.568,2.163,17.665,0.156,0.180,0.004,0.521,8.499,33.786
9647,4.491,2.024,21.464,0.133,0.178,0.004,0.503,8.681,37.526
9648,5.694,1.940,18.520,0.135,0.178,0.002,0.537,8.292,35.349
9649,4.313,2.039,17.668,0.142,0.177,0.003,0.526,8.305,33.221
9650,4.940,1.707,18.829,0.135,0.176,0.002,0.541,9.138,35.513
9651,5.154,2.313,24.253,0.137,0.182,0.002,0.570,8.930,41.582
9652,5.517,2.014,23.233,0.137,0.174,0.003,0.675,8.924,40.778
9653,5.298,1.774,18.458,0.141,0.176,0.003,0.544,8.505,34.947
9654,4.691,1.617,20.208,0.135,0.174,0.002,0.522,8.271,35.677
9655,5.016,1.545,19.408,0.132,0.175,0.002,0.526,8.302,35.149
9656,4.542,1.666,17.336,0.137,0.181,0.002,0.525,8.455,32.879
9657,4.629,2.125,21.819,0.130,0.175,0.003,0.539,8.287,37.755
9658,5.514,1.655,17.897,0.136,0.180,0.002,0.532,8.395,34.346
9659,4.649,1.610,17.717,0.136,0.178,0.002,0.529,9.004,33.862
9660,4.625,1.658,17.735,0.132,0.177,0.002,0.517,8.238,33.124
9661,6.778,2.505,17.873,0.140,0.180,0.003,0.532,8.473,36.522
9662,4.776,2.011,21.150,0.145,0.182,0.002,0.531,8.386,37.211
9663,4.861,1.597,19.453,0.155,0.190,0.003,0.535,8.528,35.335
9664,4.907,1.636,19.778,0.160,0.198,0.003,0.539,8.508,35.732
9665,4.947,1.734,19.072,0.150,0.180,0.003,0.539,8.241,34.894
9666,5.036,1.725,18.830,0.143,0.182,0.003,0.508,8.321,34.782
9667,4.288,1.550,17.506,0.136,0.174,0.002,0.532,8.230,32.466
9668,4.355,1.597,17.274,0.139,0.181,0.003,0.506,8.457,32.539
9669,4.592,1.515,19.251,0.143,0.180,0.003,0.578,8.624,34.938
9670,5.423,3.527,18.383,0.135,0.174,0.002,0.510,8.445,36.642
9671,4.657,1.579,26.040,0.134,0.176,0.003,0.527,8.865,42.029
9672,5.196,1.532,23.420,0.135,0.174,0.002,0.559,8.518,39.583
9673,4.715,1.653,19.507,0.134,0.171,0.003,0.585,8.295,35.991
9674,4.632,1.631,22.978,0.129,0.168,0.002,0.543,9.235,39.370
9675,8.258,1.566,24.582,0.134,0.174,0.002,0.534,9.118,44.423
9676,6.285,1.966,24.701,0.133,0.176,0.002,0.545,8.532,42.408
9677,5.454,1.512,19.151,0.187,0.175,0.002,0.553,8.306,35.327
9678,4.938,1.474,19.264,0.135,0.174,0.002,0.577,8.531,35.132
9679,5.265,2.114,25.490,0.131,0.177,0.002,0.519,8.451,42.177
9680,4.646,1.518,18.945,0.135,0.178,0.002,0.531,8.264,34.245
9681,4.848,1.700,18.057,0.133,0.177,0.002,0.551,8.533,34.027
9682,5.016,3.276,19.416,0.137,0.178,0.002,0.536,8.729,37.331
9683,7.152,1.568,24.449,0.144,0.183,0.002,0.536,8.573,42.624
9684,4.145,1.417,17.334,0.132,0.181,0.002,0.543,8.508,32.309
9685,4.540,1.464,18.341,0.140,0.175,0.003,0.509,8.249,33.448
9686,4.927,1.654,19.934,0.149,0.177,0.002,0.521,8.329,35.705
9687,4.563,1.510,18.979,0.134,0.181,0.002,0.535,8.317,34.251
9688,5.163,1.462,17.974,0.130,0.173,0.002,0.518,8.429,33.904
9689,4.851,1.582,18.411,0.132,0.173,0.002,0.524,8.337,34.051
9690,4.956,1.709,17.765,0.132,0.174,0.002,0.516,8.243,33.535
9691,4.314,1.716,18.145,0.132,0.182,0.002,0.529,9.610,34.659
9692,5.880,1.670,18.338,0.136,0.179,0.002,0.524,8.243,34.997
9693,4.610,1.532,18.060,0.134,0.181,0.002,0.516,8.652,34.451
9694,4.958,2.609,18.589,0.143,0.162,0.864,0.533,8.315,35.364
9695,4.283,1.526,19.220,0.141,0.166,0.004,0.568,8.580,34.565
9696,5.695,1.733,20.706,0.136,0.169,0.002,0.541,8.263,38.069
9697,4.351,1.473,17.693,0.139,0.171,0.002,0.550,8.249,32.685
9698,4.329,1.484,18.031,0.140,0.156,0.002,10.510,8.441,43.869
9699,5.050,1.968,22.781,0.140,0.162,0.002,0.556,8.486,40.165
9700,4.362,1.469,17.764,0.135,0.155,0.002,0.512,8.266,33.361
9701,4.673,1.527,18.543,0.145,0.171,0.003,8.533,8.278,42.640
9702,5.024,1.526,17.829,0.140,0.161,0.003,0.512,8.500,33.780
9703,4.700,1.689,23.217,0.134,0.157,0.002,11.379,8.545,50.683
9704,4.334,1.739,17.815,0.141,0.161,0.002,0.517,8.226,32.993
9705,5.147,2.538,18.162,0.140,0.162,0.002,0.508,8.422,35.127
9706,8.612,1.812,18.607,0.141,0.166,0.002,0.564,8.415,39.071
9707,4.317,1.528,23.117,0.136,0.153,0.003,0.523,8.311,38.146
9708,4.602,1.573,18.025,0.149,0.162,0.003,0.503,8.222,34.163
9709,4.885,1.539,19.052,0.136,0.164,0.003,9.579,9.126,45.437
9710,4.629,1.640,18.044,0.138,0.168,0.002,39.881,8.033,73.385
9711,4.528,2.070,18.749,0.144,0.163,0.003,0.498,8.467,34.748
9712,5.366,2.155,19.092,0.310,0.171,0.003,0.525,8.638,36.214
9713,4.572,1.982,18.911,0.206,0.227,0.013,0.518,8.308,34.715
9714,5.146,2.620,18.565,0.148,0.197,0.875,0.547,8.346,35.681
9715,5.071,1.638,19.056,0.140,0.151,0.716,0.556,8.401,35.910
9716,4.565,1.646,18.764,0.140,0.177,0.662,8.684,8.295,43.302
9717,4.551,1.957,24.812,0.132,0.159,0.747,0.513,9.782,42.010
9718,6.727,1.724,20.712,0.135,0.186,0.616,0.519,8.530,38.629
9719,5.117,22.091,21.786,0.153,0.222,2.092,8.544,8.325,67.690
9720,3.934,1.627,17.059,0.132,0.222,0.751,0.513,8.097,31.639
9721,4.201,1.964,20.397,0.139,0.207,0.685,0.542,8.561,36.093
9722,4.614,2.063,17.270,0.144,0.221,0.762,0.520,8.181,33.065
9723,4.836,1.610,17.629,0.135,0.169,0.745,0.510,8.293,33.299
9724,4.227,1.814,18.276,0.139,0.186,2.044,0.558,8.192,33.494
9725,4.247,2.268,17.447,0.125,0.185,0.003,0.502,8.390,33.271
9726,4.319,2.991,17.362,0.124,0.181,0.003,0.536,8.226,35.106
9727,4.649,1.974,17.649,0.143,0.187,0.002,0.498,8.279,34.210
9728,5.837,2.128,20.344,0.133,0.211,1.088,0.494,8.447,37.672
9729,4.345,2.498,18.739,0.135,0.149,0.002,0.523,8.442,35.715
9730,4.303,2.006,18.077,0.142,0.229,1.083,0.600,8.271,33.652
9731,5.096,3.279,19.993,0.142,0.221,0.003,0.556,8.313,37.532
9732,5.373,1.652,21.348,0.143,0.231,0.004,8.421,8.343,46.971
9733,4.687,1.720,19.039,0.145,0.231,0.003,0.498,8.314,34.570
9734,4.927,2.122,17.318,0.142,0.233,0.003,0.506,8.206,34.212
9735,4.900,2.378,17.789,0.133,0.226,0.003,0.504,8.373,34.849
9736,5.019,2.282,25.432,0.138,0.236,0.004,0.517,8.220,41.757
9737,4.975,1.707,17.801,0.140,0.219,1.290,0.527,8.288,33.574
9738,4.552,2.320,18.128,0.139,0.214,0.004,0.532,8.351,34.172
9739,4.644,2.168,18.157,0.147,0.206,0.003,0.510,10.025,35.793
9740,4.647,2.836,20.561,0.141,0.223,0.003,8.368,8.621,46.148
9741,4.403,1.889,19.162,0.140,0.222,0.003,7.854,8.246,42.765
9742,4.310,1.920,17.181,0.131,0.175,1.101,0.495,8.220,32.452
9743,4.615,1.795,17.669,0.136,0.172,0.003,0.513,8.943,33.853
9744,4.980,1.896,22.361,0.132,0.172,0.003,0.503,8.913,38.966
9745,5.500,2.090,139.740,0.132,0.172,0.002,0.582,8.417,156.678
9746,4.239,2.149,17.808,0.133,0.173,0.003,0.525,8.488,33.538
9747,5.698,3.304,23.998,0.131,0.192,0.724,0.595,8.563,42.506
9748,5.826,2.674,25.560,0.145,0.168,0.717,0.558,9.315,44.286
9749,7.243,4.613,63.107,0.140,0.179,0.002,0.585,9.534,85.435
9750,5.865,2.193,17.560,0.136,0.166,0.002,0.536,8.638,35.115
9751,5.469,4.472,19.384,0.136,0.172,0.002,0.601,8.445,40.195
9752,8.270,2.954,19.300,0.151,0.162,0.003,0.540,8.528,39.877
9753,5.435,1.843,24.066,0.141,0.160,0.003,0.623,8.928,41.213
9754,5.325,5.400,18.644,0.138,0.170,0.002,0.567,8.357,38.585
9755,5.658,2.925,18.007,0.139,0.164,0.002,0.528,8.353,35.752
9756,4.579,4.748,20.504,0.153,0.170,0.003,0.529,9.496,40.142
9757,5.910,2.544,31.033,0.137,0.167,0.003,0.535,8.725,49.035
9758,4.348,2.195,17.565,0.144,0.164,0.002,0.515,8.355,33.256
9759,4.636,2.284,17.703,0.140,0.164,0.003,9.521,8.335,43.535
9760,4.939,3.334,22.421,0.139,0.168,0.002,0.529,8.551,40.071
9761,4.965,2.328,23.899,0.139,0.169,0.002,0.570,8.299,40.386
9762,4.171,2.184,20.434,0.143,0.180,0.002,0.627,8.833,36.575
9763,5.356,2.628,22.006,0.134,0.161,0.002,0.587,8.544,39.443
9764,5.318,2.541,24.906,0.141,0.162,0.003,0.580,8.400,42.055
9765,5.534,2.426,19.814,0.144,0.163,0.003,0.524,8.262,36.871
9766,4.303,5.229,19.021,0.136,0.164,0.002,0.539,8.499,37.912
9767,5.119,2.653,19.044,0.140,0.170,0.003,0.525,8.849,36.505
9768,6.417,2.523,29.634,0.138,0.168,0.003,0.560,8.617,48.069
9769,4.421,1.980,22.553,0.142,0.174,0.002,0.521,8.494,38.267
9770,4.962,2.185,18.528,0.153,0.167,0.002,0.574,8.322,34.886
9771,5.410,2.860,21.732,0.135,0.165,0.003,0.528,8.264,39.101
9772,6.045,2.029,30.833,0.136,0.166,0.002,0.522,8.233,47.974
9773,5.144,2.028,21.646,0.203,0.190,0.005,0.580,8.767,39.349
9774,5.011,2.056,18.664,0.386,0.345,0.025,0.539,8.400,34.994
9775,4.918,2.218,17.442,0.136,0.170,0.002,0.532,8.280,33.704
9776,4.856,2.334,24.690,0.137,0.166,0.002,0.524,8.321,41.046
9777,5.374,1.985,20.691,0.137,0.167,0.003,0.548,8.450,37.379
9778,4.210,1.893,17.231,0.132,0.173,0.002,0.514,8.238,32.396
9779,4.583,2.076,17.758,0.133,0.167,0.002,0.549,8.421,33.706
9780,4.818,3.314,20.788,0.145,0.171,0.003,0.523,8.491,38.250
9781,5.570,1.565,25.264,0.133,0.173,0.002,0.555,8.288,41.570
9782,4.251,1.987,17.412,0.134,0.165,0.002,0.485,8.483,32.922
9783,4.899,1.781,18.087,0.135,0.157,0.002,0.547,8.298,33.928
9784,5.735,2.077,29.714,0.130,0.163,0.002,0.526,8.438,46.805
9785,5.280,1.707,20.345,0.139,0.167,0.002,0.578,8.459,36.706
9786,6.074,2.459,25.261,0.130,0.160,0.002,0.658,8.532,43.327
9787,4.720,2.097,17.754,0.171,0.175,0.002,0.519,8.275,33.681
9788,5.178,2.325,23.689,0.140,0.165,0.002,0.528,8.319,40.355
9789,4.953,2.873,28.103,0.129,0.167,0.002,0.549,8.716,45.516
9790,5.054,1.597,19.003,0.130,0.162,0.002,0.531,8.300,34.798
9791,4.880,1.957,17.532,0.131,0.169,1.727,0.527,8.239,33.457
9792,4.367,1.971,19.197,0.133,0.170,0.002,0.542,8.686,35.078
9793,5.045,2.224,27.455,0.139,0.174,0.002,0.573,8.517,44.135
9794,4.932,1.563,17.786,0.133,0.177,0.003,0.564,8.309,33.466
9795,4.724,1.932,17.476,0.136,0.177,0.004,0.510,8.387,33.340
9796,4.940,1.946,20.951,0.129,0.173,0.003,0.535,8.290,36.983
9797,4.727,2.159,18.882,0.134,0.175,0.002,0.502,8.314,34.893
9798,4.322,1.651,17.387,0.127,0.171,0.002,0.517,8.184,32.381
9799,4.293,6.970,17.421,0.133,0.175,0.002,0.526,8.306,37.834
9800,4.929,3.814,20.478,0.137,0.177,0.003,0.508,8.333,38.374
9801,5.062,2.242,22.560,0.136,0.176,0.003,0.543,8.239,38.970
9802,4.609,1.661,17.536,0.138,0.174,0.003,0.513,8.328,32.978
9803,5.158,3.132,20.855,0.133,0.167,0.002,0.653,9.114,39.261
9804,6.187,2.342,30.757,0.132,0.175,0.002,0.622,9.259,49.532
9805,4.813,1.770,26.203,0.131,0.174,0.002,0.571,8.808,42.499
9806,4.933,1.575,17.941,0.140,0.178,0.002,0.544,8.461,33.783
9807,5.236,2.335,19.512,0.132,0.178,0.002,0.545,8.566,36.506
9808,5.068,2.339,19.778,0.142,0.175,0.003,0.529,8.371,36.408
9809,5.232,4.047,23.803,0.137,0.177,0.002,0.543,8.310,42.263
9810,4.303,2.077,17.672,0.131,0.170,0.003,0.533,8.257,33.155
9811,4.619,1.729,17.601,0.132,0.172,0.002,0.525,8.452,33.240
9812,4.564,1.763,19.797,0.132,0.175,0.002,0.579,8.323,35.338
9813,4.766,1.517,18.992,0.138,0.188,0.003,0.510,8.322,34.417
9814,4.970,1.590,18.076,0.131,0.172,0.003,0.522,8.196,33.654
9815,5.053,1.652,17.498,0.130,0.170,0.002,0.523,8.230,33.268
9816,5.617,1.540,23.880,0.132,0.179,0.002,0.509,8.308,40.166
9817,4.494,1.626,18.810,0.134,0.174,0.003,0.526,8.516,34.336
9818,4.223,1.580,17.455,0.131,0.176,0.002,0.517,8.390,32.478
9819,4.631,1.589,17.526,0.131,0.174,0.002,0.501,8.300,32.857
9820,5.791,2.990,24.920,0.135,0.173,0.002,0.513,8.564,43.096
9821,4.682,1.778,20.297,0.129,0.180,0.002,0.552,8.377,35.999
9822,4.712,1.446,18.224,0.133,0.173,0.002,0.515,8.455,33.671
9823,5.312,2.453,19.426,0.132,0.174,0.002,0.555,8.232,36.309
9824,4.342,1.542,20.789,0.131,0.174,0.002,0.532,8.293,35.814
9825,4.780,1.516,25.924,0.133,0.177,0.002,0.576,8.982,42.097
9826,4.957,1.855,17.778,0.136,0.166,0.768,0.539,8.242,33.699
9827,4.525,1.719,17.703,0.148,0.158,0.002,0.528,8.227,33.020
9828,4.298,1.799,17.568,0.132,0.160,0.002,0.536,8.425,32.932
9829,5.387,2.369,27.873,0.132,0.164,0.002,0.573,8.271,44.781
9830,4.289,1.510,20.178,0.128,0.165,0.002,0.569,8.380,35.236
9831,5.527,1.740,19.275,0.135,0.160,0.002,0.544,8.294,35.698
9832,4.423,1.522,18.160,0.136,0.170,0.003,0.521,8.216,33.162
9833,5.525,1.487,18.434,0.134,0.166,0.002,0.517,8.995,35.275
9834,4.734,1.734,18.177,0.130,0.166,0.002,0.577,8.489,34.882
9835,5.832,1.795,22.640,0.133,0.157,0.002,0.551,8.386,39.516
9836,4.354,1.701,19.131,0.134,0.170,0.002,0.535,8.702,34.731
9837,4.915,1.712,22.041,0.132,0.160,0.002,0.511,8.497,37.989
9838,4.922,1.921,17.869,0.136,0.160,0.002,0.532,8.281,33.826
9839,4.637,1.477,17.801,0.137,0.167,0.002,0.539,8.254,33.013
9840,5.690,2.298,18.946,0.135,0.175,0.003,0.521,8.217,35.965
9841,4.414,1.542,17.826,0.136,0.164,0.002,0.537,8.452,33.091
9842,5.546,1.438,18.913,0.136,0.163,0.002,0.526,8.254,34.982
9843,4.774,1.468,17.725,0.136,0.158,0.003,0.534,8.220,33.014
9844,5.391,1.466,21.149,0.134,0.163,0.002,0.533,8.348,37.191
9845,4.241,1.484,18.456,0.132,0.167,0.002,0.511,8.465,33.462
9846,4.169,1.403,17.464,0.133,0.176,0.755,0.525,8.289,32.159
9847,4.595,1.435,17.321,0.132,0.174,0.002,0.519,8.240,32.404
9848,4.940,1.479,23.059,0.127,0.178,0.002,0.570,8.452,38.817
9849,5.135,1.869,23.267,0.134,0.173,0.003,0.535,8.254,39.363
9850,4.849,1.535,18.018,0.131,0.166,0.002,0.567,8.428,33.707
9851,5.041,2.296,19.144,0.133,0.160,0.744,0.544,8.477,35.814
9852,6.263,2.365,23.604,0.140,0.167,0.002,0.589,8.447,41.754
9853,5.166,1.829,30.941,0.137,0.181,1.550,0.798,8.651,47.835
9854,4.643,1.708,23.258,0.139,0.179,0.002,11.014,8.542,50.386
9855,6.332,2.860,26.416,0.138,0.175,0.002,0.548,8.498,45.664
9856,7.380,2.171,23.430,0.139,0.162,1.210,8.285,8.354,50.601
9857,4.353,1.600,21.633,0.133,0.141,0.858,8.604,8.429,45.658
9858,4.440,1.801,18.552,0.138,0.187,1.365,8.837,8.316,42.884
9859,5.034,3.012,21.889,0.141,0.168,0.746,9.178,8.470,50.052
9860,4.667,1.638,22.590,0.135,0.171,0.002,0.575,8.643,39.220
9861,4.970,1.923,21.008,0.135,0.200,0.848,8.381,8.346,45.661
9862,4.908,2.758,17.479,0.133,0.166,0.881,0.547,8.278,35.098
9863,4.667,2.850,17.842,0.132,0.189,2.765,0.524,8.251,35.184
9864,4.749,1.677,19.846,0.140,0.135,1.245,0.529,8.334,37.505
9865,4.838,2.214,18.933,0.126,0.134,0.002,0.524,8.514,35.337
9866,4.409,2.216,17.403,0.126,0.136,0.002,0.490,8.262,33.089
9867,5.591,2.709,18.121,0.133,0.174,1.510,0.553,8.269,35.577
9868,4.683,1.650,21.815,0.130,0.177,0.002,0.545,8.511,38.636
9869,4.802,2.241,20.688,0.155,0.213,0.748,0.555,8.556,37.131
9870,4.282,1.967,18.423,0.141,0.209,0.003,9.703,8.420,44.250
9871,4.679,2.361,18.457,0.145,0.220,0.003,0.520,9.683,36.070
9872,5.244,2.573,24.700,0.139,0.211,0.003,0.539,8.559,41.993
9873,4.896,6.764,25.126,0.135,0.219,0.003,0.535,8.264,45.965
9874,4.305,2.449,17.738,0.145,0.222,0.003,0.569,8.414,33.853
9875,4.951,4.170,19.162,0.132,0.216,0.003,0.517,8.285,37.447
9876,5.027,2.045,28.487,0.130,0.212,0.003,0.539,8.763,45.241
9877,4.507,2.341,23.523,0.129,0.226,0.003,0.544,8.239,40.805
9878,5.457,2.407,18.805,0.134,0.211,0.003,0.557,8.352,35.936
9879,6.225,3.803,19.014,0.138,0.217,0.003,0.550,8.247,38.197
9880,4.428,2.936,21.609,0.132,0.217,0.003,0.540,8.460,38.341
9881,5.148,2.388,19.523,0.136,0.196,2.283,0.527,8.308,36.261
9882,4.218,2.975,19.652,0.141,0.220,0.717,8.428,8.318,44.999
9883,4.806,2.328,17.735,0.169,0.182,0.647,0.540,8.344,34.066
9884,4.365,2.286,19.225,0.138,0.201,1.609,0.549,8.300,35.032
9885,4.681,3.407,18.123,0.137,0.204,0.003,0.526,8.235,35.281
9886,4.369,2.174,17.476,0.141,0.205,0.003,0.507,8.322,33.159
9887,4.736,2.259,17.308,0.143,0.203,0.003,0.490,8.215,34.057
9888,4.669,2.344,19.048,0.142,0.206,0.003,9.010,8.287,44.388
9889,5.128,2.579,18.984,0.140,0.211,0.003,0.500,8.512,36.026
9890,5.369,2.215,17.252,0.143,0.189,0.666,0.534,8.214,33.890
9891,4.553,2.276,17.976,0.137,0.184,0.003,0.514,9.005,34.636
9892,5.688,2.906,21.154,0.136,0.187,0.003,0.549,9.946,40.561
9893,5.466,2.658,20.275,0.135,0.194,0.003,0.521,9.031,38.257
9894,4.886,2.341,17.316,0.137,0.196,0.003,0.506,8.310,33.671
9895,5.092,2.356,17.379,0.139,0.188,0.003,0.528,8.322,33.983
9896,4.842,6.450,20.347,0.137,0.182,0.003,0.561,8.526,41.053
9897,6.746,2.724,17.954,0.138,0.178,0.003,0.512,8.437,36.680
9898,4.942,2.106,17.773,0.134,0.182,0.003,0.528,8.378,34.039
9899,4.731,2.496,21.706,0.135,0.183,0.003,0.523,8.733,38.495
9900,4.318,2.253,18.716,0.137,0.184,0.003,0.547,8.372,34.518
9901,5.107,2.367,19.078,0.139,0.181,0.003,0.514,8.760,36.138
9902,4.506,2.236,17.488,0.136,0.193,0.003,0.561,8.358,33.474
9903,4.711,2.304,17.490,0.136,0.188,0.003,0.514,8.803,34.119
9904,5.022,2.454,19.733,0.134,0.204,0.003,0.529,8.580,36.626
9905,5.042,2.585,21.248,0.138,0.187,0.003,0.546,8.315,38.046
9906,5.202,2.512,18.004,0.136,0.182,0.003,0.508,8.399,34.929
9907,4.913,2.337,18.623,0.140,0.214,0.735,0.556,8.483,35.226
9908,5.050,2.317,22.145,0.140,0.216,0.003,0.535,8.322,38.678
9909,5.132,1.975,18.702,0.140,0.218,0.003,0.530,8.613,35.273
9910,6.424,2.269,17.218,0.141,0.208,0.003,0.522,8.268,35.024
9911,4.526,2.277,17.483,0.137,0.207,0.003,0.532,8.261,33.383
9912,5.822,2.581,18.533,0.142,0.210,0.003,0.530,8.488,36.261
9913,16.791,2.294,146.251,0.140,0.203,0.002,0.975,9.479,176.192
9914,7.950,3.520,24.539,0.138,0.205,0.003,2.212,9.323,48.302
9915,5.160,2.710,18.061,0.137,0.201,0.003,0.535,8.413,35.189
9916,4.829,2.853,20.247,0.134,0.200,0.003,0.515,8.432,37.182
9917,5.122,1.890,23.428,0.137,0.210,0.003,0.541,8.332,39.620
9918,4.670,2.701,17.392,0.136,0.209,0.003,0.525,8.483,34.079
9919,8.149,2.531,20.670,0.135,0.212,0.003,0.540,8.357,40.550
9920,5.266,1.889,26.254,0.145,0.203,0.003,0.536,8.272,42.538
9921,5.241,2.469,19.160,0.147,0.203,0.003,0.531,8.271,35.982
9922,4.617,1.679,17.753,0.135,0.212,0.003,0.506,8.271,33.127
9923,4.630,5.354,17.944,0.140,0.202,0.003,0.568,8.363,37.154
9924,4.578,2.191,21.525,0.132,0.203,0.003,0.503,8.217,37.311
9925,4.575,1.715,18.576,0.131,0.216,0.741,0.543,8.434,34.153
9926,4.444,1.711,17.869,0.137,0.220,0.003,0.501,8.300,33.118
9927,4.993,2.075,18.920,0.135,0.213,0.003,0.551,8.338,35.226
9928,4.530,2.450,22.509,0.137,0.215,0.003,0.540,8.547,38.884
9929,4.798,1.829,17.842,0.138,0.227,0.003,0.504,8.232,33.503
9930,4.245,1.952,17.317,0.134,0.224,0.003,0.528,8.296,32.634
9931,4.695,1.908,17.394,0.137,0.218,0.003,0.528,8.292,34.845
9932,5.383,2.071,18.061,0.137,0.222,0.003,0.518,8.266,34.605
9933,5.086,2.662,18.563,0.141,0.221,0.003,0.510,8.286,35.423
9934,4.220,2.071,17.772,0.140,0.219,0.003,0.529,8.339,33.246
9935,4.781,2.108,18.153,0.147,0.240,0.003,0.558,8.596,34.514
9936,5.024,1.666,21.260,0.135,0.219,0.003,0.520,8.375,37.150
9937,5.158,1.732,18.590,0.137,0.221,0.003,0.539,8.518,34.850
9938,4.390,2.003,17.243,0.139,0.221,0.003,0.515,8.298,32.751
9939,4.847,2.192,17.813,0.134,0.220,0.003,0.490,8.345,33.997
9940,5.558,1.676,21.391,0.131,0.223,0.003,0.532,8.339,37.813
9941,6.923,2.152,25.395,0.140,0.224,0.003,0.558,9.066,44.409
9942,5.084,1.907,20.417,0.134,0.221,0.003,0.550,8.285,36.558
9943,4.270,2.180,17.524,0.138,0.220,0.003,0.534,8.339,33.152
9944,4.931,2.490,18.639,0.136,0.221,0.003,0.514,8.394,35.277
9945,5.005,1.859,18.270,0.132,0.219,0.003,0.550,8.321,34.314
9946,4.268,1.661,17.553,0.135,0.216,0.003,0.536,8.344,32.684
9947,4.751,1.661,19.853,0.137,0.218,0.003,0.516,8.353,35.448
9948,5.097,1.827,77.740,0.156,0.219,0.003,0.518,8.651,94.153
9949,5.421,2.017,19.030,0.132,0.219,0.003,0.535,8.597,35.919
9950,5.213,1.950,17.907,0.135,0.236,0.003,0.497,8.358,34.230
9951,4.228,2.139,18.541,0.138,0.218,0.003,0.545,8.343,34.103
9952,4.395,2.495,17.454,0.136,0.218,0.003,0.521,9.632,34.808
9953,4.590,1.687,17.429,0.132,0.220,0.004,0.537,8.460,33.035
9954,4.480,2.534,17.615,0.135,0.217,0.003,0.529,8.392,33.856
9955,4.458,2.740,18.690,0.133,0.218,0.003,0.532,8.266,34.989
9956,5.548,1.878,17.843,0.138,0.222,0.004,0.529,8.293,34.404
9957,4.612,1.882,18.002,0.143,0.217,0.003,0.516,8.223,33.545
9958,4.630,1.701,17.693,0.133,0.223,0.003,0.564,8.228,33.126
9959,4.703,1.830,17.637,0.136,0.208,0.751,0.515,8.534,33.527
9960,4.047,1.843,17.159,0.142,0.205,0.003,0.516,8.249,32.125
9961,4.681,1.945,17.318,0.137,0.205,0.003,0.513,8.258,33.027
9962,4.984,3.158,17.412,0.141,0.212,0.002,0.521,8.289,34.673
9963,4.683,2.006,18.659,0.137,0.193,0.003,0.522,8.450,34.628
9964,4.979,1.884,17.269,0.141,0.203,0.003,0.512,8.262,33.215
9965,4.345,2.013,17.440,0.138,0.208,0.003,0.520,8.248,32.880
9966,4.924,1.932,18.166,0.139,0.206,0.003,0.506,8.467,35.067
9967,5.199,2.172,18.271,0.144,0.208,0.003,0.502,8.268,34.721
9968,4.400,1.639,17.688,0.137,0.198,0.003,0.515,8.518,33.055
9969,4.980,1.939,17.660,0.143,0.204,0.003,0.530,8.260,33.667
9970,4.831,1.587,17.047,0.136,0.216,0.003,0.499,8.188,32.448
9971,4.199,1.859,17.958,0.134,0.211,0.003,0.497,8.304,33.117
9972,4.538,1.479,17.233,0.140,0.186,0.869,0.518,8.206,32.283
9973,4.611,1.514,17.394,0.135,0.185,0.003,0.520,8.277,32.619
9974,4.180,2.796,17.051,0.136,0.190,0.004,0.544,8.256,33.126
9975,4.199,2.018,17.730,0.135,0.193,0.003,0.507,8.535,33.283
9976,4.577,1.715,17.794,0.139,0.187,0.003,0.525,8.507,33.425
9977,4.723,1.554,17.423,0.146,0.195,0.003,0.504,8.224,32.722
9978,4.969,1.781,17.483,0.139,0.191,0.003,0.515,8.415,33.462
9979,4.808,1.530,17.426,0.134,0.190,0.003,0.522,8.479,33.072
9980,4.495,1.729,17.597,0.138,0.204,1.243,0.523,8.257,32.915
9981,4.740,2.195,17.379,0.136,0.228,0.726,0.506,8.307,33.429
9982,4.346,2.118,18.213,0.135,0.268,0.668,0.515,8.528,34.021
9983,4.657,1.761,17.875,0.133,0.280,0.003,0.533,8.407,33.531
9984,4.322,1.564,17.291,0.133,0.273,0.003,0.501,8.324,32.302
9985,4.810,1.652,17.377,0.136,0.256,0.661,0.507,8.218,32.866
9986,4.656,1.491,17.328,0.133,0.283,0.722,0.529,8.326,33.392
9987,4.619,1.839,18.308,0.135,0.240,0.758,0.490,8.354,33.919
9988,4.516,1.700,17.771,0.123,0.231,0.712,0.501,8.242,33.038
9989,4.621,1.481,18.246,0.126,0.234,0.003,0.515,8.317,33.491
9990,4.616,2.284,17.489,0.128,0.236,0.003,0.501,8.254,33.444
9991,4.368,1.781,18.610,0.126,0.234,0.002,0.525,8.434,34.756
9992,4.390,1.685,17.763,0.130,0.246,0.963,0.509,8.225,32.882
9993,4.690,1.581,18.785,0.131,0.234,0.766,10.516,8.268,45.708
9994,4.492,1.454,17.745,0.129,0.178,0.674,0.509,8.308,32.830
9995,4.226,1.463,18.289,0.133,0.183,0.002,0.498,8.570,33.363
9996,4.419,1.473,17.562,0.130,0.188,0.002,8.683,8.251,41.900
9997,4.742,1.678,17.962,0.128,0.233,1.120,0.514,8.314,34.343
9998,4.605,1.553,18.713,0.129,0.186,0.630,9.204,8.343,44.110
9999,4.301,1.540,19.912,0.131,0.147,0.845,8.574,8.266,43.649
10000,4.995,1.503,17.494,0.146,0.153,0.003,0.517,8.213,33.031
10001,4.838,1.451,19.328,0.128,0.232,0.640,9.176,8.247,44.225
10002,4.914,2.746,17.919,0.127,0.232,0.003,9.164,8.630,44.553
10003,4.943,1.500,18.743,0.133,0.175,0.663,8.081,8.243,44.598
10004,4.194,1.434,18.838,0.132,0.178,0.002,8.387,8.235,42.610
10005,4.629,1.917,18.016,0.135,0.214,0.785,0.526,8.204,33.555
10006,4.386,1.620,17.499,0.135,0.215,0.003,0.529,8.304,32.603
10007,5.030,1.462,25.417,0.139,0.219,0.003,0.529,8.502,42.758
10008,4.379,1.511,17.934,0.137,0.215,0.003,0.525,8.265,32.924
10009,5.402,1.453,17.774,0.137,0.201,0.772,0.519,8.444,34.709
10010,4.633,1.580,18.021,0.176,0.225,0.712,0.510,8.188,33.285
10011,4.548,2.250,17.911,0.137,0.214,0.700,0.530,8.260,33.870
10012,4.161,1.471,18.247,0.138,0.211,0.003,0.534,8.296,33.061
10013,4.405,1.508,17.564,0.146,0.219,0.003,0.520,8.233,32.587
10014,4.608,1.522,17.405,0.138,0.215,0.002,0.543,8.232,32.680
10015,4.734,1.732,18.729,0.142,0.214,0.003,0.516,8.327,34.391
10016,4.396,1.566,17.900,0.140,0.220,0.003,0.527,8.282,33.017
10017,4.600,1.501,17.937,0.139,0.215,0.003,0.510,8.306,33.212
10018,4.285,1.486,17.757,0.139,0.214,0.003,0.525,8.410,32.812
10019,4.368,1.528,17.921,0.143,0.216,0.004,0.515,8.381,33.072
10020,4.271,1.359,17.187,0.139,0.208,0.003,0.502,8.265,31.936
10021,4.669,1.451,17.634,0.136,0.217,0.003,8.497,8.519,43.387
10022,4.587,4.255,18.775,0.137,0.215,0.003,9.021,8.283,46.000
10023,4.942,1.786,25.971,0.141,0.214,0.003,0.554,8.397,42.650
10024,5.373,1.592,17.646,0.138,0.221,0.003,8.238,8.259,43.057
10025,4.895,1.465,17.973,0.137,0.177,0.746,0.529,8.296,33.503
10026,5.123,1.737,17.609,0.136,0.174,0.003,0.516,8.241,33.575
10027,4.565,1.576,18.358,0.307,0.194,0.004,0.515,8.301,33.665
10028,4.326,1.476,17.676,0.145,0.210,1.063,0.530,8.243,32.602
10029,4.301,1.510,17.521,0.145,0.208,0.003,0.517,8.226,32.430
10030,5.098,3.008,17.542,0.139,0.202,0.003,0.535,8.279,35.460
10031,5.032,1.899,17.970,0.145,0.200,0.003,0.512,8.345,34.083
10032,4.800,1.739,17.918,0.136,0.210,0.003,0.523,8.256,33.562
10033,4.327,1.694,17.445,0.138,0.202,0.003,0.506,8.542,32.848
10034,4.433,1.468,17.446,0.138,0.209,0.003,0.529,8.298,32.510
10035,4.852,1.683,19.062,0.141,0.205,0.003,0.522,8.253,34.704
10036,4.147,1.489,17.347,0.138,0.206,0.003,0.509,8.588,32.402
10037,4.291,1.484,17.591,0.133,0.216,0.003,0.512,8.275,32.473
10038,4.600,1.720,17.269,0.136,0.218,0.003,0.488,8.253,32.650
10039,4.544,1.784,22.357,0.137,0.202,0.003,0.511,8.197,37.714
10040,4.524,1.497,17.474,0.133,0.198,0.003,0.514,8.547,32.881
10041,4.751,3.843,17.954,0.133,0.211,0.003,0.525,8.379,35.777
10042,5.021,1.589,17.986,0.136,0.209,0.003,0.527,8.322,33.778
10043,4.537,1.598,17.916,0.140,0.231,0.003,0.521,8.245,33.146
10044,4.621,1.421,17.494,0.136,0.221,0.003,0.532,8.251,32.661
10045,4.442,1.600,17.606,0.135,0.213,0.003,0.540,8.589,33.105
10046,5.114,1.520,17.504,0.132,0.225,0.749,0.522,8.446,33.428
10047,4.598,1.494,18.423,0.134,0.218,0.004,0.517,8.260,34.382
10048,4.614,1.692,18.003,0.133,0.227,0.002,0.540,8.295,33.504
10049,4.647,1.480,18.217,0.135,0.218,0.003,0.526,8.331,33.561
10050,5.396,3.149,18.158,0.133,0.217,0.003,0.514,8.375,35.945
10051,5.052,1.573,26.070,0.132,0.220,0.003,0.536,8.330,41.909
10052,5.148,1.792,17.947,0.140,0.216,0.003,0.552,8.314,34.109
10053,4.595,1.511,17.718,0.139,0.218,0.003,0.496,8.349,33.015
10054,4.442,1.499,17.318,0.135,0.217,0.003,0.539,8.248,32.394
10055,5.211,1.500,18.908,0.135,0.216,0.003,0.519,8.548,35.029
10056,4.176,1.459,17.863,0.136,0.214,0.003,0.501,8.282,32.618
10057,4.395,1.503,17.865,0.135,0.218,0.003,0.541,8.376,33.030
10058,4.933,1.529,17.519,0.144,0.220,0.003,0.518,8.382,33.230
10059,4.532,1.503,21.141,0.137,0.217,0.003,0.525,8.665,36.718
10060,5.374,1.704,21.577,0.136,0.217,0.003,0.576,8.348,37.931
10061,4.733,1.755,17.946,0.151,0.227,0.005,0.531,8.447,33.766
10062,4.413,4.230,17.920,0.135,0.215,0.003,0.526,8.309,35.748
10063,4.393,1.801,18.415,0.138,0.227,0.003,0.518,8.375,33.848
10064,4.343,1.481,17.701,0.141,0.227,0.003,0.530,8.212,32.607
10065,4.748,1.719,17.437,0.135,0.226,0.003,0.509,8.200,33.703
10066,4.448,1.509,17.667,0.137,0.225,0.003,0.537,8.262,32.782
10067,5.191,1.476,25.432,0.144,0.241,0.003,0.519,8.902,41.872
10068,6.360,1.561,21.511,0.135,0.225,0.003,0.522,8.254,38.564
10069,4.470,1.498,17.711,0.146,0.239,0.003,0.543,10.174,34.765
10070,4.999,1.527,18.070,0.137,0.220,0.003,0.536,8.207,33.700
10071,4.609,1.424,17.834,0.140,0.218,0.003,0.517,8.534,33.277
10072,4.743,1.437,17.665,0.134,0.212,0.003,0.529,8.513,33.250
10073,4.631,2.546,18.389,0.138,0.208,0.003,0.520,8.245,34.696
10074,4.613,1.716,18.746,0.133,0.215,0.003,0.527,8.293,34.259
10075,4.334,1.600,21.831,0.141,0.216,0.003,0.558,8.306,37.020
10076,4.390,1.473,17.439,0.134,0.209,0.003,0.501,8.204,32.365
10077,4.776,1.499,17.449,0.133,0.214,0.003,0.542,8.259,32.886
10078,4.727,1.509,19.093,0.135,0.214,0.003,0.513,8.318,34.523
10079,4.692,1.501,17.647,0.132,0.210,0.003,0.515,8.429,33.141
10080,4.772,1.414,17.328,0.137,0.209,0.003,0.533,8.272,32.679
10081,4.653,1.481,17.840,0.139,0.219,0.003,0.542,8.618,33.502
10082,5.070,2.629,18.446,0.133,0.222,0.003,0.540,8.245,35.289
10083,4.566,1.511,19.494,0.137,0.219,0.003,0.504,8.323,34.761
10084,4.242,1.494,17.523,0.134,0.190,0.792,0.520,8.271,32.411
10085,4.605,1.562,17.286,0.139,0.199,0.003,0.491,8.511,32.811
10086,4.553,1.503,17.400,0.136,0.197,0.003,0.508,8.190,32.510
10087,4.384,1.516,17.846,0.138,0.202,0.002,0.529,8.459,33.093
10088,5.018,1.714,17.445,0.140,0.204,0.003,0.594,8.276,33.425
10089,4.295,1.467,17.492,0.146,0.204,0.004,0.515,8.242,32.367
10090,4.400,3.598,17.432,0.135,0.204,0.003,0.518,8.286,34.609
10091,5.368,1.611,21.089,0.135,0.203,0.003,0.541,8.382,37.351
10092,4.173,1.885,17.517,0.141,0.206,0.003,0.523,8.275,32.731
10093,4.729,1.645,17.575,0.135,0.217,0.003,0.567,8.304,33.176
10094,5.418,1.836,17.723,0.137,0.204,0.003,0.510,8.281,34.123
10095,4.307,1.526,18.856,0.140,0.211,0.003,0.508,8.519,34.071
10096,4.524,1.496,17.423,0.133,0.212,0.003,0.544,8.457,32.811
10097,6.003,2.543,18.250,0.154,0.206,0.005,0.528,8.211,35.899
10098,4.963,1.471,17.578,0.135,0.215,0.003,0.512,8.371,33.256
10099,4.595,1.653,18.651,0.139,0.199,0.003,0.521,8.488,35.005
10100,4.497,1.453,17.551,0.152,0.199,0.003,0.532,8.344,32.728
10101,4.626,3.045,17.290,0.138,0.207,0.003,0.521,8.668,34.497
10102,5.085,1.608,18.758,0.130,0.209,0.002,0.563,8.398,34.769
10103,4.943,1.504,18.091,0.140,0.212,0.003,0.500,8.402,33.775
10104,4.168,1.831,17.302,0.145,0.201,0.757,0.517,8.483,32.648
10105,5.461,1.514,17.330,0.134,0.192,0.003,0.533,8.350,33.539
10106,4.933,1.808,17.720,0.135,0.220,0.732,0.516,8.345,33.670
10107,4.859,1.534,17.711,0.137,0.217,0.003,0.515,8.237,33.213
10108,4.275,1.580,17.468,0.139,0.214,0.672,0.506,7.558,31.727
10109,4.788,1.714,17.456,0.136,0.207,0.003,0.521,8.247,33.077
10110,5.330,3.283,17.396,0.135,0.222,2.271,0.528,8.307,35.200
10111,4.249,1.539,19.399,0.134,0.236,0.677,0.503,8.217,34.255
10112,4.192,1.452,17.302,0.133,0.204,0.662,0.540,8.262,32.944
10113,4.744,1.500,18.001,0.132,0.216,0.689,0.521,8.541,33.631
10114,4.933,1.438,17.645,0.147,0.287,1.304,0.524,8.281,33.151
10115,4.330,1.493,18.076,0.131,0.284,0.004,0.514,8.253,32.997
10116,4.438,1.503,17.318,0.133,0.285,0.003,0.528,8.239,32.356
10117,4.613,1.649,17.577,0.124,0.259,0.904,0.535,8.252,32.970
10118,4.425,1.480,17.490,0.129,0.289,0.706,0.522,8.243,32.495
10119,4.299,1.847,17.950,0.134,0.282,0.003,0.516,8.338,33.277
10120,7.249,1.470,17.433,0.131,0.263,0.745,7.819,8.254,43.811
10121,5.393,1.657,17.385,0.130,0.285,0.676,8.599,8.265,42.390
10122,5.043,2.349,17.050,0.129,0.282,0.003,0.486,8.216,34.218
10123,4.393,1.457,17.963,0.133,0.277,0.003,0.511,8.290,33.031
10124,4.184,1.461,17.308,0.129,0.273,0.002,0.536,8.285,32.184
10125,4.740,1.471,17.599,0.131,0.275,0.003,8.970,8.291,42.125
10126,4.287,1.481,18.022,0.131,0.275,0.003,8.341,8.310,41.581
10127,4.581,1.535,19.624,0.133,0.281,0.003,0.525,8.351,35.751
10128,4.352,1.444,17.544,0.132,0.276,0.003,0.492,8.182,33.081
10129,4.645,1.772,18.992,0.133,0.286,0.003,0.531,8.322,34.625
10130,5.106,1.687,18.239,0.130,0.284,0.003,0.524,8.689,34.613
10131,4.429,1.680,18.041,0.130,0.278,0.002,0.497,8.365,33.376
10132,4.907,2.723,17.881,0.129,0.281,0.003,0.537,8.385,35.772
10133,4.757,1.474,17.990,0.128,0.276,0.003,0.524,8.240,34.117
10134,5.116,1.737,17.795,0.125,0.276,0.003,0.507,8.473,34.611
10135,4.686,1.721,19.676,0.131,0.260,0.629,0.517,8.590,35.511
10136,4.464,1.484,17.324,0.131,0.279,0.663,0.521,8.184,32.298
10137,5.108,1.456,17.405,0.129,0.245,0.684,0.498,8.169,34.117
10138,4.661,1.650,18.042,0.131,0.160,0.002,8.427,8.266,41.992
10139,5.082,1.412,18.019,0.132,0.194,0.642,0.512,8.191,34.339
10140,4.062,1.671,18.133,0.134,0.192,0.002,0.527,8.201,32.897
10141,4.543,1.745,18.985,0.133,0.178,0.748,0.509,8.201,34.984
10142,4.979,2.170,18.224,0.134,0.159,0.878,0.504,8.305,34.545
10143,4.585,1.550,19.501,0.150,0.178,0.002,8.485,8.199,43.292
10144,4.126,1.557,17.819,0.134,0.164,0.002,0.502,8.350,32.667
10145,4.797,1.522,17.618,0.134,0.167,0.002,0.528,8.273,33.873
10146,4.706,1.975,17.759,0.128,0.146,0.795,0.513,8.258,33.564
10147,4.376,1.761,19.880,0.133,0.150,0.002,0.513,8.639,35.530
10148,4.503,1.453,17.215,0.132,0.152,0.002,0.518,8.237,32.282
10149,5.998,1.967,17.394,0.132,0.149,0.002,8.407,8.357,43.234
10150,4.359,1.529,17.853,0.134,0.195,0.819,8.139,8.326,41.318
10151,4.145,2.148,18.324,0.133,0.185,0.702,7.797,8.454,41.920
10152,4.594,1.699,17.658,0.133,0.190,0.002,0.521,8.372,33.198
10153,4.718,1.516,18.256,0.136,0.185,0.002,0.495,8.356,33.711
10154,5.008,1.680,17.774,0.137,0.187,0.002,0.488,8.347,33.654
10155,4.319,1.452,17.761,0.134,0.179,0.002,0.528,8.458,32.879
10156,4.147,1.438,17.465,0.134,0.180,0.002,0.513,8.376,32.302
10157,4.607,1.679,17.444,0.138,0.184,0.003,0.526,8.294,32.908
10158,4.458,1.605,17.336,0.138,0.185,0.002,0.509,8.209,32.472
10159,4.587,1.522,17.464,0.138,0.187,0.002,0.522,8.441,32.898
10160,4.189,1.604,17.282,0.146,0.183,0.002,0.513,8.273,32.212
10161,4.623,1.675,17.537,0.133,0.178,0.003,0.501,8.247,32.940
10162,4.426,4.753,17.565,0.134,0.182,0.002,0.504,8.479,36.085
10163,4.302,1.691,18.187,0.136,0.144,0.692,0.525,8.412,33.476
10164,4.158,1.623,17.362,0.131,0.146,0.002,0.519,8.281,32.306
10165,4.637,1.664,17.462,0.133,0.140,0.002,0.514,8.230,33.569
10166,4.503,1.893,17.964,0.131,0.142,0.002,0.510,8.237,33.421
10167,5.410,1.983,21.560,0.135,0.149,0.003,0.603,8.679,38.742
10168,5.157,1.956,24.055,0.142,0.169,0.803,8.860,8.294,49.742
10169,4.352,1.654,22.689,0.138,0.170,0.002,0.542,8.443,38.037
10170,4.755,1.767,18.606,0.132,0.164,0.002,0.522,8.239,34.233
10171,5.082,2.814,19.077,0.133,0.163,0.003,0.530,9.217,37.069
10172,4.353,1.573,18.007,0.136,0.169,0.002,0.527,8.378,33.188
10173,4.618,1.644,17.621,0.132,0.161,0.002,0.530,8.572,33.328
10174,4.971,1.679,17.549,0.143,0.167,0.002,0.525,8.439,33.514
10175,5.017,1.660,17.611,0.128,0.166,0.003,0.523,8.323,33.485
10176,4.336,1.571,17.319,0.135,0.170,0.002,0.511,8.244,32.331
10177,4.503,1.826,17.415,0.130,0.159,0.002,0.513,8.300,32.911
10178,5.149,1.640,20.173,0.129,0.175,0.007,0.516,8.263,36.099
10179,4.534,2.020,18.220,0.129,0.164,0.002,0.540,8.340,33.996
10180,4.949,1.595,17.308,0.134,0.171,0.002,0.528,8.261,32.977
10181,4.808,1.763,17.771,0.132,0.163,0.002,0.509,8.309,33.508
10182,4.659,2.206,17.563,0.130,0.166,0.002,0.511,8.331,33.618
10183,4.752,1.509,17.874,0.129,0.160,0.002,0.528,8.677,33.715
10184,4.306,1.448,17.342,0.133,0.164,0.002,0.519,8.287,32.263
10185,4.578,1.721,18.052,0.130,0.168,0.003,0.518,8.241,33.461
10186,4.297,1.490,17.596,0.128,0.178,0.757,0.509,8.284,33.284
10187,4.745,1.510,19.975,0.131,0.174,0.002,0.523,8.967,36.077
10188,5.034,1.478,18.582,0.197,0.189,0.004,0.511,8.194,34.164
10189,4.889,1.624,17.773,0.130,0.176,0.002,0.510,8.348,33.500
10190,5.020,1.484,17.322,0.128,0.181,0.002,0.515,8.284,32.979
10191,5.084,1.929,17.684,0.135,0.180,0.002,0.496,8.464,34.014
10192,4.807,1.534,23.608,0.140,0.182,0.003,0.533,8.729,39.572
10193,4.696,1.714,17.672,0.140,0.186,0.003,0.541,8.285,33.269
10194,4.552,1.622,17.269,0.136,0.179,0.002,0.517,8.288,32.604
10195,4.319,1.862,18.058,0.137,0.180,0.002,0.527,8.462,33.584
10196,4.309,1.455,17.475,0.136,0.176,0.002,0.500,8.226,32.319
10197,4.754,1.532,17.913,0.138,0.181,0.002,0.528,8.291,33.374
10198,4.987,1.474,17.608,0.141,0.178,0.002,0.506,8.269,33.211
10199,4.719,1.494,18.638,0.150,0.183,0.003,0.498,8.566,34.272
10200,3.993,1.694,17.805,0.133,0.179,0.003,0.521,9.363,33.732
10201,6.849,1.802,27.805,0.134,0.179,0.002,0.554,8.584,45.982
10202,4.419,1.722,17.715,0.130,0.178,0.002,0.521,8.269,33.001
10203,5.059,1.475,28.803,0.129,0.173,0.002,0.519,8.476,44.702
10204,4.194,1.832,17.607,0.133,0.172,0.002,0.543,8.280,32.828
10205,4.611,1.762,17.335,0.130,0.180,0.002,0.514,8.339,32.924
10206,4.648,1.599,17.422,0.136,0.174,0.003,0.541,8.340,32.916
10207,4.375,1.642,21.348,0.132,0.180,0.002,0.534,8.595,36.882
10208,4.183,1.531,17.986,0.130,0.179,0.002,0.512,8.388,32.963
10209,4.609,1.723,17.630,0.132,0.180,0.002,0.561,8.543,33.455
10210,5.041,1.685,17.747,0.128,0.183,0.002,0.528,8.239,33.601
10211,4.585,1.609,18.449,0.130,0.179,0.002,0.511,8.509,34.025
10212,5.593,1.822,17.977,0.133,0.182,0.002,0.533,8.229,34.505
10213,4.584,2.107,17.629,0.128,0.176,0.002,0.495,8.304,33.468
10214,4.345,1.802,18.216,0.129,0.177,0.003,0.512,8.322,33.549
10215,4.999,1.490,17.916,0.132,0.181,0.002,0.516,8.333,33.615
10216,4.236,1.494,17.887,0.135,0.177,0.002,0.516,8.433,32.914
10217,4.866,1.713,17.935,0.127,0.177,0.002,0.506,8.451,33.821
10218,5.185,1.648,18.449,0.130,0.178,0.002,0.505,8.537,34.677
10219,4.824,10.976,17.109,0.128,0.171,0.002,0.502,8.211,41.968
10220,4.547,1.754,17.416,0.129,0.174,0.002,0.499,8.194,32.760
10221,4.193,1.810,17.539,0.130,0.164,0.002,0.539,8.605,33.046
10222,4.577,1.467,17.392,0.130,0.174,0.002,0.486,8.227,32.507
10223,4.677,1.444,17.401,0.129,0.176,0.002,0.506,8.132,32.520
10224,4.317,1.452,17.302,0.128,0.173,0.002,0.516,8.239,32.943
10225,4.423,1.544,17.974,0.138,0.179,0.002,0.500,8.183,32.965
10226,4.283,1.700,17.400,0.133,0.182,0.002,0.524,8.305,32.547
10227,4.784,1.545,17.934,0.127,0.174,0.002,0.521,8.283,33.410
10228,4.761,1.465,18.223,0.133,0.181,0.002,0.527,8.284,33.608
10229,4.758,1.674,18.277,0.130,0.175,0.002,0.541,8.202,33.806
10230,4.227,1.392,17.251,0.132,0.179,0.003,0.515,8.440,32.167
10231,4.714,4.840,17.448,0.127,0.177,0.003,0.512,8.268,36.124
10232,4.659,2.258,18.324,0.129,0.170,0.002,0.516,8.693,34.803
10233,5.148,1.775,18.204,0.127,0.170,0.002,0.512,8.319,34.314
10234,4.247,1.399,17.159,0.128,0.173,0.002,0.508,8.318,31.975
10235,4.730,1.443,17.780,0.131,0.173,0.002,0.537,8.246,33.091
10236,5.057,1.476,17.444,0.131,0.178,0.002,0.534,8.265,33.126
10237,4.485,1.888,18.836,0.127,0.174,0.002,0.652,8.436,34.663
10238,4.398,1.857,17.152,0.135,0.175,0.002,0.499,8.410,32.671
10239,4.637,1.467,17.400,0.128,0.171,0.002,0.524,8.308,32.678
10240,5.022,1.553,17.384,0.134,0.185,0.009,0.522,8.250,33.092
10241,4.403,1.765,18.330,0.137,0.174,0.003,0.521,8.341,33.708
10242,4.341,1.957,17.986,0.131,0.175,0.002,0.506,8.257,33.388
10243,4.720,1.549,17.313,0.130,0.175,0.002,0.543,8.225,32.706
10244,4.620,2.857,18.275,0.139,0.177,0.004,0.547,8.332,35.735
10245,4.312,1.860,18.518,0.134,0.173,0.002,0.499,8.196,33.716
10246,4.237,2.089,17.524,0.132,0.174,0.002,9.530,8.248,42.716
10247,4.686,1.550,17.478,0.132,0.174,0.003,0.523,8.649,33.244
10248,6.273,1.794,18.983,0.139,0.176,0.003,8.293,8.298,44.666
10249,5.034,1.576,21.287,0.132,0.175,0.002,0.524,8.333,37.102
10250,4.341,1.834,17.284,0.130,0.173,0.002,7.703,8.573,42.365
10251,4.609,1.556,17.349,0.133,0.176,0.002,0.530,8.268,33.360
10252,5.022,1.837,17.991,0.137,0.171,0.002,0.518,8.301,34.668
10253,4.631,2.339,17.995,0.133,0.173,0.003,8.072,8.230,42.305
10254,4.305,1.803,17.505,0.205,0.179,0.003,7.700,8.238,41.290
10255,4.712,1.863,17.541,0.136,0.177,0.002,0.506,8.296,33.338
10256,4.484,1.874,20.745,0.133,0.179,0.002,0.525,8.271,36.320
10257,4.201,1.518,17.744,0.130,0.176,0.002,7.276,8.408,40.434
10258,5.000,1.832,17.668,0.131,0.182,0.003,7.760,8.256,41.640
10259,4.661,1.913,17.403,0.132,0.182,0.003,0.534,8.285,33.215
10260,4.229,1.624,18.357,0.131,0.181,0.003,8.105,8.253,41.708
10261,5.221,1.501,18.809,0.128,0.180,0.003,7.770,8.189,42.582
10262,4.325,1.578,17.411,0.127,0.175,0.003,0.509,8.657,32.894
10263,4.748,1.825,17.644,0.133,0.179,0.003,0.517,8.207,33.354
10264,5.132,2.826,21.003,0.132,0.181,0.002,0.511,8.362,38.240
10265,4.199,1.792,18.086,0.126,0.175,0.002,0.523,8.225,33.233
10266,4.206,1.472,17.309,0.128,0.177,0.002,0.500,8.280,32.176
10267,5.028,1.458,17.587,0.151,0.199,0.002,0.505,8.245,33.242
10268,4.532,1.659,21.650,0.133,0.180,0.002,0.517,8.252,37.021
10269,4.362,1.518,18.589,0.124,0.174,0.003,0.532,8.242,33.665
10270,4.514,1.597,17.610,0.125,0.178,0.002,0.533,8.261,32.932
10271,4.644,1.538,17.539,0.131,0.179,0.002,0.515,8.257,32.904
10272,4.629,1.715,18.098,0.126,0.179,0.002,0.502,8.256,33.615
10273,4.696,2.212,18.854,0.128,0.183,0.003,0.503,8.459,35.130
10274,4.195,1.428,17.200,0.133,0.180,0.003,0.489,8.207,31.924
10275,4.919,1.636,20.760,0.134,0.182,0.003,8.680,8.224,45.240
10276,4.585,1.495,21.014,0.131,0.182,0.002,8.271,8.214,44.653
10277,4.240,1.493,18.216,0.154,0.195,0.004,0.491,8.248,33.748
10278,4.382,1.439,17.333,0.132,0.175,0.002,0.516,8.385,32.350
10279,4.638,1.704,17.672,0.129,0.176,0.002,8.421,8.288,41.693
10280,4.811,1.486,22.514,0.130,0.177,0.002,0.496,8.342,37.979
10281,4.431,1.745,19.098,0.132,0.177,0.002,7.692,8.256,42.281
10282,4.290,1.447,17.469,0.130,0.180,0.003,0.497,8.206,33.083
10283,4.668,1.442,18.165,0.136,0.185,0.002,0.535,8.341,33.483
10284,4.725,2.075,19.826,0.138,0.180,0.003,0.516,8.312,35.754
10285,4.682,1.509,18.298,0.130,0.182,0.002,0.533,8.343,33.671
10286,4.166,1.499,17.189,0.132,0.177,0.002,0.520,8.535,32.978
10287,5.082,1.693,17.923,0.129,0.172,0.002,0.506,8.275,33.765
10288,5.811,1.688,18.510,0.133,0.162,0.756,0.529,8.533,35.359
10289,4.498,1.519,21.111,0.136,0.163,0.002,0.515,8.246,36.172
10290,4.188,1.443,17.251,0.132,0.163,0.002,7.874,8.276,40.182
10291,4.613,1.682,17.565,0.276,0.177,0.002,8.068,8.210,41.159
10292,5.270,1.463,19.865,0.133,0.165,0.003,0.526,8.166,35.615
10293,4.584,1.798,18.475,0.132,0.161,0.002,0.507,8.234,33.923
10294,4.181,4.381,17.640,0.130,0.164,0.002,0.525,8.256,35.310
10295,4.591,1.721,17.980,0.131,0.165,0.002,0.510,8.236,33.354
10296,4.671,1.581,19.492,0.131,0.167,0.002,0.523,8.451,35.035
10297,4.845,1.522,18.210,0.132,0.164,0.003,0.510,8.313,33.724
10298,4.214,1.477,17.188,0.130,0.158,0.002,0.512,8.232,31.948
10299,4.636,1.522,17.446,0.133,0.165,0.002,0.512,8.235,32.679
10300,4.975,1.480,17.641,0.135,0.159,0.002,0.584,8.303,33.316
10301,4.976,1.530,17.911,0.132,0.155,0.003,0.518,8.381,33.629
10302,4.136,1.376,17.587,0.129,0.159,0.002,0.513,8.216,32.148
10303,4.710,1.436,17.799,0.132,0.165,0.002,0.523,8.244,33.686
10304,5.278,2.462,19.258,0.132,0.165,0.002,0.512,8.295,36.086
10305,4.311,1.518,20.434,0.133,0.169,0.002,0.530,8.112,35.182
10306,4.401,1.398,17.244,0.132,0.165,0.002,0.528,8.179,32.027
10307,4.273,1.448,17.304,0.132,0.169,0.002,0.533,8.462,32.307
10308,5.487,1.529,17.865,0.133,0.162,0.002,8.322,8.199,42.516
10309,4.448,1.503,19.299,0.135,0.167,0.002,0.507,8.291,34.358
10310,4.289,1.722,18.530,0.134,0.170,0.002,0.506,8.274,33.622
10311,4.585,1.451,17.492,0.132,0.171,0.790,0.525,8.352,32.704
10312,4.567,1.471,21.105,0.133,0.174,0.003,0.517,8.306,36.274
10313,4.318,1.515,17.559,0.142,0.183,0.002,0.498,8.268,32.452
10314,4.133,1.401,17.237,0.127,0.165,0.002,0.497,8.199,31.779
10315,4.610,1.457,17.276,0.133,0.176,0.002,0.513,8.246,32.398
10316,4.287,2.166,20.257,0.139,0.175,0.002,0.535,8.294,35.848
10317,4.850,1.483,18.588,0.132,0.177,0.002,0.507,8.227,33.948
10318,4.189,1.394,17.253,0.144,0.175,0.002,0.503,8.316,31.967
10319,4.665,1.440,17.486,0.139,0.180,0.002,0.505,8.299,32.692
10320,4.196,1.466,17.498,0.325,0.177,0.003,0.493,8.237,32.197
10321,4.432,1.574,18.038,0.139,0.176,0.004,0.510,8.263,33.114
10322,4.455,1.656,17.181,0.138,0.174,0.003,0.523,8.251,32.366
10323,4.901,1.588,17.359,0.154,0.188,0.003,0.515,8.237,32.891
10324,4.545,2.357,19.878,0.142,0.178,0.003,0.532,8.253,35.865
10325,4.756,1.773,21.774,0.139,0.184,0.003,0.519,8.212,37.336
10326,4.158,1.475,17.230,0.137,0.178,0.002,0.501,8.247,32.675
10327,4.440,1.490,17.736,0.142,0.181,0.003,0.512,8.212,32.698
10328,5.923,1.549,23.357,0.140,0.198,0.771,0.665,8.391,40.279
10329,4.555,1.807,17.907,0.146,0.166,0.657,0.527,8.185,33.290
10330,4.167,1.650,17.139,0.151,0.168,0.003,0.501,8.264,32.032
10331,4.761,1.845,20.889,0.134,0.158,0.003,0.534,8.308,36.655
10332,4.861,2.322,24.329,0.138,0.201,0.741,0.577,9.550,41.966
10333,50.667,3.106,29.142,0.129,0.192,0.002,0.577,8.759,92.582
10334,4.751,1.824,17.526,0.126,0.197,0.002,0.550,8.273,33.243
10335,4.361,1.687,17.470,0.135,0.197,0.002,0.518,8.309,32.665
10336,4.670,1.737,22.364,0.133,0.194,0.002,0.539,8.246,37.871
10337,4.561,1.789,18.418,0.130,0.193,0.002,0.547,8.766,34.404
10338,4.422,1.555,24.725,0.130,0.196,0.003,0.556,10.563,42.141
10339,5.552,5.482,18.838,0.130,0.197,0.002,0.608,8.323,39.141
10340,4.647,2.178,17.484,0.135,0.164,0.913,0.541,8.310,33.476
10341,4.265,1.899,20.483,0.156,0.169,0.003,0.503,8.383,35.849
10342,4.423,1.804,17.236,0.135,0.208,1.305,0.504,8.263,32.540
10343,4.609,1.759,17.522,0.131,0.205,0.002,0.522,8.264,32.982
10344,4.566,2.441,17.777,0.159,0.249,0.789,0.514,8.243,33.848
10345,4.528,1.884,18.429,0.144,0.219,0.743,0.507,8.173,33.834
10346,4.325,1.772,18.378,0.143,0.244,1.761,0.515,8.208,33.511
10347,4.677,1.700,17.500,0.144,0.243,0.004,0.519,8.272,32.984
10348,4.509,1.850,17.479,0.150,0.250,0.003,0.503,8.244,32.897
10349,4.319,1.743,17.937,0.205,0.241,0.003,0.516,8.252,33.082
10350,4.552,1.625,17.325,0.137,0.233,0.004,0.504,8.275,32.596
10351,4.620,1.819,17.367,0.143,0.245,0.003,0.505,8.226,32.848
10352,4.589,1.721,20.492,0.142,0.245,0.003,0.532,8.236,35.888
10353,5.166,1.857,19.207,0.270,0.220,0.833,0.500,8.127,35.163
10354,4.148,1.469,17.308,0.155,0.210,0.003,0.515,8.270,32.018
10355,4.611,2.012,17.612,0.143,0.246,0.004,0.516,8.288,33.355
10356,4.965,1.507,21.522,0.135,0.213,0.003,0.511,8.296,37.117
10357,4.664,1.516,21.846,0.147,0.218,0.004,0.485,8.202,37.020
10358,4.213,1.512,17.411,0.136,0.207,0.003,0.520,8.211,32.179
10359,4.592,1.477,17.789,0.141,0.213,0.003,0.526,8.260,32.947
10360,4.566,1.764,23.232,0.130,0.214,0.003,0.515,8.705,39.089
10361,4.314,1.514,18.640,0.154,0.250,1.001,0.504,8.179,33.447
10362,4.256,1.436,17.263,0.198,0.245,0.005,0.529,8.202,31.992
10363,4.938,1.436,18.380,0.151,0.252,0.003,0.511,8.346,33.918
10364,4.793,2.797,17.674,0.137,0.253,0.003,0.512,8.325,34.405
10365,4.342,1.522,19.957,0.137,0.257,0.003,0.518,8.183,34.842
10366,4.525,1.405,17.148,0.134,0.233,0.003,0.494,8.220,32.111
10367,4.402,1.434,17.395,0.134,0.246,0.003,0.497,8.241,32.273
10368,4.568,1.506,18.466,0.145,0.252,0.003,0.536,8.511,33.905
10369,4.894,1.547,17.530,0.167,0.233,0.776,0.508,8.230,33.017
10370,5.541,1.694,18.094,0.142,0.235,0.004,0.532,8.305,34.481
10371,4.693,1.507,17.806,0.144,0.231,0.003,0.513,8.186,33.012
10372,4.897,1.921,20.228,0.148,0.244,0.802,0.517,8.276,36.142
10373,4.673,1.512,17.724,0.132,0.234,0.003,0.505,8.185,32.900
10374,4.276,1.375,17.585,0.141,0.239,0.003,0.523,8.222,32.286
10375,5.626,2.958,17.558,0.135,0.255,0.003,0.507,8.314,35.271
10376,4.581,3.301,17.651,0.135,0.244,0.003,0.516,8.306,34.666
10377,4.415,1.654,19.183,0.134,0.252,0.003,0.527,8.310,34.393
10378,4.197,1.888,17.188,0.143,0.247,0.003,0.522,8.291,32.398
10379,4.621,1.683,17.423,0.136,0.227,0.724,0.507,8.261,32.798
10380,4.587,2.147,17.673,0.132,0.224,0.003,0.542,8.268,33.547
10381,5.973,1.632,19.015,0.142,0.221,0.004,0.520,8.274,35.730
10382,4.284,1.701,17.303,0.140,0.246,0.904,0.524,8.202,32.323
10383,4.834,1.903,17.628,0.134,0.209,1.575,0.518,8.240,33.431
10384,4.644,4.487,18.204,0.142,0.200,0.733,0.531,8.296,36.484
10385,5.103,1.537,19.294,0.142,0.203,0.004,0.515,8.229,34.989
10386,4.425,1.506,17.297,0.145,0.209,0.003,0.520,8.271,32.328
10387,4.845,1.514,17.480,0.141,0.203,0.003,0.515,8.285,32.949
10388,5.019,2.330,20.058,0.143,0.200,0.002,0.522,8.772,37.020
10389,5.166,1.503,17.406,0.143,0.194,0.003,0.515,8.353,33.253
10390,4.254,1.490,17.281,0.163,0.232,1.768,0.503,8.265,32.099
10391,4.429,1.552,18.510,0.146,0.229,0.003,0.519,8.298,33.620
10392,4.732,7.292,20.027,0.143,0.211,1.375,0.525,8.242,41.131
10393,5.422,1.635,24.788,0.141,0.210,0.003,0.527,8.333,41.015
10394,4.632,2.009,19.563,0.140,0.202,0.003,0.529,8.556,35.676
10395,5.829,2.135,21.207,0.145,0.204,0.003,0.532,8.630,38.649
10396,4.997,2.803,20.359,0.143,0.208,0.003,0.527,8.329,37.330
10397,4.536,1.645,17.581,0.146,0.202,0.003,0.488,8.186,32.747
10398,4.421,1.495,17.457,0.140,0.205,0.003,0.536,8.322,32.547
10399,4.779,1.707,17.443,0.140,0.207,0.003,0.516,8.238,33.000
10400,5.048,1.515,17.797,0.138,0.205,0.003,0.542,8.444,33.661
10401,5.269,1.719,18.216,0.137,0.201,0.003,0.531,8.241,34.288
10402,4.498,1.410,17.559,0.138,0.207,0.004,0.509,8.226,32.509
10403,5.180,1.462,18.643,0.139,0.205,0.003,0.527,8.256,34.385
10404,4.839,1.685,19.811,0.139,0.203,0.004,0.516,8.388,35.556
10405,4.655,2.067,26.346,0.139,0.208,0.003,0.533,8.316,42.221
10406,4.354,1.725,17.347,0.140,0.210,0.003,0.528,8.244,32.506
10407,4.576,1.425,17.639,0.142,0.206,0.003,0.550,8.250,32.793
10408,4.707,2.859,19.125,0.139,0.206,0.003,0.509,8.196,35.712
10409,4.312,3.241,21.719,0.142,0.201,0.003,0.519,8.350,38.442
10410,4.852,1.458,17.243,0.138,0.209,0.004,0.502,8.273,32.634
10411,4.841,1.926,17.493,0.133,0.205,0.003,0.510,8.317,33.401
10412,5.402,5.282,18.916,0.140,0.211,0.003,0.499,8.258,38.665
10413,4.351,1.930,17.974,0.134,0.205,0.004,0.521,8.172,33.263
10414,4.229,3.363,17.185,0.136,0.207,0.003,0.537,8.222,33.853
10415,4.578,1.959,18.351,0.140,0.206,0.004,0.523,8.312,34.042
10416,5.597,2.271,17.805,0.145,0.200,0.003,0.546,8.232,34.768
10417,4.708,2.085,18.745,0.140,0.205,0.003,0.681,8.656,35.231
10418,4.242,1.924,17.200,0.139,0.204,0.002,0.513,8.518,32.708
10419,5.424,2.101,17.401,0.146,0.212,0.003,0.550,8.265,34.050
10420,4.674,3.102,18.225,0.145,0.214,0.003,0.514,8.358,35.183
10421,6.829,2.404,20.460,0.144,0.207,0.003,0.536,8.214,38.756
10422,4.272,2.247,17.418,0.135,0.216,0.003,0.513,8.224,32.988
10423,4.696,1.744,18.392,0.140,0.213,0.003,0.568,8.427,34.152
10424,5.066,2.260,22.994,0.141,0.206,0.003,0.552,8.265,39.460
10425,4.411,1.959,21.706,0.139,0.207,0.003,0.520,8.166,37.077
10426,4.203,2.129,17.295,0.134,0.208,0.003,0.527,8.214,32.682
10427,4.377,1.951,17.809,0.138,0.211,0.003,0.514,8.232,33.189
10428,4.669,2.183,19.019,0.144,0.212,0.004,0.527,8.353,35.803
10429,4.455,2.249,18.604,0.137,0.203,0.003,0.516,8.323,34.449
10430,4.632,3.864,17.974,0.138,0.200,0.003,0.528,8.223,35.518
10431,4.687,1.495,19.201,0.135,0.215,0.722,0.532,8.307,34.677
10432,4.334,2.206,22.334,0.139,0.218,0.003,0.526,8.383,38.085
10433,4.466,1.990,17.542,0.180,0.222,0.003,0.519,8.187,33.000
10434,4.282,1.589,17.377,0.138,0.218,0.003,0.517,8.306,32.368
10435,4.656,1.668,17.194,0.136,0.219,0.004,0.526,8.243,32.587
10436,4.548,1.540,21.268,0.131,0.217,0.003,0.519,8.306,36.482
10437,4.274,1.719,18.916,0.130,0.219,0.003,0.518,8.129,33.855
10438,4.250,1.514,17.321,0.133,0.218,0.003,0.503,8.191,32.071
10439,4.748,1.466,17.228,0.138,0.217,0.003,0.515,8.197,32.455
10440,4.406,4.937,17.769,0.134,0.219,0.003,0.510,8.264,36.183
10441,4.418,1.902,18.619,0.134,0.224,0.003,0.527,8.223,33.980
10442,4.136,1.797,17.197,0.141,0.228,0.004,0.520,8.207,32.147
10443,4.837,1.422,17.534,0.138,0.216,0.003,0.514,8.325,32.932
10444,7.001,1.709,17.511,0.131,0.213,0.003,0.515,8.234,35.271
10445,5.004,1.872,18.096,0.140,0.216,0.003,0.511,8.246,34.036
10446,4.187,1.567,17.724,0.133,0.219,0.003,0.521,8.232,32.531
10447,4.779,1.464,17.502,0.138,0.224,0.003,0.507,8.272,32.828
10448,4.560,1.644,21.082,0.130,0.220,0.003,0.503,8.283,36.371
10449,4.491,1.686,17.614,0.133,0.221,0.003,0.531,8.183,32.812
10450,4.207,1.527,17.189,0.142,0.222,0.003,0.527,8.214,31.971
10451,4.574,1.439,17.557,0.145,0.227,0.003,0.509,8.366,33.540
10452,5.324,3.593,19.155,0.387,0.254,0.006,0.516,8.318,37.216
10453,4.510,1.648,18.000,0.156,0.230,0.005,0.545,8.535,33.565
10454,4.281,1.478,17.353,0.143,0.221,0.003,0.494,8.192,32.095
10455,4.807,1.448,17.367,0.143,0.221,0.003,0.517,8.169,32.620
10456,4.931,1.482,20.568,0.140,0.223,0.003,0.516,8.204,36.018
10457,4.358,1.514,17.839,0.136,0.222,0.003,0.512,8.227,32.763
10458,4.665,1.448,19.621,0.155,0.220,0.005,0.535,8.231,34.822
10459,4.661,1.562,20.736,0.140,0.219,0.003,0.536,8.341,36.159
10460,4.900,1.652,21.311,0.141,0.225,0.004,0.648,8.769,37.786
10461,4.751,1.904,26.401,0.137,0.220,0.003,0.551,8.304,42.231
10462,4.776,1.981,19.724,0.136,0.220,0.003,0.576,13.094,40.468
10463,6.274,2.334,22.528,0.133,0.220,0.003,0.617,10.560,42.660
10464,6.721,10.818,26.418,0.138,0.220,0.003,0.554,8.426,53.261
10465,4.717,2.456,19.501,0.131,0.225,0.003,0.539,8.887,36.427
10466,4.984,2.455,22.269,0.136,0.227,0.003,0.537,8.468,39.031
10467,7.934,2.661,18.698,0.139,0.232,0.004,0.539,8.378,38.535
10468,4.577,3.073,18.702,0.134,0.215,0.003,9.869,8.527,45.859
10469,4.513,5.473,19.280,0.135,0.223,0.003,0.543,8.458,39.239
10470,5.125,3.330,20.894,0.144,0.224,0.003,0.570,8.503,38.744
10471,4.406,1.919,19.938,0.136,0.223,0.003,0.522,8.280,35.359
10472,4.382,1.537,17.629,0.139,0.225,0.003,8.872,8.376,41.878
10473,4.801,4.136,18.818,0.131,0.220,0.003,0.509,8.272,36.860
10474,4.772,8.625,17.130,0.283,0.235,0.014,0.505,8.305,39.664
10475,4.584,1.673,19.353,0.138,0.221,0.003,0.509,8.251,34.706
10476,4.573,1.892,17.645,0.143,0.218,0.004,0.525,8.316,33.282
10477,4.687,4.144,20.089,0.136,0.219,0.003,0.532,8.854,38.632
10478,6.675,2.144,17.535,0.158,0.239,0.006,0.518,8.314,35.517
10479,5.205,2.709,23.420,0.145,0.229,0.003,0.529,8.336,40.530
10480,5.027,1.958,21.746,0.137,0.221,0.003,0.551,8.336,38.832
10481,5.084,3.143,20.865,0.146,0.223,0.003,0.700,8.328,38.450
10482,5.555,2.138,30.722,0.140,0.217,0.003,0.578,10.144,50.786
10483,5.742,2.038,26.690,0.143,0.221,0.003,0.527,8.619,43.956
10484,4.989,2.087,22.429,0.151,0.211,0.003,0.691,8.875,40.271
10485,6.188,3.326,20.984,0.139,0.208,0.003,0.540,7.737,39.881
10486,5.066,2.628,19.795,0.150,0.214,0.004,0.553,8.607,38.797
10487,5.934,2.347,23.984,0.138,0.211,0.003,0.562,10.818,44.037
10488,7.738,3.378,23.333,0.135,0.209,0.003,0.565,8.909,44.328
10489,5.160,6.576,18.757,0.135,0.195,1.674,0.580,8.540,40.064
10490,4.631,2.229,18.432,0.141,0.198,0.003,0.588,8.351,34.607
10491,4.823,2.204,19.809,0.143,0.213,0.004,0.519,8.223,35.969
10492,5.085,1.975,19.316,0.155,0.210,0.005,0.513,8.345,35.624
10493,5.012,2.246,37.854,0.137,0.203,0.003,1.081,16.611,64.131
10494,11.159,3.826,45.269,0.136,0.212,0.003,0.569,9.896,71.089
10495,14.432,4.811,28.649,0.136,0.206,0.003,0.581,8.651,57.518
10496,7.572,4.143,21.703,0.132,0.194,0.003,0.529,8.814,43.114
10497,5.733,2.721,23.529,0.139,0.195,0.003,0.538,8.725,41.616
10498,4.693,3.112,19.734,0.134,0.208,0.003,0.539,8.347,36.773
10499,4.731,2.152,22.093,0.284,0.222,0.003,0.510,8.115,37.960
10500,4.083,5.701,18.762,0.133,0.203,0.003,0.502,8.496,37.891
10501,6.958,2.787,27.078,0.142,0.205,0.003,0.890,11.462,50.583
10502,46.603,5.977,88.860,0.148,0.206,0.003,0.766,9.572,152.227
10503,4.769,3.885,29.660,0.146,0.211,0.003,0.539,9.287,48.549
10504,4.339,3.055,19.408,0.152,0.213,0.003,0.534,8.350,36.082
10505,4.855,2.500,20.218,0.141,0.219,0.836,0.528,8.637,37.137
10506,4.729,3.580,17.875,0.146,0.214,0.003,0.542,8.464,35.562
10507,5.850,2.514,20.359,0.137,0.213,0.003,0.536,8.476,38.119
10508,4.805,4.871,22.506,0.139,0.203,0.831,0.530,8.416,41.530
10509,4.678,2.478,28.120,0.165,0.396,0.004,10.743,8.547,55.745
10510,5.258,2.761,21.010,0.161,0.203,0.004,0.523,8.502,38.435
10511,6.188,4.210,39.793,0.142,0.207,0.003,0.570,8.805,59.945
10512,4.316,2.259,18.932,0.144,0.210,0.003,8.846,8.289,43.838
10513,5.181,3.980,24.178,0.140,0.201,0.003,0.520,8.237,42.467
10514,4.507,2.635,19.866,0.139,0.201,0.004,0.598,8.536,36.525
10515,4.819,6.840,21.947,0.146,0.217,0.003,0.518,8.343,42.861
10516,4.877,2.437,17.814,0.139,0.205,0.003,0.516,8.253,34.279
10517,4.710,2.343,18.055,0.143,0.205,0.003,0.552,8.327,34.377
10518,4.739,3.763,22.649,0.154,0.203,0.003,0.525,8.384,40.455
10519,4.484,2.419,20.304,0.138,0.208,0.003,9.420,8.512,46.226
10520,5.477,2.387,18.260,0.144,0.227,0.003,0.533,8.254,35.270
10521,4.801,2.335,17.425,0.153,0.225,0.982,0.529,8.249,33.706
10522,4.659,2.344,17.372,0.141,0.227,0.003,8.709,8.433,42.808
10523,4.412,2.085,17.994,0.150,0.199,0.743,0.508,8.259,35.178
10524,4.332,2.574,17.499,0.138,0.190,0.003,0.540,8.250,34.270
10525,4.463,2.691,19.852,0.138,0.191,0.003,0.524,8.362,36.243
10526,5.431,2.427,18.685,0.138,0.224,0.714,0.538,8.451,35.891
10527,5.428,2.116,17.519,0.150,0.208,0.660,0.529,8.369,34.309
10528,4.203,2.297,17.711,0.147,0.229,0.935,0.514,8.308,33.380
10529,4.818,3.236,18.130,0.161,0.294,0.636,0.531,8.517,35.572
10530,5.113,2.480,18.632,0.139,0.294,0.739,8.867,8.488,45.745
10531,4.595,2.807,18.351,0.138,0.288,0.003,0.543,8.267,34.943
10532,4.304,2.212,17.698,0.165,0.492,0.004,7.909,8.262,42.116
10533,4.466,2.269,17.659,0.135,0.292,0.004,0.525,8.364,33.639
10534,4.881,2.288,17.747,0.145,0.310,0.004,0.531,8.277,34.071
10535,4.529,2.635,20.572,0.154,0.305,0.005,0.495,8.168,36.752
10536,4.249,2.265,17.347,0.149,0.272,1.119,0.526,8.252,32.994
10537,4.603,2.323,17.342,0.150,0.269,0.004,0.552,8.260,33.432
10538,4.442,3.223,17.396,0.152,0.278,0.003,0.512,8.218,34.141
10539,4.350,3.714,19.414,0.345,0.281,0.003,0.519,8.188,36.537
10540,4.411,2.378,17.608,0.152,0.263,1.078,0.510,8.203,33.457
10541,4.603,2.512,17.250,0.158,0.247,0.914,0.508,8.263,33.478
10542,7.191,2.316,17.291,0.144,0.244,0.003,0.523,8.312,35.983
10543,4.734,2.176,17.474,0.136,0.180,1.340,0.512,8.901,34.146
10544,4.194,2.264,17.481,0.150,0.190,0.003,0.498,8.247,33.030
10545,4.690,2.335,17.341,0.134,0.151,0.761,0.515,8.352,33.585
10546,4.491,2.576,17.651,0.155,0.178,1.394,0.511,8.541,34.122
10547,4.811,4.192,21.493,0.140,0.172,0.003,0.525,9.677,41.050
10548,5.271,2.279,17.746,0.141,0.235,1.275,0.521,8.285,34.450
10549,4.987,2.472,17.638,0.164,0.249,0.775,0.494,8.272,34.211
10550,5.040,3.814,17.628,0.152,0.234,0.003,0.536,8.340,35.709
10551,4.440,2.176,17.781,0.139,0.686,0.004,0.504,9.282,34.525
10552,4.556,2.549,17.599,0.144,0.237,0.004,0.505,8.889,34.455
10553,4.592,2.544,17.456,0.152,0.238,0.005,0.507,8.226,33.669
10554,4.418,2.271,18.527,0.160,0.248,0.003,0.512,8.427,34.502
10555,5.256,2.359,20.351,0.168,0.251,0.005,0.532,8.441,37.290
10556,4.656,2.456,17.799,0.140,0.251,0.004,0.525,8.264,34.048
10557,4.760,2.328,17.361,0.344,0.261,1.557,0.530,8.254,33.582
10558,7.041,3.220,17.657,0.328,0.250,1.076,0.517,8.268,37.049
10559,6.236,2.262,25.227,0.139,0.198,0.678,0.536,8.652,43.274
10560,4.644,1.904,18.878,0.137,0.200,0.003,0.561,8.262,34.612
10561,7.476,2.017,19.139,0.153,0.243,1.486,0.530,8.384,37.901
10562,4.382,1.767,17.532,0.154,0.218,0.701,0.505,8.255,32.795
10563,5.464,2.206,19.618,0.140,0.225,0.003,0.519,8.461,36.624
10564,4.151,2.034,19.058,0.142,0.222,0.003,0.521,8.209,34.323
10565,5.047,1.942,17.466,0.142,0.207,0.647,0.503,8.322,33.629
10566,4.771,1.947,17.375,0.156,0.212,0.003,0.497,8.201,33.137
10567,5.029,1.599,17.578,0.143,0.204,0.003,0.499,8.723,33.781
10568,5.219,1.677,18.427,0.151,0.245,0.726,0.558,8.353,34.595
10569,4.681,2.285,18.824,0.139,0.238,0.004,0.539,8.258,34.931
10570,5.124,3.235,20.913,0.142,0.243,0.003,0.532,8.282,38.428
10571,4.711,1.589,23.654,0.140,0.231,0.003,0.511,8.196,39.734
10572,4.847,1.481,17.392,0.151,0.246,0.004,0.522,8.247,32.849
10573,4.641,1.467,19.741,0.142,0.237,0.002,0.532,8.226,35.012
10574,4.342,1.543,18.029,0.143,0.238,1.202,0.538,8.220,33.032
10575,4.604,1.465,19.511,0.137,0.228,0.003,0.533,8.315,34.789
10576,4.492,1.635,17.275,0.138,0.228,0.003,0.520,8.245,32.519
10577,4.666,1.539,17.686,0.141,0.229,0.003,0.513,8.294,33.052
10578,4.822,1.504,17.366,0.143,0.240,0.004,0.522,8.252,32.821
10579,4.724,1.521,19.445,0.148,0.231,0.004,0.515,8.255,34.819
10580,4.551,1.660,17.228,0.139,0.226,0.002,0.522,8.181,32.500
10581,5.039,2.428,18.375,0.141,0.238,0.003,0.540,8.374,35.118
10582,4.334,1.523,17.648,0.137,0.230,0.003,0.524,8.274,32.677
10583,4.779,1.810,17.899,0.141,0.235,0.003,0.520,8.994,34.360
10584,4.301,1.460,17.431,0.137,0.189,1.251,0.512,8.214,32.266
10585,4.530,1.534,19.204,0.135,0.190,0.003,0.541,8.265,34.433
10586,5.052,1.552,18.614,0.140,0.185,0.002,0.510,8.213,34.297
10587,4.757,1.910,18.209,0.135,0.192,0.003,0.527,8.502,34.271
10588,4.288,1.474,17.756,0.139,0.201,0.003,0.488,8.228,32.588
10589,4.604,1.475,17.708,0.148,0.203,0.003,0.508,8.244,32.895
10590,4.606,2.732,17.189,0.140,0.208,0.841,0.526,8.234,33.657
10591,4.970,1.674,29.827,0.140,0.217,0.004,0.546,9.563,46.958
10592,6.228,1.684,25.053,0.159,0.212,0.003,0.853,10.267,44.737
10593,68.805,2.757,72.916,0.133,0.196,0.003,0.613,8.419,153.901
10594,4.364,1.912,21.595,0.146,0.211,0.003,0.547,9.532,38.318
10595,5.240,2.243,23.044,0.147,0.203,0.003,0.573,10.113,41.582
10596,6.342,2.156,18.205,0.163,0.217,0.003,0.545,8.383,35.998
10597,4.675,2.314,19.869,0.143,0.213,0.004,0.530,8.487,36.237
10598,4.702,3.012,18.923,0.145,0.213,0.003,0.577,8.375,35.970
10599,5.473,2.189,17.905,0.135,0.208,0.003,0.543,8.442,34.915
10600,4.178,2.040,17.528,0.155,0.213,0.003,0.557,8.241,32.915
10601,4.649,1.897,17.495,0.137,0.204,0.003,0.487,8.257,33.147
10602,5.435,1.948,17.390,0.135,0.199,0.003,0.530,8.227,33.891
10603,4.855,1.694,19.652,0.136,0.196,0.002,0.525,8.446,35.529
10604,4.789,1.828,17.957,0.135,0.196,0.003,0.539,8.309,33.784
10605,4.319,1.863,17.570,0.138,0.204,0.003,0.519,8.360,32.989
10606,4.418,1.667,18.649,0.136,0.211,0.003,0.530,8.336,33.966
10607,4.715,1.965,20.899,0.134,0.227,0.777,0.534,8.653,37.141
10608,6.743,1.616,17.558,0.134,0.222,0.004,0.529,8.317,35.115
10609,4.841,1.532,18.686,0.324,0.232,0.004,0.521,8.215,34.157
10610,5.225,2.286,18.188,0.136,0.221,0.003,0.513,8.262,34.847
10611,4.199,1.658,18.074,0.140,0.227,0.003,0.553,8.357,33.204
10612,4.481,1.495,17.798,0.138,0.226,0.003,0.528,8.462,33.132
10613,4.645,1.499,17.367,0.140,0.215,0.003,0.516,8.207,32.589
10614,4.987,1.759,47.439,0.134,0.215,0.003,0.638,10.217,65.572
10615,5.728,2.514,27.419,0.144,0.213,0.003,0.527,8.719,45.271
10616,7.053,2.281,19.240,0.136,0.220,0.003,0.561,8.925,38.427
10617,5.309,1.754,17.952,0.147,0.218,0.003,0.542,8.326,34.243
10618,5.104,5.802,24.856,0.142,0.223,0.003,0.672,8.938,45.777
10619,5.617,4.801,28.205,0.146,0.218,0.003,0.581,8.807,48.389
10620,4.898,2.184,18.366,0.135,0.219,0.003,0.547,8.287,34.645
10621,4.827,2.425,18.221,0.142,0.227,0.003,0.550,8.285,34.683
10622,4.633,3.207,19.084,0.138,0.218,0.003,0.534,8.287,36.106
10623,4.355,2.472,21.953,0.136,0.221,0.003,0.526,8.417,38.092
10624,4.411,2.747,19.453,0.139,0.219,0.003,0.529,8.356,35.864
10625,4.411,2.384,20.512,0.135,0.219,0.003,0.549,8.361,36.568
10626,5.710,7.745,26.547,0.138,0.218,0.002,0.583,8.850,49.805
10627,4.514,1.998,19.119,0.136,0.220,0.003,0.533,8.331,34.849
10628,4.571,2.618,18.995,0.139,0.225,0.004,0.533,8.322,35.387
10629,4.418,1.972,17.690,0.142,0.223,0.003,0.523,8.314,34.921
10630,4.579,2.012,17.886,0.134,0.213,0.003,0.525,8.312,33.658
10631,4.246,2.106,19.766,0.135,0.218,0.003,0.551,8.652,35.681
10632,4.326,3.091,18.165,0.135,0.217,0.003,0.689,8.438,35.081
10633,4.655,2.001,17.569,0.135,0.221,0.003,0.524,8.282,33.376
10634,5.866,2.378,17.752,0.132,0.215,0.003,0.519,8.303,35.171
10635,4.316,2.501,18.319,0.138,0.217,0.003,0.515,8.374,34.373
10636,4.394,2.359,17.464,0.136,0.216,0.003,0.510,8.243,33.299
10637,4.614,2.099,18.204,0.135,0.219,0.003,0.546,8.417,34.218
10638,4.737,4.230,17.796,0.141,0.220,0.003,0.512,8.251,35.873
10639,5.115,2.342,20.350,0.133,0.214,0.003,0.513,8.501,37.331
10640,4.328,2.196,17.386,0.138,0.221,0.011,0.498,8.289,33.038
10641,4.590,2.299,18.292,0.130,0.222,0.003,0.561,8.257,34.351
10642,4.600,2.259,17.519,0.202,0.224,0.003,0.532,8.228,33.495
10643,4.383,2.279,17.562,0.138,0.220,0.003,0.511,9.137,34.234
10644,4.456,5.063,19.305,0.131,0.213,0.003,0.531,8.358,38.082
10645,4.983,2.244,17.200,0.131,0.219,0.003,0.540,8.276,34.441
10646,4.393,2.347,17.565,0.137,0.219,0.003,0.546,8.295,33.510
10647,5.166,1.581,21.803,0.138,0.220,0.003,0.522,8.428,37.853
10648,4.628,2.302,18.523,0.139,0.218,0.003,0.522,8.284,35.432
10649,4.633,2.494,19.174,0.134,0.219,0.003,0.580,10.023,37.471
10650,4.915,1.923,22.616,0.136,0.210,0.003,0.619,8.735,39.178
10651,5.734,2.289,18.816,0.136,0.217,0.003,0.525,8.407,36.125
10652,4.208,1.735,17.456,0.134,0.222,0.003,0.546,8.221,32.524
10653,5.044,1.799,17.298,0.130,0.211,0.003,0.512,8.753,33.751
10654,5.162,1.851,17.966,0.412,0.223,0.003,0.521,8.244,34.091
10655,5.048,1.621,19.809,0.134,0.219,0.003,0.552,8.510,35.907
10656,4.772,2.121,17.709,0.134,0.216,0.003,0.519,8.259,33.729
10657,4.520,2.183,17.677,0.133,0.215,0.003,0.530,8.261,33.521
10658,4.816,1.905,19.230,0.134,0.217,0.003,0.521,8.246,35.079
10659,4.495,2.052,22.670,0.131,0.225,0.003,0.520,8.244,38.331
10660,4.569,2.839,17.440,0.132,0.213,0.003,0.523,8.649,34.395
10661,4.686,1.824,18.182,0.133,0.224,0.003,11.272,8.260,45.586
10662,4.788,1.839,19.345,0.131,0.219,0.003,0.528,8.332,35.204
10663,4.363,2.329,24.371,0.133,0.220,0.002,0.591,8.797,41.545
10664,6.171,2.541,19.263,0.136,0.220,0.003,0.534,8.334,37.175
10665,4.359,1.967,18.506,0.137,0.222,0.003,0.537,8.802,34.506
10666,4.516,2.205,18.323,0.136,0.228,0.003,9.070,8.291,43.482
10667,4.575,1.935,22.062,0.139,0.223,0.003,17.544,8.872,56.009
10668,5.023,2.018,41.691,0.132,0.221,0.003,10.482,9.469,69.996
10669,5.021,3.317,31.733,0.132,0.225,0.003,0.561,8.632,50.357
10670,6.015,2.092,26.224,0.137,0.218,0.003,0.560,8.305,44.369
10671,13.502,2.988,34.865,0.132,0.215,0.003,0.576,8.427,60.789
10672,5.092,2.209,22.206,0.132,0.211,0.003,0.579,8.432,39.180
10673,5.339,2.990,70.131,0.129,0.210,0.003,0.593,9.096,88.581
10674,6.045,2.406,37.904,0.135,0.221,0.003,0.619,10.215,57.650
10675,8.368,2.767,75.186,0.134,0.211,0.002,0.616,13.229,100.633
10676,8.253,2.512,27.192,0.128,0.203,0.003,9.924,9.422,58.846
10677,10.899,5.437,48.868,0.137,0.213,0.003,0.596,9.959,76.185
10678,6.465,3.564,35.813,0.132,0.218,0.003,0.592,9.528,56.396
10679,5.101,3.849,37.100,0.135,0.214,0.003,0.556,13.273,60.511
10680,34.275,5.544,56.563,0.135,0.211,0.003,10.539,8.664,117.085
10681,10.434,3.132,27.600,0.133,0.218,0.003,0.661,8.423,51.570
10682,5.984,6.180,19.047,0.130,0.209,0.003,0.558,8.652,40.812
10683,4.881,2.299,29.471,0.135,0.215,0.003,10.347,8.801,57.456
10684,12.318,2.758,33.502,0.131,0.205,1.830,0.584,8.848,58.356
10685,5.377,2.892,28.945,0.135,0.206,0.003,0.581,8.499,47.343
10686,5.712,3.395,32.963,0.132,0.203,0.003,22.452,9.068,75.319
10687,7.470,3.194,43.095,0.134,0.206,0.003,0.576,10.141,64.791
10688,6.387,5.189,29.116,0.134,0.205,0.003,11.805,14.523,68.673
10689,10.251,7.360,37.641,0.137,0.200,0.003,0.586,8.742,65.770
10690,5.020,3.081,25.775,0.133,0.204,0.003,0.621,9.509,44.397
10691,7.959,5.270,35.159,0.137,0.212,0.003,0.547,9.433,59.200
10692,10.149,3.180,44.154,0.131,0.202,0.003,0.580,9.984,68.433
10693,7.716,3.981,27.796,0.133,0.205,0.003,0.694,9.080,49.665
10694,8.420,4.661,43.426,0.133,0.211,0.003,0.585,8.975,66.480
10695,6.492,6.597,62.061,0.134,0.213,0.003,1.168,17.486,94.234
10696,12.823,7.158,39.506,0.135,0.209,0.003,0.534,9.206,69.624
10697,5.969,3.066,46.682,0.132,0.197,0.002,16.852,14.915,89.649
10698,39.452,2.524,29.825,0.138,0.205,0.003,14.074,10.390,97.922
10699,6.949,3.709,45.738,0.140,0.197,0.003,0.584,10.211,68.208
10700,5.532,3.998,23.463,0.137,0.198,0.003,0.628,8.619,42.582
10701,4.859,2.735,24.136,0.136,0.202,0.002,11.025,9.696,54.333
10702,5.221,2.685,52.462,0.139,0.206,0.003,11.959,9.997,83.399
10703,5.741,2.334,35.747,0.134,0.212,0.719,0.526,9.154,53.872
10704,7.658,2.416,22.299,0.132,0.216,0.003,0.519,8.291,41.550
10705,5.079,2.362,21.602,0.136,0.228,0.003,0.545,8.404,38.989
10706,6.430,2.338,18.825,0.136,0.211,0.003,0.516,8.427,36.909
10707,5.545,2.358,28.949,0.139,0.221,0.003,0.548,9.048,46.798
10708,4.993,2.427,30.802,0.136,0.214,0.003,9.525,8.518,57.389
10709,4.401,7.091,30.231,0.133,0.215,0.003,0.535,8.433,51.073
10710,5.001,2.734,25.219,0.139,0.212,0.003,0.498,8.383,42.223
10711,4.607,2.002,22.685,0.134,0.220,0.003,0.518,8.347,38.534
10712,4.535,2.158,19.307,0.136,0.209,0.003,0.589,8.458,35.450
10713,4.973,3.948,20.668,0.145,0.218,0.003,0.529,8.310,38.811
10714,5.285,2.779,18.271,0.139,0.236,0.004,8.240,8.370,44.530
10715,4.885,2.046,27.924,0.148,0.245,0.646,0.530,8.254,44.008
10716,4.629,2.642,24.641,0.150,0.212,1.516,0.519,8.324,41.125
10717,4.397,2.518,24.190,0.327,0.280,0.003,0.523,9.626,41.628
10718,6.167,2.297,17.922,0.161,0.207,0.003,0.530,8.797,36.102
10719,4.350,16.379,20.245,0.148,0.213,0.004,0.532,8.210,50.099
10720,4.188,2.320,17.101,0.141,0.237,0.703,0.484,8.202,32.663
10721,4.327,2.530,18.715,0.137,0.247,0.003,0.526,8.399,34.879
10722,4.859,2.654,17.842,0.148,0.234,0.003,0.500,8.237,34.463
10723,4.640,2.224,17.428,0.147,0.294,0.651,0.527,8.305,33.503
10724,4.204,2.259,17.464,0.150,0.298,0.003,0.516,8.321,34.341
10725,4.390,2.269,17.748,0.129,0.298,1.980,0.511,8.212,33.459
10726,4.363,2.256,17.170,0.130,0.304,0.003,0.519,8.219,32.856
10727,4.361,2.237,17.375,0.132,0.285,0.717,0.504,8.228,33.036
10728,4.606,2.243,17.893,0.131,0.279,0.003,0.523,8.639,34.248
10729,4.882,2.356,19.447,0.128,0.283,0.003,0.529,8.511,36.082
10730,5.514,2.464,17.641,0.127,0.280,0.003,7.809,8.363,42.981
10731,4.287,5.582,18.968,0.132,0.299,0.828,0.532,8.317,38.048
10732,5.458,4.303,21.011,0.136,0.304,0.002,0.669,9.687,41.507
10733,5.271,2.279,23.069,0.130,0.296,0.002,0.516,8.285,39.753
10734,5.191,2.387,17.954,0.129,0.308,0.003,0.561,8.673,35.126
10735,5.080,3.048,18.556,0.135,0.302,0.003,0.549,8.400,35.986
10736,6.439,3.983,30.382,0.132,0.298,0.003,0.568,8.462,50.219
10737,5.006,2.266,19.484,0.135,0.295,0.774,0.536,8.298,35.953
10738,4.381,2.458,18.449,0.140,0.291,0.003,0.532,8.945,35.129
10739,4.883,2.021,18.230,0.146,0.293,0.003,0.663,8.284,34.428
10740,4.285,2.229,18.085,0.149,0.267,0.737,0.532,8.340,33.844
10741,5.448,2.703,18.737,0.138,0.260,0.003,0.522,8.290,36.045
10742,4.233,2.091,17.189,0.135,0.166,0.003,0.513,8.465,32.828
10743,4.991,2.178,17.792,0.141,0.196,0.705,0.515,8.337,34.149
10744,5.062,2.083,18.255,0.130,0.186,0.002,0.538,8.290,34.563
10745,4.312,1.909,21.413,0.130,0.156,0.690,0.557,8.323,36.861
10746,5.157,2.162,17.728,0.136,0.158,0.003,0.552,8.267,34.217
10747,4.748,2.050,17.623,0.155,0.238,0.688,0.516,8.228,34.305
10748,5.372,2.212,17.350,0.125,0.234,0.002,0.531,8.308,34.134
10749,4.762,2.825,31.935,0.128,0.246,0.003,0.578,9.046,49.709
10750,6.162,2.356,17.875,0.125,0.241,0.003,0.514,8.257,35.525
10751,4.356,1.858,18.467,0.143,0.244,0.003,0.540,9.219,34.812
10752,6.418,3.076,19.600,0.137,0.240,0.003,0.536,8.268,38.266
10753,4.642,1.964,18.450,0.133,0.236,0.003,0.524,8.264,34.204
10754,4.841,2.106,17.217,0.132,0.237,0.003,0.526,8.280,33.325
10755,5.533,2.500,18.351,0.131,0.236,0.002,0.524,8.361,35.630
10756,5.522,1.867,19.805,0.130,0.237,0.003,0.512,8.405,36.470
10757,6.838,2.682,29.742,0.129,0.237,0.003,0.535,8.290,48.458
10758,5.797,2.357,22.918,0.134,0.237,0.003,0.541,8.443,40.426
10759,4.785,2.001,24.313,0.136,0.170,0.764,0.539,8.458,40.465
10760,4.956,2.799,17.809,0.136,0.172,0.002,0.522,8.553,34.997
10761,4.327,1.840,19.148,0.136,0.176,0.003,0.536,8.330,34.554
10762,4.369,1.952,18.035,0.132,0.172,0.002,0.529,8.339,33.584
10763,4.800,1.930,17.646,0.136,0.177,0.002,0.527,8.278,33.541
10764,5.426,1.986,20.617,0.129,0.165,0.002,0.532,8.282,37.206
10765,5.078,1.716,17.922,0.132,0.177,0.002,0.534,8.205,33.813
10766,4.199,1.624,17.271,0.135,0.170,0.002,0.508,8.189,32.149
10767,4.655,1.751,17.466,0.137,0.179,0.002,0.509,8.301,33.043
10768,4.898,1.799,18.044,0.135,0.175,0.002,0.532,8.370,34.013
10769,6.159,2.453,17.317,0.143,0.175,0.003,0.512,8.228,35.039
10770,4.832,1.550,17.681,0.142,0.178,0.003,0.522,8.268,33.205
10771,4.796,1.511,17.424,0.141,0.181,0.002,0.512,8.308,32.908
10772,5.023,2.966,17.809,0.137,0.175,0.003,0.522,8.210,34.886
10773,4.303,1.771,17.307,0.133,0.173,0.002,0.515,8.177,32.434
10774,4.833,1.520,17.375,0.136,0.181,0.002,0.491,8.209,32.779
10775,5.213,1.486,17.383,0.150,0.183,0.002,0.502,8.269,33.211
10776,4.812,1.513,24.498,0.144,0.185,0.003,0.512,8.098,39.789
10777,4.238,1.726,17.245,0.132,0.169,0.787,0.523,8.243,32.333
10778,4.642,1.630,17.648,0.133,0.171,0.003,0.512,8.215,33.012
10779,4.829,1.724,17.573,0.135,0.169,0.002,0.498,8.216,33.190
10780,4.396,1.508,17.951,0.138,0.171,0.003,0.498,8.274,32.998
10781,4.181,1.788,17.311,0.138,0.171,0.002,0.495,8.320,32.450
10782,5.049,3.818,18.206,0.135,0.166,0.002,0.533,8.407,36.442
10783,4.712,1.728,17.388,0.174,0.172,0.006,0.535,8.554,33.279
10784,4.705,1.506,20.091,0.133,0.179,0.002,0.494,8.196,35.341
10785,4.200,1.740,17.224,0.135,0.160,0.002,0.503,8.239,32.261
10786,4.573,1.575,18.370,0.134,0.169,0.003,0.513,8.201,33.593
10787,4.362,1.644,17.520,0.147,0.171,0.002,0.510,8.288,32.685
10788,5.156,1.543,17.500,0.133,0.169,0.002,0.523,8.802,33.886
10789,5.675,1.669,17.424,0.128,0.166,0.002,0.519,8.250,33.895
10790,4.602,1.467,17.615,0.135,0.166,0.002,0.488,8.248,32.768
10791,4.335,2.821,17.416,0.137,0.172,0.002,0.520,8.228,33.677
10792,4.329,1.568,18.880,0.139,0.179,0.002,0.512,8.240,33.888
10793,4.242,1.606,17.378,0.130,0.163,0.002,0.499,8.262,32.333
10794,4.636,1.566,17.904,0.131,0.166,0.002,0.528,8.215,33.487
10795,4.695,1.640,17.263,0.139,0.162,0.003,0.517,8.243,32.715
10796,4.771,1.759,17.274,0.133,0.156,0.002,0.501,8.310,32.969
10797,4.184,1.611,17.291,0.131,0.165,0.844,0.515,8.240,32.194
10798,4.621,1.519,17.693,0.133,0.168,0.003,0.492,8.343,33.022
10799,4.306,3.220,17.390,0.128,0.169,0.003,0.506,8.180,33.962
10800,4.251,1.550,21.009,0.150,0.168,0.002,0.516,8.150,35.824
10801,4.305,1.598,17.315,0.135,0.174,0.003,0.502,8.248,32.329
10802,4.837,1.588,17.414,0.135,0.169,0.002,0.503,8.208,32.905
10803,4.795,1.586,17.345,0.139,0.176,0.003,0.502,8.272,32.857
10804,4.432,1.486,18.464,0.133,0.175,0.002,0.495,8.383,33.620
10805,4.171,1.622,17.418,0.130,0.174,0.003,0.505,8.251,32.330
10806,4.587,1.601,17.356,0.130,0.167,0.002,0.516,8.287,32.716
10807,4.417,1.800,17.212,0.136,0.174,0.002,0.524,8.212,32.532
10808,4.999,1.513,17.416,0.134,0.175,0.003,0.522,8.241,33.047
10809,4.196,1.477,17.247,0.151,0.177,0.003,0.527,8.234,32.041
10810,4.405,1.559,17.226,0.136,0.170,0.002,0.514,8.251,32.314
10811,4.569,2.747,17.455,0.137,0.180,0.002,0.504,8.206,33.833
10812,6.731,1.508,20.031,0.208,0.171,0.002,0.510,8.181,37.307
10813,4.152,1.570,17.268,0.137,0.183,0.002,0.476,8.193,32.000
10814,4.593,1.480,17.255,0.132,0.181,0.002,0.518,8.245,32.453
10815,4.346,1.479,17.397,0.135,0.173,0.002,0.509,8.301,32.379
10816,4.970,1.523,22.556,0.135,0.175,0.002,0.486,8.178,38.049
10817,4.228,1.695,17.310,0.130,0.177,0.002,0.519,8.218,32.324
10818,4.556,1.444,17.661,0.130,0.173,0.002,0.508,8.269,32.793
10819,4.355,1.505,17.441,0.130,0.174,0.002,0.520,8.247,32.422
10820,4.726,1.511,20.076,0.133,0.174,0.003,0.495,8.179,35.337
10821,4.197,1.507,17.287,0.134,0.177,0.002,0.507,8.234,32.086
10822,4.628,1.445,17.346,0.131,0.176,0.002,0.500,8.186,32.448
10823,4.619,3.718,17.405,0.132,0.177,0.002,0.524,8.312,34.931
10824,4.210,1.611,17.996,0.136,0.178,0.003,0.527,8.196,34.708
10825,4.198,1.497,17.206,0.130,0.173,0.002,0.507,8.199,31.952
10826,4.654,1.459,17.638,0.135,0.175,0.002,0.515,8.217,32.821
10827,4.452,1.481,17.676,0.140,0.174,0.003,0.526,8.227,32.707
10828,4.782,1.752,23.457,0.132,0.172,0.002,0.520,8.229,39.083
10829,4.114,1.648,17.531,0.146,0.174,0.003,0.525,8.240,32.399
10830,4.619,1.743,17.483,0.131,0.164,0.002,0.516,8.272,32.975
10831,4.540,4.347,17.380,0.139,0.174,0.003,0.528,8.391,35.539
10832,5.041,1.886,20.761,0.132,0.173,0.002,0.497,8.180,36.701
10833,4.186,1.624,17.232,0.129,0.173,0.003,0.521,8.249,32.154
10834,4.838,1.591,17.348,0.132,0.171,0.002,0.510,8.234,32.868
10835,4.428,1.610,17.206,0.132,0.178,0.002,0.505,8.234,32.332
10836,4.556,1.538,17.443,0.131,0.179,0.002,0.500,8.348,32.732
10837,4.194,1.491,17.680,0.132,0.189,0.002,0.481,8.217,32.394
10838,4.569,1.536,17.395,0.132,0.182,0.002,0.507,8.324,32.678
10839,4.438,1.576,17.323,0.130,0.176,0.002,0.501,8.218,32.396
10840,5.217,1.474,20.614,0.131,0.180,0.002,0.507,8.208,36.357
10841,4.150,1.517,17.282,0.132,0.179,0.002,0.482,8.240,32.012
10842,4.616,1.477,17.356,0.127,0.179,0.002,0.512,8.263,32.572
10843,4.674,2.566,17.461,0.129,0.177,0.002,0.504,8.326,34.597
10844,4.728,1.703,19.504,0.127,0.179,0.002,0.510,8.111,34.908
10845,4.228,1.486,17.288,0.137,0.177,0.002,0.505,8.266,32.141
10846,4.522,1.435,17.811,0.128,0.177,0.002,0.506,8.282,32.908
10847,4.327,1.443,17.448,0.124,0.176,0.002,0.519,8.280,32.383
10848,4.316,1.479,18.897,0.129,0.177,0.002,0.506,9.006,34.558
10849,4.892,1.856,18.730,0.126,0.180,0.002,0.518,8.243,34.591
10850,4.828,1.443,17.440,0.130,0.185,0.003,0.516,8.634,33.215
10851,4.788,1.659,17.497,0.137,0.190,0.003,0.500,8.253,33.054
10852,4.185,1.463,17.902,0.127,0.187,0.002,0.501,8.931,33.331
10853,4.724,1.686,18.354,0.126,0.185,0.002,0.528,8.471,34.131
10854,4.924,1.826,18.453,0.131,0.179,0.003,0.562,9.692,35.839
10855,6.493,15.702,21.552,0.129,0.185,0.002,9.536,8.659,62.981
10856,4.374,2.602,21.817,0.127,0.179,0.002,0.686,9.700,41.061
10857,10.923,3.732,31.174,0.129,0.187,0.002,0.738,8.551,55.729
10858,6.664,3.045,20.877,0.134,0.176,0.003,0.559,8.530,40.047
10859,5.529,3.168,24.382,0.133,0.181,0.002,0.591,8.313,42.348
10860,4.804,2.535,21.458,0.146,0.180,0.002,9.321,8.773,47.977
10861,7.326,3.239,24.206,0.136,0.177,0.003,0.563,8.431,44.153
10862,5.495,2.614,23.954,0.130,0.174,0.002,0.596,8.747,41.792
10863,5.351,2.267,23.769,0.133,0.166,0.775,0.617,9.046,42.146
10864,8.495,11.057,119.035,0.136,0.164,0.002,0.596,8.533,148.167
10865,5.550,2.329,17.653,0.131,0.163,0.002,0.569,8.298,36.808
10866,6.250,2.201,17.975,0.134,0.166,0.002,0.555,8.365,35.784
10867,5.828,2.107,18.012,0.129,0.168,0.002,9.155,8.515,44.751
10868,4.790,6.065,18.891,0.138,0.168,0.002,0.545,8.220,38.925
10869,4.186,2.283,18.154,0.131,0.165,0.002,0.508,8.324,33.869
10870,5.823,2.271,18.153,0.132,0.163,0.002,0.512,8.275,35.445
10871,5.013,2.486,17.369,0.137,0.166,0.002,8.501,8.320,42.950
10872,4.904,4.620,18.483,0.134,0.161,0.002,0.518,8.233,37.201
10873,4.381,2.032,17.430,0.140,0.172,0.003,0.496,8.704,33.473
10874,4.722,1.851,17.719,0.139,0.161,0.002,0.485,8.270,33.488
10875,5.044,4.008,18.644,0.131,0.155,0.002,0.527,8.299,36.962
10876,4.867,2.217,20.135,0.132,0.158,0.002,0.537,8.247,36.437
10877,4.209,2.067,17.759,0.138,0.163,0.002,0.516,8.189,33.945
10878,4.791,2.128,17.912,0.134,0.166,0.002,0.536,8.264,34.066
10879,5.590,2.251,17.765,0.140,0.175,0.002,0.527,8.222,34.799
10880,4.524,2.294,17.686,0.138,0.173,0.003,0.523,8.499,34.679
10881,4.750,1.900,17.286,0.135,0.165,0.003,0.513,8.236,33.087
10882,4.749,2.294,17.916,0.141,0.168,0.002,0.523,8.234,34.021
10883,4.963,1.952,17.606,0.145,0.172,0.002,8.830,8.344,42.737
10884,5.511,2.445,19.486,0.135,0.174,0.002,0.502,8.441,36.704
10885,4.263,1.999,17.241,0.138,0.174,0.002,0.497,8.431,33.407
10886,4.533,2.163,17.388,0.134,0.170,0.002,0.523,8.317,33.221
10887,4.565,4.102,17.568,0.137,0.168,0.003,0.532,8.219,36.068
10888,6.037,1.967,21.406,0.144,0.159,0.003,0.522,8.449,38.743
10889,4.220,1.565,17.555,0.136,0.168,0.002,0.504,8.293,32.515
10890,4.619,1.997,18.656,0.141,0.167,0.002,0.482,8.306,34.431
10891,4.641,2.000,18.478,0.136,0.170,0.002,0.541,8.368,34.419
10892,5.082,1.541,26.143,0.134,0.161,0.002,0.520,8.330,41.998
10893,4.260,1.764,17.944,0.135,0.162,0.002,0.517,8.332,33.191
10894,4.576,1.718,17.527,0.139,0.166,0.002,0.511,8.247,32.952
10895,4.453,3.524,17.611,0.143,0.165,0.003,0.503,8.309,34.770
10896,4.971,1.962,18.554,0.139,0.171,0.002,0.503,8.307,34.668
10897,4.580,2.154,17.177,0.143,0.159,0.778,0.488,8.190,32.958
10898,4.718,1.634,17.844,0.141,0.164,0.002,0.511,8.348,33.429
10899,5.381,2.229,17.461,0.136,0.163,0.003,8.646,8.290,43.080
10900,4.414,2.333,19.390,0.139,0.166,0.833,0.531,7.536,34.516
10901,4.592,2.182,17.527,0.139,0.169,0.003,0.518,8.292,33.426
10902,5.131,2.194,18.260,0.138,0.172,0.003,0.517,8.376,34.786
10903,4.382,2.259,18.256,0.136,0.174,0.003,0.523,8.311,34.047
10904,5.013,1.888,19.366,0.145,0.175,0.003,0.501,8.189,35.255
10905,4.338,1.843,17.321,0.131,0.198,2.890,0.529,8.197,32.542
10906,4.280,1.839,17.457,0.128,0.163,0.743,0.519,8.343,32.745
10907,4.539,3.220,17.881,0.133,0.174,0.694,0.506,8.401,34.867
10908,4.967,1.810,23.258,0.135,0.179,0.002,0.520,8.296,39.164
10909,4.385,2.104,20.169,0.135,0.201,0.613,0.534,9.127,36.641
10910,5.110,1.847,17.872,0.145,0.250,1.182,0.516,9.357,35.025
10911,4.711,1.897,17.992,0.135,0.243,0.003,0.546,8.206,33.676
10912,4.423,1.586,17.654,0.141,0.247,0.004,0.513,8.322,32.813
10913,4.313,1.817,17.202,0.139,0.238,0.003,0.491,8.185,32.317
10914,4.585,1.611,17.425,0.144,0.253,0.003,0.505,8.312,32.759
10915,4.639,2.740,17.744,0.136,0.239,0.003,0.537,8.274,34.271
10916,5.114,1.545,17.969,0.139,0.237,0.003,0.534,9.438,34.933
10917,4.392,2.229,17.260,0.137,0.239,0.003,0.507,8.327,33.804
10918,4.960,2.365,17.500,0.138,0.238,0.004,0.521,8.296,33.948
10919,4.619,1.503,17.783,0.140,0.237,0.003,0.535,8.441,33.188
10920,4.833,1.619,20.166,0.133,0.236,0.003,0.509,8.351,35.790
10921,6.362,1.824,18.701,0.141,0.231,0.721,0.550,8.465,36.216
10922,6.680,2.351,20.125,0.137,0.226,0.003,0.538,8.709,38.708
10923,4.816,2.015,26.190,0.273,0.267,0.004,0.711,8.472,42.558
10924,4.628,3.716,23.330,0.171,0.213,1.359,0.541,8.474,41.005
10925,4.527,2.017,18.009,0.151,0.231,0.701,0.522,8.293,33.667
10926,5.476,1.695,18.748,0.149,0.193,0.728,0.541,8.391,35.158
10927,4.443,1.804,18.026,0.145,0.204,0.003,0.574,8.559,33.728
10928,5.261,2.539,18.247,0.134,0.236,1.275,0.521,8.747,35.620
10929,4.425,1.609,17.544,0.153,0.210,0.761,0.499,8.205,32.579
10930,5.063,1.501,17.386,0.149,0.205,0.004,0.538,8.251,33.045
10931,5.703,1.901,17.976,0.155,0.263,0.004,0.536,8.376,34.804
10932,4.484,1.822,19.359,0.141,0.195,0.003,0.575,8.546,35.108
10933,4.742,1.549,17.337,0.153,0.245,0.004,0.482,8.308,32.714
10934,6.286,1.626,17.596,0.143,0.208,0.004,0.507,8.295,34.609
10935,4.903,2.266,18.142,0.163,0.211,0.003,0.532,8.324,34.471
10936,4.413,1.741,21.603,0.149,0.242,0.773,0.525,8.194,36.767
10937,4.604,1.552,17.773,0.142,0.236,0.003,0.518,8.285,33.874
10938,4.549,1.595,17.796,0.152,0.230,0.829,0.500,8.312,33.058
10939,5.143,1.828,18.149,0.148,0.218,0.003,0.501,8.324,34.246
10940,4.438,1.608,21.495,0.149,0.236,0.004,0.527,8.684,37.072
10941,4.248,1.557,17.304,0.155,0.222,0.003,0.516,8.323,32.260
10942,4.715,1.712,17.566,0.144,0.217,0.004,0.513,8.391,33.205
10943,4.369,2.112,17.780,0.154,0.227,0.005,0.522,8.211,33.313
10944,4.866,2.789,18.400,0.152,0.228,1.324,0.525,8.347,35.238
10945,4.195,1.553,17.295,0.149,0.241,0.004,0.516,8.469,32.335
10946,4.686,1.555,17.392,0.147,0.240,0.003,0.507,8.266,32.706
10947,4.781,1.991,17.984,0.138,0.216,1.363,0.528,8.395,33.992
10948,4.672,1.975,23.258,0.146,0.272,0.004,0.516,8.549,39.282
10949,4.298,1.977,18.342,0.141,0.212,0.004,0.602,8.439,33.993
10950,5.354,2.313,20.604,0.158,0.220,0.004,0.536,8.472,37.588
10951,4.753,2.331,17.321,0.149,0.220,0.004,0.518,8.280,33.523
10952,5.317,2.165,29.239,0.148,0.218,0.004,0.504,8.662,46.270
10953,4.404,2.008,19.166,0.155,0.204,0.639,0.523,8.414,34.839
10954,7.569,1.616,23.090,0.139,0.200,0.002,0.538,8.333,41.462
10955,5.076,3.475,17.928,0.149,0.202,0.003,0.531,8.383,35.703
10956,4.570,2.037,20.447,0.144,0.191,0.698,0.516,8.278,36.160
10957,4.193,1.508,17.241,0.151,0.196,0.003,0.515,8.193,31.960
10958,4.973,1.985,17.568,0.142,0.192,0.003,0.481,8.213,33.526
10959,5.389,1.505,17.518,0.158,0.201,0.746,0.500,8.272,33.490
10960,4.453,1.549,21.979,0.142,0.192,0.003,0.524,8.412,37.229
10961,4.767,1.532,17.451,0.139,0.195,0.004,0.524,8.246,32.834
10962,4.642,1.464,17.414,0.140,0.184,0.003,0.506,8.224,32.560
10963,5.512,2.708,17.984,0.140,0.187,0.003,0.515,8.339,35.371
10964,4.693,1.558,19.527,0.141,0.192,0.003,0.520,8.300,34.915
10965,4.239,1.473,17.378,0.140,0.189,0.003,0.516,8.258,32.169
10966,4.392,1.516,18.566,0.137,0.187,0.003,0.514,9.061,34.361
10967,6.154,1.716,20.841,0.144,0.193,0.003,0.554,10.338,39.922
10968,4.384,35.470,17.378,0.134,0.187,0.003,0.526,9.599,67.664
10969,4.348,1.851,17.326,0.133,0.195,0.003,0.564,8.239,32.651
10970,4.214,1.456,16.933,0.135,0.209,0.684,0.513,8.148,31.562
10971,4.386,1.546,22.306,0.138,0.214,0.003,0.535,8.680,37.771
10972,4.518,1.683,28.749,0.133,0.197,0.003,0.544,8.602,44.403
10973,4.360,1.842,17.443,0.132,0.206,0.003,0.510,8.327,32.788
10974,4.582,2.027,17.396,0.149,0.217,0.004,0.493,8.210,33.014
10975,4.664,2.678,19.209,0.182,0.218,0.004,0.513,8.210,35.587
10976,4.358,1.937,17.531,0.145,0.214,0.003,0.523,8.230,32.892
10977,4.734,1.843,17.518,0.137,0.211,0.003,0.538,8.245,33.201
10978,5.115,1.817,17.345,0.150,0.211,0.003,0.513,8.271,33.379
10979,5.434,1.851,17.408,0.139,0.209,0.003,0.511,8.261,33.775
10980,4.089,1.583,17.278,0.134,0.214,0.003,0.515,8.244,32.023
10981,5.680,3.564,18.891,0.138,0.212,0.003,0.508,8.297,37.256
10982,5.052,1.676,17.759,0.143,0.216,0.003,0.510,8.313,33.620
10983,5.102,1.564,20.090,0.308,0.355,0.957,0.527,8.180,35.771
10984,4.265,1.580,17.606,0.141,0.223,1.666,0.491,8.276,32.528
10985,5.042,2.196,17.518,0.156,0.239,0.003,0.522,8.284,33.878
10986,4.702,3.984,17.546,0.149,0.225,0.004,0.514,8.328,35.382
10987,4.685,1.861,17.778,0.139,0.222,0.003,0.512,8.199,33.339
10988,4.162,1.528,17.348,0.132,0.217,0.003,0.520,7.535,31.402
10989,4.602,1.670,17.535,0.134,0.220,0.003,0.519,8.308,32.943
10990,4.553,1.734,17.355,0.136,0.220,0.003,0.531,8.300,32.792
10991,4.309,1.560,18.432,0.136,0.220,0.003,0.540,8.434,33.606
10992,4.164,1.449,17.231,0.134,0.219,0.003,0.515,8.256,31.933
10993,4.261,1.814,17.286,0.135,0.218,0.003,0.515,8.305,32.496
10994,5.016,3.319,17.499,0.135,0.232,0.003,0.504,8.333,34.985
10995,5.649,1.512,21.303,0.134,0.217,0.003,0.498,8.155,37.433
10996,4.217,1.453,17.822,0.134,0.217,0.003,0.502,8.144,32.448
10997,5.516,1.893,18.329,0.151,0.221,0.004,0.522,8.287,34.867
10998,4.927,1.637,18.465,0.137,0.221,0.003,0.525,8.268,34.135
10999,4.627,1.529,18.472,0.148,0.219,0.003,0.529,8.742,34.215
11000,4.245,1.590,18.686,0.131,0.220,0.003,0.525,8.283,33.658
11001,4.679,1.768,19.991,0.128,0.218,0.003,0.535,8.704,35.994
11002,5.146,1.829,18.320,0.141,0.214,0.005,0.510,8.386,34.498
11003,5.019,1.771,17.775,0.138,0.206,0.003,0.541,8.338,34.520
11004,4.322,1.553,17.545,0.132,0.212,0.003,0.535,8.344,32.602
11005,4.690,1.530,17.676,0.137,0.210,0.003,0.516,8.199,32.907
11006,4.909,4.768,18.632,0.137,0.208,0.003,0.526,8.245,37.383
11007,4.466,1.534,18.992,0.138,0.211,0.003,0.523,8.239,34.054
11008,4.281,1.568,17.966,0.135,0.209,0.003,0.519,8.312,32.956
11009,4.795,1.470,17.407,0.131,0.207,0.003,0.526,8.252,32.749
11010,4.944,1.698,17.354,0.132,0.210,0.003,0.512,8.304,33.110
11011,5.007,1.942,19.338,0.142,0.269,0.005,0.519,8.468,35.581
11012,4.183,1.844,17.780,0.129,0.218,0.003,0.498,8.504,33.106
11013,4.761,1.960,18.638,0.137,0.215,0.003,0.543,8.229,34.447
11014,5.279,1.625,17.160,0.135,0.214,0.003,0.537,8.278,33.183
11015,5.346,1.468,18.102,0.147,0.242,0.003,0.497,8.256,33.958
11016,4.355,1.586,17.869,0.139,0.221,0.003,0.514,8.268,32.886
11017,4.689,1.684,17.953,0.140,0.217,0.003,0.541,8.365,33.536
11018,4.578,4.359,20.122,0.132,0.215,0.003,0.561,8.321,38.244
11019,4.432,1.805,19.751,0.134,0.215,0.003,0.531,8.389,35.225
11020,4.174,1.719,18.303,0.132,0.221,0.003,0.529,8.317,33.355
11021,5.005,1.630,17.669,0.159,0.211,0.003,0.511,8.261,33.380
11022,4.588,1.525,17.696,0.133,0.212,0.003,0.519,8.555,33.195
11023,4.884,1.742,23.012,0.138,0.209,0.004,0.555,8.330,38.844
11024,4.745,1.552,23.974,0.132,0.213,0.003,0.527,8.410,39.523
11025,5.778,1.670,18.222,0.137,0.214,0.003,0.526,8.665,35.177
11026,4.824,2.054,17.859,0.135,0.209,0.003,0.510,8.351,33.906
11027,4.327,1.893,23.169,0.128,0.206,0.003,0.548,9.651,39.895
11028,4.651,1.805,20.849,0.132,0.211,0.003,0.519,8.414,36.545
11029,4.995,1.645,18.058,0.133,0.215,0.003,0.533,8.234,33.774
11030,4.938,2.782,18.259,0.141,0.229,0.003,0.527,8.238,35.055
11031,4.423,1.504,17.609,0.141,0.240,0.003,0.517,8.289,32.649
11032,5.624,1.561,17.584,0.134,0.220,0.003,0.484,8.279,33.830
11033,4.626,1.549,17.621,0.139,0.221,0.003,0.521,8.591,33.207
11034,5.411,1.691,18.077,0.152,0.225,0.005,0.541,8.341,34.368
11035,5.407,3.387,19.615,0.152,0.242,0.003,0.533,8.488,37.742
11036,4.353,1.540,18.124,0.150,0.222,0.003,0.515,8.269,33.114
11037,4.713,1.494,18.944,0.143,0.222,0.004,12.248,8.277,46.755
11038,5.192,3.233,17.793,0.157,0.226,0.004,0.540,8.335,35.401
11039,4.888,1.750,18.550,0.138,0.225,0.003,0.522,8.277,34.291
11040,3.896,1.510,17.562,0.140,0.221,0.004,8.277,8.368,40.753
11041,4.317,1.639,19.501,0.141,0.238,0.003,0.515,8.460,34.744
11042,4.445,1.576,17.686,0.144,0.227,0.004,0.528,8.249,32.797
11043,4.330,1.819,17.416,0.139,0.223,0.004,0.542,8.329,32.750
11044,4.738,1.446,17.849,0.135,0.219,0.002,0.530,8.265,33.150
11045,5.005,1.619,17.631,0.133,0.219,0.003,8.592,8.323,44.390
11046,4.258,1.722,17.418,0.138,0.218,0.003,0.517,8.285,33.235
11047,5.114,1.725,20.021,0.139,0.222,0.003,8.306,8.240,44.407
11048,4.378,1.434,17.947,0.137,0.221,0.003,0.522,8.323,32.920
11049,5.037,1.623,20.028,0.143,0.228,0.003,9.118,8.317,45.074
11050,4.507,2.213,18.919,0.176,0.289,0.005,0.555,8.309,36.083
11051,4.411,1.642,19.234,0.162,0.226,0.003,0.537,8.327,34.533
11052,4.172,2.229,18.471,0.134,0.222,0.003,0.656,8.309,34.233
11053,4.938,1.599,18.511,0.134,0.221,0.003,0.554,8.801,34.785
11054,5.224,2.004,21.051,0.134,0.221,0.004,0.535,8.316,37.530
11055,4.416,1.573,22.241,0.143,0.223,0.003,0.525,8.494,37.629
11056,4.323,2.400,18.234,0.141,0.227,0.003,0.534,8.319,34.190
11057,4.739,1.690,19.306,0.135,0.247,0.005,0.516,8.383,35.013
11058,5.045,3.787,19.324,0.136,0.220,0.003,0.543,8.295,37.375
11059,4.393,2.256,24.883,0.141,0.218,0.004,0.524,8.360,40.798
11060,4.280,1.763,18.080,0.136,0.224,0.003,0.523,8.240,33.261
11061,5.305,1.633,18.090,0.138,0.240,0.003,0.521,8.435,35.077
11062,4.325,2.522,19.866,0.134,0.219,0.003,0.530,8.277,35.887
11063,4.343,2.025,20.730,0.141,0.226,0.003,0.574,8.615,36.831
11064,5.053,2.172,19.771,0.138,0.224,0.003,9.303,8.369,46.412
11065,4.437,2.132,19.082,0.136,0.223,0.003,10.403,8.515,45.653
11066,5.269,2.362,23.036,0.136,0.224,0.003,0.563,8.446,40.747
11067,4.593,2.051,21.907,0.144,0.220,0.003,0.549,8.304,37.760
11068,4.128,1.791,17.642,0.133,0.212,1.251,8.613,8.338,42.159
11069,4.183,2.410,31.861,0.135,0.209,0.003,0.613,11.410,51.603
11070,6.985,4.369,41.294,0.131,0.206,0.002,0.573,11.789,65.373
11071,9.340,3.614,60.778,0.135,0.205,0.003,0.624,9.916,84.695
11072,8.808,7.467,24.271,0.136,0.210,0.003,0.540,9.070,50.497
11073,5.046,2.446,28.318,0.133,0.212,0.003,0.604,9.060,45.878
11074,7.340,2.273,23.613,0.138,0.213,0.003,0.542,8.389,42.514
11075,6.829,3.023,37.393,0.140,0.221,0.003,0.562,8.565,56.750
11076,5.672,2.371,22.448,0.142,0.197,0.003,0.576,8.412,40.644
11077,8.338,2.361,18.158,0.135,0.203,0.003,0.517,8.448,38.203
11078,4.643,2.383,18.161,0.140,0.210,0.003,10.316,8.821,45.536
11079,5.561,2.627,22.240,0.131,0.194,0.003,0.604,8.626,40.030
11080,5.855,3.387,20.956,0.134,0.194,0.003,0.555,8.997,40.140
11081,5.297,2.409,21.600,0.133,0.241,3.742,0.559,8.446,38.691
11082,5.868,2.851,18.004,0.153,0.322,0.004,0.528,8.303,35.920
11083,6.217,3.203,24.690,0.156,0.243,0.004,0.571,8.772,43.840
11084,4.225,2.679,25.633,0.198,0.239,0.007,0.519,8.348,43.108
11085,4.852,2.577,18.530,0.143,0.229,0.003,0.567,8.656,35.576
11086,4.985,3.690,23.031,0.136,0.229,0.003,0.549,8.342,40.988
11087,4.352,2.533,22.162,0.142,0.227,0.003,0.538,8.526,39.830
11088,4.853,3.307,22.410,0.139,0.224,0.003,0.575,9.021,40.590
11089,5.153,2.340,18.362,0.140,0.227,0.003,0.527,8.465,35.207
11090,4.554,4.083,19.663,0.155,0.239,0.003,0.609,8.892,38.185
11091,5.819,6.642,24.463,0.136,0.238,0.003,0.551,8.511,46.360
11092,5.529,2.476,22.204,0.141,0.244,0.002,0.569,8.530,39.679
11093,4.263,2.304,18.520,0.144,0.236,0.003,0.542,8.429,35.057
11094,4.620,2.246,18.327,0.133,0.233,0.004,0.538,8.410,34.484
11095,4.603,3.041,24.783,0.137,0.230,0.003,0.536,8.774,42.091
11096,5.065,2.227,21.979,0.145,0.250,0.003,8.633,8.342,47.281
11097,5.232,2.662,18.323,0.137,0.230,0.738,0.564,8.548,35.681
11098,5.624,3.484,18.620,0.139,0.225,0.003,0.540,8.404,37.010
11099,5.021,3.397,33.578,0.141,0.216,0.003,10.109,8.489,61.699
11100,3.923,2.657,18.112,0.138,0.225,0.003,0.528,8.302,33.860
11101,4.809,2.563,20.829,0.134,0.217,0.003,0.546,8.378,37.464
11102,4.311,2.491,18.397,0.138,0.229,0.003,0.528,9.700,35.757
11103,5.357,2.378,21.166,0.136,0.228,0.003,0.541,8.555,38.329
11104,4.285,2.238,18.763,0.134,0.232,0.003,0.550,8.333,34.507
11105,5.266,2.413,18.983,0.135,0.223,0.003,0.526,8.486,36.008
11106,4.965,2.421,18.306,0.133,0.214,2.042,0.531,8.515,35.066
11107,4.598,2.234,21.527,0.147,0.204,0.003,0.547,8.254,37.502
11108,4.179,2.237,17.317,0.137,0.250,0.772,0.514,8.464,33.036
11109,4.599,2.860,17.717,0.138,0.190,0.002,0.526,8.321,34.355
11110,5.397,4.263,19.477,0.129,0.197,0.002,0.527,8.577,39.270
11111,4.629,2.528,18.675,0.126,0.196,0.002,0.541,8.870,35.600
11112,6.593,2.241,17.526,0.130,0.175,0.711,0.508,8.270,35.473
11113,4.611,2.815,17.406,0.137,0.201,0.719,0.513,8.261,33.950
11114,4.390,2.877,21.363,0.131,0.237,0.771,0.661,8.499,38.162
11115,4.273,7.177,22.022,0.136,0.232,0.003,0.578,9.464,43.920
11116,6.035,7.949,21.542,0.132,0.240,0.003,0.561,8.351,44.801
11117,5.608,2.618,18.133,0.133,0.231,0.003,0.541,8.362,35.614
11118,5.328,5.663,22.538,0.130,0.235,0.003,0.567,8.743,43.205
11119,6.928,2.542,22.621,0.132,0.205,0.878,0.547,8.703,41.694
11120,4.679,2.483,18.793,0.131,0.204,0.716,0.534,8.269,35.109
11121,4.744,2.398,17.934,0.130,0.203,0.003,0.525,8.259,34.214
11122,4.696,2.290,19.290,0.137,0.237,1.118,0.558,8.420,35.617
11123,4.541,4.493,28.504,0.136,0.234,0.003,11.815,9.855,60.829
11124,5.337,2.050,20.296,0.143,0.228,0.003,0.550,8.276,38.540
11125,4.604,2.294,18.498,0.136,0.219,0.003,0.545,8.458,34.798
11126,5.642,2.427,18.663,0.135,0.224,0.003,0.560,8.461,36.133
11127,5.148,2.182,23.040,0.139,0.229,1.651,0.524,8.421,39.680
11128,4.147,2.159,17.207,0.138,0.208,2.149,0.531,8.322,32.720
11129,4.600,2.053,17.327,0.139,0.197,0.003,0.534,8.276,33.148
11130,5.044,3.613,17.674,0.137,0.195,0.002,0.520,8.354,35.564
11131,5.408,2.132,18.344,0.139,0.194,0.003,0.558,8.285,35.087
11132,4.281,1.998,17.719,0.138,0.192,0.003,0.534,8.250,33.140
11133,4.630,1.994,17.443,0.134,0.189,0.003,0.524,8.396,33.344
11134,4.510,2.051,17.792,0.133,0.197,0.003,0.528,8.379,33.633
11135,4.446,1.996,22.784,0.134,0.206,0.705,0.525,8.143,38.249
11136,4.218,1.886,17.454,0.143,0.209,0.003,0.547,8.238,32.699
11137,4.310,1.987,17.463,0.145,0.212,0.003,0.525,8.348,33.009
11138,4.923,4.707,17.562,0.149,0.202,0.003,0.514,8.268,36.335
11139,5.881,1.580,19.366,0.136,0.208,0.003,0.541,8.381,36.121
11140,4.149,1.569,17.309,0.139,0.206,0.003,0.527,8.310,32.219
11141,4.676,1.501,17.777,0.138,0.209,0.003,0.507,8.280,33.090
11142,4.920,1.685,19.563,0.140,0.211,0.003,0.551,8.321,35.401
11143,4.953,1.575,21.851,0.139,0.196,0.739,0.538,8.233,37.498
11144,4.302,1.483,18.068,0.139,0.194,0.003,0.540,8.313,33.054
11145,4.759,1.553,18.601,0.138,0.188,0.003,0.512,8.284,34.062
11146,4.269,1.515,17.649,0.138,0.191,0.003,0.527,8.411,32.721
11147,4.837,1.527,21.201,0.149,0.196,0.004,0.526,8.816,37.260
11148,5.502,1.563,20.416,0.138,0.205,0.716,0.515,8.555,36.899
11149,4.229,1.531,18.337,0.136,0.210,0.003,0.516,8.368,33.323
11150,4.639,4.279,17.731,0.136,0.210,0.003,0.524,8.308,35.828
11151,4.541,1.557,19.498,0.139,0.215,0.003,0.544,8.392,34.949
11152,4.137,1.481,17.577,0.138,0.198,0.714,0.538,14.068,38.152
11153,4.768,1.982,17.311,0.147,0.193,0.003,0.512,8.221,33.150
11154,5.143,1.593,17.205,0.138,0.192,0.003,0.504,8.318,33.117
11155,4.492,1.553,17.597,0.134,0.193,0.003,0.578,8.963,33.575
11156,4.179,1.504,17.574,0.132,0.194,0.003,0.518,8.350,32.490
11157,4.613,1.510,17.457,0.137,0.188,0.004,0.521,8.312,32.774
11158,4.383,3.122,18.101,0.136,0.192,0.003,0.530,8.242,34.731
11159,4.841,1.592,21.114,0.139,0.189,0.003,0.554,8.348,36.802
11160,3.949,1.623,17.247,0.134,0.200,0.003,0.562,8.232,31.971
11161,4.890,1.635,18.114,0.134,0.217,0.938,0.571,8.275,33.859
11162,4.384,1.478,17.319,0.135,0.208,0.003,0.507,8.281,32.319
11163,5.050,1.505,17.742,0.134,0.205,0.007,0.527,8.330,33.506
11164,4.562,1.707,17.400,0.136,0.204,0.003,0.518,8.234,32.768
11165,4.796,1.486,17.506,0.137,0.217,0.003,0.517,8.202,32.863
11166,5.081,1.746,17.368,0.133,0.203,0.003,0.521,8.216,33.279
11167,4.323,4.741,18.628,0.133,0.206,0.003,0.497,8.196,36.723
11168,4.982,1.474,17.471,0.135,0.212,0.003,0.516,8.300,33.089
11169,4.845,1.553,17.347,0.137,0.228,0.003,0.526,8.494,33.117
11170,4.605,1.519,17.448,0.137,0.208,0.003,0.544,8.274,32.763
11171,4.329,1.523,20.907,0.136,0.213,0.003,0.536,8.448,36.128
11172,4.156,1.467,17.205,0.145,0.213,0.004,0.487,8.213,31.885
11173,4.410,1.567,17.465,0.139,0.212,0.003,0.551,9.099,33.457
11174,7.447,1.648,36.100,0.133,0.228,0.003,0.711,8.635,54.927
11175,5.851,2.217,21.683,0.138,0.205,0.003,0.537,8.260,38.946
11176,4.569,1.539,19.811,0.135,0.213,0.864,0.533,8.474,35.302
11177,5.174,1.503,24.855,0.130,0.213,0.003,0.572,8.721,41.196
11178,7.779,5.390,23.613,0.141,0.217,0.003,0.622,8.540,46.334
11179,5.640,1.700,32.646,0.133,0.219,0.003,0.538,8.804,49.696
11180,5.080,1.524,19.212,0.131,0.220,0.003,0.552,9.054,35.790
11181,4.370,1.994,20.152,0.133,0.207,0.003,0.555,8.480,35.935
11182,4.524,1.745,20.136,0.132,0.210,0.003,1.194,8.464,36.440
11183,4.850,1.715,25.117,0.135,0.216,0.003,0.603,8.504,41.154
11184,4.199,1.743,17.962,0.138,0.214,0.003,0.524,8.221,33.006
11185,4.790,2.261,18.239,0.134,0.217,0.003,0.536,8.364,34.545
11186,4.443,2.061,17.956,0.138,0.211,0.003,0.557,8.415,33.792
11187,5.436,1.542,19.997,0.133,0.210,0.004,0.531,8.252,36.123
11188,4.481,1.622,18.770,0.146,0.212,0.004,0.557,8.467,34.259
11189,5.594,1.800,18.675,0.137,0.216,0.003,0.544,8.413,35.400
11190,4.416,3.047,19.258,0.136,0.222,0.003,0.672,8.347,36.211
11191,6.195,1.535,19.565,0.133,0.220,0.003,0.522,8.294,36.504
11192,5.879,2.054,18.537,0.138,0.220,0.002,0.534,8.495,35.860
11193,5.040,1.591,18.336,0.145,0.222,0.003,0.566,8.459,34.352
11194,4.494,1.578,18.163,0.131,0.231,0.003,0.546,8.237,33.378
11195,4.769,2.153,24.257,0.137,0.218,0.003,0.546,8.383,40.477
11196,4.624,2.089,22.610,0.166,0.224,0.003,0.570,8.558,38.823
11197,5.285,1.871,19.762,0.140,0.222,0.003,0.577,8.365,36.248
11198,4.527,2.466,20.344,0.132,0.221,0.003,0.535,8.584,36.815
11199,5.437,2.371,22.110,0.139,0.216,0.003,0.560,8.477,39.319
11200,4.782,1.964,18.286,0.142,0.218,0.003,0.541,8.371,34.307
11201,4.678,2.312,19.057,0.130,0.213,0.003,0.549,8.625,35.605
11202,4.919,3.089,18.852,0.133,0.219,0.003,0.549,8.412,36.180
11203,5.269,1.971,26.658,0.134,0.218,0.003,0.549,8.473,43.291
11204,4.395,2.554,18.522,0.133,0.217,0.003,0.531,8.336,34.705
11205,4.659,2.110,17.699,0.142,0.215,0.003,0.530,8.232,33.594
11206,4.785,2.015,17.444,0.130,0.214,0.002,0.532,8.240,33.379
11207,5.196,2.294,20.389,0.136,0.219,0.003,0.538,8.818,37.605
11208,5.070,2.211,19.368,0.136,0.221,0.003,10.260,8.289,46.794
11209,5.087,2.169,17.758,0.132,0.225,0.002,0.526,8.279,34.168
11210,4.358,2.359,17.935,0.134,0.221,0.003,0.519,8.401,33.912
11211,4.560,3.474,18.248,0.142,0.225,0.005,0.535,8.171,35.332
11212,4.279,2.189,19.086,0.134,0.216,0.003,0.516,10.275,36.695
11213,4.931,2.280,17.414,0.131,0.211,0.003,0.517,8.290,33.781
11214,4.962,5.435,17.284,0.142,0.223,0.003,0.547,8.257,36.839
11215,4.320,2.258,19.149,0.140,0.220,0.003,0.558,8.733,35.383
11216,4.692,2.638,20.260,0.132,0.222,0.003,0.543,8.468,36.944
11217,5.300,2.803,17.868,0.141,0.239,0.003,0.506,8.374,35.193
11218,5.178,5.468,23.056,0.132,0.220,0.003,0.534,9.096,43.686
11219,4.498,17.444,17.516,0.142,0.224,0.004,0.526,8.273,48.587
11220,3.838,2.286,16.922,0.150,0.226,0.004,0.514,8.211,32.103
11221,4.267,2.342,19.288,0.133,0.219,0.003,0.592,8.930,39.537
11222,4.902,4.701,22.564,0.138,0.221,0.003,0.532,8.775,41.953
11223,4.820,4.127,19.352,0.133,0.220,0.004,0.542,8.397,37.641
11224,4.451,2.518,18.363,0.140,0.222,0.003,0.519,8.432,34.727
11225,4.645,2.505,18.854,0.190,0.232,0.004,0.516,8.358,35.254
11226,4.302,2.280,17.739,0.154,0.226,0.004,0.522,8.217,33.429
11227,4.840,2.281,17.689,0.222,0.219,0.003,0.532,8.370,34.086
11228,6.231,2.326,18.615,0.145,0.223,0.003,0.526,8.593,36.658
11229,4.355,2.322,18.188,0.148,0.223,0.004,0.530,8.309,34.075
11230,4.500,2.154,17.323,0.133,0.223,0.003,0.527,8.261,33.162
11231,4.620,5.162,17.349,0.207,0.225,0.005,0.529,8.347,36.386
11232,4.699,2.228,17.982,0.142,0.228,0.003,0.542,8.226,34.066
11233,4.603,1.875,17.808,0.135,0.224,0.003,0.490,8.394,33.552
11234,4.873,2.116,17.269,0.152,0.228,0.004,0.493,8.267,33.389
11235,4.647,2.023,17.642,0.139,0.224,0.003,0.505,8.385,33.573
11236,4.746,3.078,21.438,0.133,0.220,0.003,0.546,9.134,39.341
11237,5.182,2.081,17.620,0.138,0.226,0.003,0.519,8.394,34.902
11238,4.674,2.169,17.879,0.157,0.233,0.004,0.534,8.276,33.901
11239,4.706,2.006,17.618,0.152,0.225,0.003,0.510,8.336,33.535
11240,5.250,1.803,23.035,0.137,0.226,0.003,0.524,8.335,39.315
11241,4.650,2.437,18.050,0.141,0.226,0.004,0.519,8.302,34.313
11242,4.369,1.822,17.499,0.146,0.216,0.003,0.538,8.346,32.945
11243,4.648,1.943,17.813,0.141,0.223,0.003,0.516,8.274,33.563
11244,4.588,2.050,17.737,0.144,0.227,0.003,0.517,8.250,33.512
11245,5.104,2.314,19.916,0.136,0.222,0.003,0.536,8.620,36.852
11246,4.446,1.836,18.181,0.142,0.228,0.004,0.523,8.248,35.625
11247,4.381,2.014,19.325,0.136,0.230,0.003,0.587,8.452,35.113
11248,5.633,5.053,19.876,0.138,0.220,0.003,9.935,8.480,50.136
11249,4.918,1.596,18.308,0.134,0.225,0.003,0.503,8.248,33.904
11250,4.278,2.114,17.331,0.138,0.227,0.003,0.525,8.269,32.847
11251,4.664,1.773,17.477,0.134,0.223,0.003,0.504,8.261,33.004
11252,4.721,1.949,23.223,0.136,0.223,0.003,10.207,8.327,49.444
11253,4.205,1.499,18.283,0.131,0.218,0.003,9.121,8.392,42.559
11254,4.604,1.868,18.035,0.135,0.222,0.002,0.545,8.353,34.544
11255,4.792,1.671,18.112,0.136,0.225,0.003,0.527,8.248,33.723
11256,4.736,1.570,18.197,0.135,0.223,0.003,0.530,8.279,33.688
11257,4.753,1.538,18.435,0.137,0.225,0.005,0.530,8.201,33.825
11258,4.199,1.664,17.171,0.133,0.225,0.003,0.543,8.290,32.236
11259,4.674,1.485,17.340,0.139,0.221,0.003,9.328,8.270,42.313
11260,4.779,3.403,18.559,0.137,0.221,0.003,0.517,8.286,36.596
11261,4.449,1.569,19.098,0.145,0.234,0.003,0.503,8.190,34.145
11262,4.208,1.510,17.256,0.143,0.220,0.003,8.411,8.258,41.135
11263,4.653,1.474,17.766,0.137,0.220,0.003,0.520,7.622,32.408
11264,4.878,1.509,18.660,0.138,0.216,0.003,0.509,8.272,34.203
11265,4.176,1.525,18.053,0.158,0.222,0.003,0.509,8.440,33.061
11266,4.283,1.912,17.190,0.129,0.214,0.002,0.478,8.281,32.508
11267,4.644,1.463,17.467,0.135,0.216,0.003,9.221,8.333,43.149
11268,4.778,1.571,19.234,0.141,0.233,0.003,9.039,8.558,45.676
11269,4.791,3.194,20.683,0.132,0.225,0.003,0.531,8.458,37.997
11270,4.728,1.442,18.296,0.139,0.218,0.003,0.519,8.265,33.586
11271,5.294,1.697,18.095,0.139,0.225,0.003,0.540,8.472,34.436
11272,5.513,1.539,19.698,0.134,0.219,0.003,0.523,9.544,37.151
11273,4.768,1.566,21.658,0.132,0.213,0.003,0.525,8.242,37.086
11274,4.236,1.508,17.557,0.134,0.226,0.003,0.512,8.432,32.578
11275,4.657,1.609,17.726,0.133,0.225,0.003,8.965,8.472,42.474
11276,4.805,1.558,22.233,0.130,0.226,0.003,0.514,8.401,37.867
11277,4.323,1.561,17.509,0.133,0.225,0.002,0.542,8.340,32.636
11278,4.187,1.402,17.532,0.132,0.219,0.003,0.523,8.346,32.347
11279,4.844,1.478,17.628,0.133,0.222,0.003,0.518,8.283,33.100
11280,4.585,2.873,18.103,0.134,0.219,0.003,0.522,8.388,34.820
11281,5.364,1.769,19.423,0.141,0.215,0.003,0.513,8.293,35.713
11282,4.161,1.416,17.199,0.136,0.219,0.003,0.514,8.215,31.861
11283,4.564,1.403,17.546,0.131,0.215,0.003,0.545,8.231,33.364
11284,4.745,1.467,18.338,0.138,0.220,0.003,0.552,8.339,33.779
11285,5.220,1.524,19.525,0.134,0.213,0.003,0.518,8.317,35.435
11286,5.001,1.684,17.340,0.137,0.219,0.003,0.529,8.223,33.108
11287,4.758,1.727,19.471,0.133,0.219,0.003,0.606,8.317,35.229
11288,5.052,3.549,21.934,0.139,0.221,0.003,0.532,8.261,40.388
11289,5.324,1.476,19.460,0.131,0.209,0.003,0.536,8.548,35.694
11290,4.186,2.601,17.590,0.128,0.213,0.003,0.495,8.224,33.447
11291,4.787,1.483,17.926,0.138,0.218,0.003,0.517,8.275,33.347
11292,5.163,1.937,18.792,0.135,0.218,0.003,0.521,8.332,35.794
11293,4.751,1.517,21.602,0.135,0.210,0.003,0.539,8.521,37.273
11294,4.309,1.466,17.557,0.132,0.214,0.002,0.511,8.173,32.351
11295,4.650,1.465,17.434,0.147,0.217,0.005,0.502,8.273,32.656
11296,4.487,1.474,19.842,0.136,0.216,0.002,0.506,8.247,34.886
11297,4.341,1.488,21.751,0.131,0.208,0.003,0.522,8.482,36.914
11298,4.259,1.461,17.364,0.130,0.215,0.003,0.526,8.351,32.293
11299,4.650,1.691,17.231,0.142,0.219,0.002,0.540,8.187,32.631
11300,5.026,2.433,21.153,0.135,0.218,0.003,0.536,8.299,37.784
11301,4.698,1.580,17.989,0.178,0.207,0.003,0.528,8.408,34.492
11302,4.285,1.421,17.253,0.131,0.215,0.003,0.506,8.239,32.052
11303,4.538,1.514,17.542,0.141,0.174,0.002,0.515,8.288,32.746
11304,5.601,1.746,17.549,0.129,0.178,0.003,0.514,8.227,33.980
11305,4.956,1.928,19.025,0.123,0.170,0.002,0.517,8.329,35.113
11306,4.207,1.651,17.266,0.130,0.179,0.002,0.513,8.331,32.307
11307,4.561,1.463,17.823,0.177,0.182,0.004,0.507,8.363,33.059
11308,5.216,3.070,21.521,0.136,0.187,0.003,0.531,8.578,39.268
11309,4.840,1.916,19.847,0.138,0.180,0.003,0.571,8.455,35.998
11310,4.511,1.583,17.677,0.135,0.176,0.002,0.542,8.346,33.008
11311,4.606,1.500,17.931,0.133,0.174,0.002,0.506,8.255,33.151
11312,11.045,1.559,19.206,0.150,0.177,0.003,0.523,8.363,41.058
11313,5.005,1.746,20.199,0.135,0.178,0.002,0.550,8.486,36.340
11314,4.282,1.579,17.427,0.130,0.183,0.002,0.538,8.342,32.533
11315,4.785,1.635,17.382,0.138,0.177,0.002,0.534,8.367,33.049
11316,4.799,1.593,23.279,0.130,0.171,0.003,0.508,8.393,39.785
11317,4.459,1.689,18.939,0.131,0.176,0.002,0.509,8.205,34.149
11318,4.616,1.779,17.450,0.131,0.173,0.002,0.541,8.224,32.972
11319,5.075,1.627,17.654,0.128,0.177,0.002,0.526,8.260,33.497
11320,4.997,3.842,19.398,0.145,0.185,0.003,0.536,8.475,37.604
11321,4.757,1.684,18.284,0.134,0.173,0.002,0.509,8.244,33.822
11322,4.580,1.559,17.204,0.129,0.180,0.002,0.478,8.228,32.395
11323,4.647,1.659,17.300,0.131,0.179,0.002,0.522,8.223,32.707
11324,5.008,1.677,20.702,0.133,0.181,0.002,0.525,8.359,36.626
11325,4.432,1.665,20.363,0.137,0.177,0.003,0.527,8.290,35.632
11326,5.017,1.958,18.444,0.130,0.173,0.002,0.533,8.314,34.619
11327,4.760,1.672,18.445,0.134,0.173,0.002,0.549,8.319,34.093
11328,4.842,3.225,18.966,0.134,0.178,0.002,0.578,8.315,36.289
11329,4.355,1.589,21.503,0.131,0.179,0.003,0.531,8.786,37.121
11330,6.331,1.735,21.182,0.127,0.167,0.002,0.525,8.339,38.475
11331,4.669,1.709,18.537,0.140,0.178,0.002,0.529,8.301,34.103
11332,5.327,1.678,23.528,0.139,0.178,0.002,0.531,9.557,40.983
11333,5.554,1.706,21.202,0.130,0.172,0.002,0.540,8.263,37.637
11334,4.918,1.743,17.360,0.129,0.171,0.003,0.502,8.271,33.160
11335,5.574,1.605,17.926,0.136,0.190,2.156,0.527,8.440,34.433
11336,5.651,2.179,20.267,0.130,0.189,0.003,0.531,8.266,37.290
11337,5.195,1.769,21.579,0.134,0.192,0.003,0.525,8.360,37.795
11338,4.395,2.766,17.657,0.130,0.192,0.003,0.525,7.951,33.651
11339,4.807,1.634,18.018,0.131,0.192,0.003,0.526,8.269,33.614
11340,4.702,1.693,17.489,0.131,0.195,0.003,0.492,8.418,33.158
11341,6.580,1.833,28.229,0.130,0.198,0.003,0.514,8.146,45.650
11342,4.580,2.866,17.266,0.134,0.191,0.003,0.536,8.237,33.842
11343,4.876,1.623,17.573,0.147,0.183,28.226,0.525,8.387,33.340
11344,4.864,1.638,17.328,0.145,0.179,0.003,0.519,8.721,33.425
11345,4.678,1.988,18.272,0.134,0.182,0.003,0.499,8.814,34.612
11346,4.175,1.869,17.184,0.136,0.180,0.002,0.497,8.260,32.332
11347,4.722,1.679,17.292,0.137,0.179,0.003,0.529,8.349,32.929
11348,4.365,3.801,23.073,0.180,0.196,0.003,0.541,8.314,40.454
11349,4.291,1.983,18.042,0.137,0.180,0.002,0.525,8.226,33.428
11350,4.298,1.847,17.232,0.141,0.185,0.002,0.509,8.600,32.844
11351,5.212,2.525,18.805,0.143,0.181,0.003,0.527,8.332,35.773
11352,6.173,1.764,23.898,0.132,0.169,0.002,0.536,8.402,41.126
11353,4.853,2.116,23.336,0.134,0.176,0.002,0.506,8.466,39.623
11354,4.483,1.729,17.783,0.131,0.170,0.002,0.539,8.412,33.315
11355,4.768,2.189,17.497,0.148,0.176,0.004,0.562,8.354,33.734
11356,5.255,2.252,24.376,0.132,0.176,0.002,0.504,8.364,41.109
11357,4.998,2.274,18.269,0.137,0.183,0.002,0.538,8.270,34.734
11358,4.715,1.791,17.263,0.130,0.174,0.002,0.514,8.206,32.844
11359,5.325,3.442,18.049,0.137,0.175,0.003,0.556,9.252,36.995
11360,5.886,3.760,21.743,0.133,0.177,0.002,0.665,9.251,41.689
11361,5.284,2.170,19.477,0.134,0.177,0.002,0.516,8.362,36.165
11362,4.495,1.639,17.760,0.137,0.177,0.002,0.532,8.308,33.098
11363,5.053,2.581,18.404,0.143,0.177,0.003,0.512,8.374,35.281
11364,5.408,1.797,21.865,0.146,0.175,0.003,0.535,8.579,38.549
11365,9.077,4.747,36.938,0.150,0.178,0.003,0.721,10.049,61.960
11366,4.985,2.339,23.074,0.150,0.179,0.004,0.605,8.386,39.774
11367,5.469,2.679,21.120,0.140,0.315,0.003,0.559,8.704,38.976
11368,5.027,4.996,23.708,0.136,0.176,0.002,0.565,8.567,43.236
11369,6.274,2.472,34.146,0.135,0.177,0.002,0.576,10.226,54.072
11370,5.064,2.442,18.467,0.150,0.196,0.003,0.522,8.341,35.197
11371,6.139,2.209,19.111,0.135,0.174,0.003,0.619,8.733,37.249
11372,11.910,7.483,26.667,0.131,0.173,0.002,0.558,9.964,56.956
11373,5.643,3.195,26.897,0.145,0.178,0.003,0.542,8.442,45.084
11374,4.833,2.493,19.282,0.146,0.176,0.003,0.620,8.526,36.140
11375,4.764,2.867,19.824,0.138,0.174,0.002,0.573,8.262,36.658
11376,6.612,5.798,20.691,0.132,0.174,0.002,0.541,8.422,42.421
11377,5.333,2.334,28.675,0.137,0.177,0.003,0.537,8.775,46.022
11378,4.607,2.160,20.116,0.151,0.176,0.002,1.240,8.323,36.841
11379,4.425,3.377,21.254,0.142,0.179,0.003,0.518,8.478,38.433
11380,4.550,3.201,21.355,,,,0.534,8.362,38.370
11381,4.680,2.370,20.871,,,,0.536,8.325,37.154
11382,4.224,2.003,18.930,,,,0.530,8.198,34.251
11383,5.108,2.260,17.598,,,,0.536,8.366,34.237
11384,6.224,2.616,24.581,,,,0.553,8.288,42.637
11385,4.353,2.584,17.652,,,,0.526,8.485,33.961
11386,4.238,2.637,18.509,,,,0.558,8.962,35.280
11387,18.957,2.805,21.470,,,,0.529,8.413,52.543
11388,4.720,2.860,19.382,,,,0.528,8.405,36.257
11389,4.608,3.675,18.259,,,,0.537,8.673,36.116
11390,4.736,2.306,20.326,,,,0.512,8.344,36.593
11391,4.905,2.257,17.595,,,,0.529,8.283,33.930
11392,5.234,2.209,21.699,,,,0.524,8.212,38.241
11393,4.591,2.279,18.002,,,,0.521,7.522,33.268
11394,4.174,2.222,17.136,,,,0.519,8.257,32.669
11395,5.056,4.833,17.621,,,,0.509,8.353,36.738
11396,4.934,2.027,18.303,,,,0.528,8.343,34.497
11397,4.749,2.300,19.385,,,,0.524,8.512,35.838
11398,4.251,2.116,17.251,,,,0.530,8.236,32.744
11399,4.612,2.457,17.431,,,,0.560,8.284,33.707
11400,4.798,4.689,17.412,,,,0.533,8.412,36.205
11401,4.859,2.481,20.198,,,,0.526,8.259,36.705
11402,4.486,2.249,17.320,,,,0.512,8.300,33.234
11403,5.339,2.388,17.230,,,,0.509,8.423,34.251
11404,20.177,2.973,20.824,,,,0.528,8.242,53.103
11405,4.534,2.491,19.688,,,,0.530,8.270,35.896
11406,4.495,2.520,17.160,,,,0.503,8.297,33.322
11407,4.701,2.625,17.605,,,,0.525,8.227,34.037
11408,4.530,2.347,19.206,,,,0.543,8.408,35.413
11409,4.766,2.385,18.006,,,,0.498,8.283,34.300
11410,4.385,2.226,17.309,,,,0.595,8.315,33.190
11411,4.662,2.371,17.792,,,,0.538,8.260,33.992
11412,5.102,3.136,19.085,,,,0.510,8.480,36.671
11413,6.196,2.505,20.190,,,,0.518,8.207,37.966
11414,4.638,2.163,17.639,,,,0.524,8.252,33.579
11415,4.804,2.418,17.527,,,,0.518,8.265,33.894
11416,4.588,1.956,19.336,,,,0.504,8.248,34.991
11417,4.871,2.156,17.732,,,,0.525,8.202,33.846
11418,4.400,2.339,17.403,,,,0.513,8.296,33.306
11419,5.086,1.983,17.397,,,,0.515,8.192,33.531
11420,4.971,1.987,20.740,,,,0.524,8.211,36.789
11421,4.707,1.884,17.643,,,,0.516,8.169,33.278
11422,4.630,1.736,17.250,,,,0.532,8.311,32.818
11423,5.491,1.817,17.505,,,,0.499,8.329,33.990
11424,4.828,3.863,18.001,,,,0.525,8.249,35.827
11425,5.647,1.816,17.665,,,,0.505,8.223,34.206
11426,4.424,1.939,17.255,,,,0.526,8.230,32.733
11427,5.116,1.580,17.494,,,,0.507,8.240,33.292
11428,4.850,2.174,19.701,,,,0.550,8.286,35.927
11429,4.967,1.556,17.859,,,,0.509,8.217,33.452
11430,4.692,1.481,17.261,,,,0.488,8.227,32.494
11431,5.959,1.465,17.382,,,,0.587,8.273,34.026
11432,4.711,1.515,21.743,,,,0.536,8.393,37.255
11433,4.542,1.530,18.994,,,,0.539,8.248,34.202
11434,4.385,1.409,17.293,,,,0.481,8.265,32.182
11435,4.601,1.433,17.423,,,,0.595,8.224,32.645
11436,4.532,3.117,17.474,,,,0.510,8.252,34.239
11437,4.713,1.534,18.167,,,,0.495,8.122,33.373
11438,4.170,1.413,17.186,,,,0.509,8.181,31.808
11439,5.060,1.442,17.409,,,,0.548,8.283,33.106
11440,5.136,1.492,20.310,,,,0.527,8.285,36.109
11441,4.658,1.516,17.236,,,,0.478,8.311,32.588
11442,4.280,1.380,17.241,,,,0.512,8.210,31.973
11443,4.637,1.445,17.281,,,,0.502,8.250,32.432
11444,4.894,1.514,22.455,,,,0.511,8.305,37.989
11445,4.482,1.480,17.567,,,,0.458,8.152,32.434
11446,4.235,1.384,17.226,,,,0.510,8.193,31.859
11447,4.628,1.518,29.515,,,,0.653,8.456,45.135
11448,4.841,3.510,24.532,,,,0.568,8.395,42.174
11449,6.687,1.602,28.097,,,,0.532,8.684,45.925
11450,5.198,1.685,23.527,,,,0.546,8.421,39.691
11451,4.375,1.829,18.576,,,,0.510,8.344,33.945
11452,4.578,2.089,21.759,,,,0.572,8.415,37.744
11453,5.105,1.735,18.389,,,,0.529,8.133,34.208
11454,4.610,1.490,17.785,,,,0.534,8.248,32.984
11455,4.737,1.439,17.482,,,,0.560,8.268,32.804
11456,4.635,1.508,17.345,,,,0.504,8.309,32.606
11457,4.334,1.483,17.692,,,,0.528,8.254,32.600
11458,4.271,1.429,17.146,,,,0.527,8.246,31.925
11459,4.688,1.468,17.412,,,,0.509,8.250,32.635
11460,4.326,2.337,17.437,,,,0.517,8.261,33.210
11461,4.820,1.490,20.882,,,,0.516,8.242,36.261
11462,4.907,1.421,17.281,,,,0.518,8.229,32.668
11463,4.741,1.561,17.458,,,,0.515,8.460,33.049
11464,4.552,1.705,19.209,,,,0.537,8.249,34.569
11465,4.465,1.519,19.707,,,,0.522,8.230,34.761
11466,4.179,1.422,18.499,,,,0.509,8.320,33.236
11467,5.043,1.527,18.458,,,,0.519,8.729,34.586
11468,6.115,1.498,21.429,,,,0.517,8.226,38.100
11469,6.791,5.922,17.997,,,,0.520,8.276,39.819
11470,4.311,1.683,16.982,,,,0.458,8.279,32.009
11471,4.210,1.679,19.038,,,,0.514,8.248,34.011
11472,4.926,5.155,19.434,,,,0.513,8.272,38.620
11473,5.021,1.518,17.352,,,,0.518,8.233,32.947
11474,4.206,1.671,16.777,,,,0.479,8.482,31.918
11475,4.257,1.550,17.818,,,,0.491,8.330,34.929
11476,4.369,1.497,17.761,,,,0.544,8.293,32.788
11477,5.553,1.709,18.309,,,,0.530,8.306,34.739
11478,5.307,3.540,18.814,,,,0.527,8.344,36.859
11479,4.320,1.654,18.347,,,,0.513,8.226,33.387
11480,4.607,1.625,24.090,,,,0.539,8.555,39.748
11481,4.848,3.851,21.927,,,,0.554,8.593,40.106
11482,6.751,3.499,20.169,,,,0.546,8.673,39.967
11483,4.839,2.687,21.268,,,,0.570,8.366,66.287
11484,7.935,2.104,18.403,,,,0.529,8.291,37.591
11485,4.589,2.057,20.695,,,,0.566,8.321,36.548
11486,5.417,2.473,17.510,,,,0.531,9.166,35.417
11487,4.322,2.104,18.929,,,,0.537,8.354,34.567
11488,4.272,1.960,19.934,,,,0.693,8.497,35.737
11489,4.389,2.115,21.957,,,,0.531,8.502,37.815
11490,6.132,2.397,18.760,,,,0.602,8.383,36.603
11491,4.429,2.218,20.786,,,,0.553,8.391,36.705
11492,4.333,2.574,25.033,,,,0.530,8.338,41.113
11493,4.259,2.231,18.173,,,,0.536,8.447,33.959
11494,4.538,2.548,17.287,,,,0.517,8.558,33.751
11495,6.328,8.564,26.255,,,,0.541,8.585,50.602
11496,6.235,2.884,21.792,,,,0.534,8.310,40.066
11497,5.996,2.440,23.947,,,,0.529,8.436,41.671
11498,4.963,2.440,18.572,,,,0.521,8.400,35.205
11499,4.542,6.210,20.208,,,,0.536,8.291,40.103
11500,4.338,2.300,19.061,,,,0.529,8.316,34.856
11501,4.826,2.790,23.081,,,,0.522,8.353,39.887
11502,5.508,2.419,21.574,,,,0.647,9.272,39.738
11503,4.740,2.491,26.269,,,,0.531,8.572,42.926
11504,5.189,2.497,20.946,,,,0.582,8.721,38.260
11505,4.699,2.366,19.597,,,,0.578,9.361,36.933
11506,5.845,3.176,44.229,,,,0.665,8.559,62.810
11507,4.348,3.778,21.837,,,,0.583,9.145,40.150
11508,6.722,2.330,31.663,,,,0.526,9.393,50.950
11509,5.587,2.409,19.876,,,,0.527,8.414,37.128
11510,5.229,3.859,22.281,,,,0.566,8.336,40.620
11511,4.416,2.654,18.777,,,,0.518,8.523,35.202
11512,3.962,2.122,17.682,,,,0.523,8.291,32.888
11513,4.495,2.414,25.946,,,,0.540,8.284,42.006
11514,4.362,2.824,21.593,,,,0.585,9.415,39.106
11515,5.894,2.733,24.886,,,,0.535,8.483,42.846
11516,4.319,2.232,17.452,,,,0.519,8.494,33.326
11517,4.545,2.678,22.638,,,,0.550,8.808,39.538
11518,5.731,4.869,18.199,,,,0.564,8.291,37.985
11519,4.457,2.264,18.347,,,,0.593,8.695,34.682
